shrid2,connected_villages,num_connected_villages,connected_populations,Town-Connected
11-24-468-03722-506432,"['11-24-468-03722-506435', '11-24-468-03722-506436', '11-24-468-03722-506433', '11-24-468-03722-506453']",4,,
11-24-468-03722-506433,"['11-24-468-03722-506435', '11-24-468-03722-506432', '11-24-468-03722-506436', '11-24-468-03722-506453']",4,,
11-24-468-03722-506434,"['11-24-468-03722-506435', '11-24-468-03722-506453']",2,,
11-24-468-03722-506435,"['11-24-468-03722-506432', '11-24-468-03722-506436', '11-24-468-03722-506434', '11-24-468-03722-506453', '11-24-468-03722-506433']",5,,
11-24-468-03722-506436,"['11-24-468-03722-506435', '11-24-468-03722-506432', '11-24-468-03722-506433', '11-24-468-03722-506453']",4,,
11-24-468-03722-506448,"['11-24-468-03722-506467', '11-24-468-03722-506480', '11-24-468-03722-506460']",3,,
11-24-468-03722-506453,"['11-24-468-03722-506435', '11-24-468-03722-506432', '11-24-468-03722-506436', '11-24-468-03722-506434', '11-24-468-03722-506433']",5,,
11-24-468-03722-506460,"['11-24-468-03722-506467', '11-24-468-03722-506448', '11-24-468-03722-506480']",3,,
11-24-468-03722-506467,"['11-24-468-03722-506448', '11-24-468-03722-506480', '11-24-468-03722-506460']",3,,
11-24-468-03722-506468,"['11-24-468-03722-506479', '11-24-468-03722-506469', '11-24-468-03722-506491']",3,,
11-24-468-03722-506469,"['11-24-468-03722-506468', '11-24-468-03722-506479', '11-24-468-03722-506491']",3,,
11-24-468-03722-506470,"['11-24-468-03727-506925', '11-24-468-03727-506926', '11-24-468-03722-506471', '11-24-468-03722-506476']",4,,
11-24-468-03722-506471,"['11-24-468-03727-506925', '11-24-468-03722-506470', '11-24-468-03727-506926', '11-24-468-03722-506476']",4,,
11-24-468-03722-506474,"['11-24-468-03722-506475', '11-24-468-03722-506476']",2,,
11-24-468-03722-506475,"['11-24-468-03722-506474', '11-24-468-03722-506476']",2,,
11-24-468-03722-506476,"['11-24-468-03727-506925', '11-24-468-03727-506926', '11-24-468-03722-506474', '11-24-468-03722-506475', '11-24-468-03722-506471', '11-24-468-03722-506470']",6,"['445.0', '793.0', '2265.0', '469.0', '783.0', '4398.0']",1.0
11-24-468-03722-506479,"['11-24-468-03722-506468', '11-24-468-03722-506491', '11-24-468-03722-506469']",3,,
11-24-468-03722-506480,"['11-24-468-03722-506467', '11-24-468-03722-506448', '11-24-468-03722-506460']",3,,
11-24-468-03722-506483,"['11-24-468-03722-506484', '11-24-468-03722-506487']",2,,
11-24-468-03722-506484,"['11-24-468-03722-506483', '11-24-468-03722-506487']",2,,
11-24-468-03722-506487,"['11-24-468-03722-506483', '11-24-468-03722-506484']",2,,
11-24-468-03722-506491,"['11-24-468-03722-506468', '11-24-468-03722-506479', '11-24-468-03722-506469']",3,,
11-24-468-03722-506498,"['11-24-468-03722-506522', '11-24-468-03722-506520', '11-24-468-03728-507067', '11-24-468-03722-506518', '11-24-468-03722-506517']",5,,
11-24-468-03722-506509,['11-24-468-03728-507057'],1,,
11-24-468-03722-506513,"['11-24-468-03728-507062', '11-24-468-03728-507058', '11-24-468-03728-507061', '11-24-468-03728-507072', '11-24-468-03728-507057', '11-24-468-03728-507071']",6,,
11-24-468-03722-506517,"['11-24-468-03722-506522', '11-24-468-03722-506520', '11-24-468-03722-506498', '11-24-468-03728-507067', '11-24-468-03722-506518']",5,,
11-24-468-03722-506518,"['11-24-468-03722-506522', '11-24-468-03722-506520', '11-24-468-03722-506498', '11-24-468-03728-507067', '11-24-468-03722-506517']",5,,
11-24-468-03722-506520,"['11-24-468-03722-506522', '11-24-468-03722-506498', '11-24-468-03728-507067', '11-24-468-03722-506518', '11-24-468-03722-506517']",5,,
11-24-468-03722-506522,"['11-24-468-03722-506520', '11-24-468-03722-506498', '11-24-468-03728-507067', '11-24-468-03722-506518', '11-24-468-03722-506517']",5,,
11-24-468-03722-506525,"['11-24-468-03728-507082', '11-24-468-03727-506948']",2,,
11-24-468-03723-506542,"['11-24-468-03723-506565', '11-24-468-03723-506564']",2,,
11-24-468-03723-506564,"['11-24-468-03723-506542', '11-24-468-03723-506565']",2,,
11-24-468-03723-506565,"['11-24-468-03723-506542', '11-24-468-03723-506564']",2,,
11-24-468-03723-506567,['11-24-468-03723-506592'],1,,
11-24-468-03723-506570,"['11-24-468-03723-506571', '11-24-468-03723-506589']",2,"['2571.0', '1835.0']",1.0
11-24-468-03723-506571,"['11-24-468-03723-506570', '11-24-468-03723-506589']",2,,
11-24-468-03723-506572,[],0,,
11-24-468-03723-506574,['11-24-468-03723-506586'],1,,
11-24-468-03723-506576,['11-24-468-03723-506580'],1,,
11-24-468-03723-506580,['11-24-468-03723-506576'],1,,
11-24-468-03723-506586,['11-24-468-03723-506574'],1,,
11-24-468-03723-506587,['11-24-468-03723-506604'],1,,
11-24-468-03723-506589,"['11-24-468-03723-506571', '11-24-468-03723-506570']",2,,
11-24-468-03723-506592,['11-24-468-03723-506567'],1,,
11-24-468-03723-506604,['11-24-468-03723-506587'],1,,
11-24-468-03723-506606,"['11-24-468-03723-506607', '11-24-468-03723-506609']",2,,
11-24-468-03723-506607,"['11-24-468-03723-506606', '11-24-468-03723-506609']",2,,
11-24-468-03723-506609,"['11-24-468-03723-506606', '11-24-468-03723-506607']",2,,
11-24-468-03723-506612,"['11-24-468-03723-506618', '11-24-468-03723-506619', '11-24-468-03723-506613', '11-24-468-03723-506621', '11-24-468-03724-506679', '11-24-468-03723-506620']",6,,
11-24-468-03723-506613,"['11-24-468-03723-506618', '11-24-468-03723-506619', '11-24-468-03723-506621', '11-24-468-03723-506612', '11-24-468-03723-506620']",5,,
11-24-468-03723-506618,"['11-24-468-03723-506619', '11-24-468-03723-506613', '11-24-468-03723-506621', '11-24-468-03724-506679', '11-24-468-03723-506612', '11-24-468-03723-506620']",6,,
11-24-468-03723-506619,"['11-24-468-03723-506618', '11-24-468-03723-506613', '11-24-468-03723-506621', '11-24-468-03724-506679', '11-24-468-03723-506612', '11-24-468-03723-506620']",6,,
11-24-468-03723-506620,"['11-24-468-03723-506622', '11-24-468-03723-506618', '11-24-468-03723-506619', '11-24-468-03723-506613', '11-24-468-03723-506621', '11-24-468-03723-506612']",6,,
11-24-468-03723-506621,"['11-24-468-03723-506622', '11-24-468-03723-506618', '11-24-468-03723-506619', '11-24-468-03723-506613', '11-24-468-03723-506612', '11-24-468-03723-506620']",6,,
11-24-468-03723-506622,"['11-24-468-03723-506621', '11-24-468-03723-506620']",2,"['1668.0', '913.0']",0.0
11-24-468-03724-506629,[],0,[nan],0.0
11-24-468-03724-506638,[],0,[nan],0.0
11-24-468-03724-506644,[],0,,
11-24-468-03724-506679,"['11-24-468-03724-506680', '11-24-468-03723-506618', '11-24-468-03723-506619', '11-24-468-03724-506682', '11-24-468-03723-506612']",5,,
11-24-468-03724-506680,"['11-24-468-03724-506679', '11-24-468-03724-506682']",2,,
11-24-468-03724-506682,"['11-24-468-03724-506680', '11-24-468-03724-506679']",2,,
11-24-468-03724-506688,"['11-24-468-03724-506691', '11-24-468-03724-506690']",2,"['322.0', '989.0']",0.0
11-24-468-03724-506690,"['11-24-468-03724-506691', '11-24-468-03724-506688']",2,,
11-24-468-03724-506691,"['11-24-468-03724-506690', '11-24-468-03724-506688']",2,,
11-24-468-03725-506694,"['11-24-468-03725-506699', '11-24-468-03725-506700', '11-24-468-03725-506696']",3,,
11-24-468-03725-506696,"['11-24-468-03725-506694', '11-24-468-03725-506699', '11-24-468-03725-506700']",3,,
11-24-468-03725-506699,"['11-24-468-03725-506694', '11-24-468-03725-506700', '11-24-468-03725-506696']",3,"['32.0', '4244.0', '688.0']",1.0
11-24-468-03725-506700,"['11-24-468-03725-506694', '11-24-468-03725-506699', '11-24-468-03725-506696']",3,,
11-24-468-03725-506702,[],0,[nan],0.0
11-24-468-03725-506713,['11-24-468-03725-506715'],1,['7258.0'],1.0
11-24-468-03725-506715,"['11-24-468-03725-506713', '11-24-468-03726-506873', '11-24-468-03726-506847']",3,,
11-24-468-03725-506721,['11-24-468-03725-506722'],1,,
11-24-468-03725-506722,"['11-24-468-03725-506721', '11-24-468-03725-506723']",2,,
11-24-468-03725-506723,"['11-24-468-03725-506724', '11-24-468-03725-506722']",2,,
11-24-468-03725-506724,['11-24-468-03725-506723'],1,,
11-24-468-03725-506727,[],0,,
11-24-468-03725-506732,"['11-24-468-03725-506733', '11-24-468-03725-506742', '11-24-468-03725-506740', '11-24-468-03725-506741']",4,,
11-24-468-03725-506733,"['11-24-468-03725-506732', '11-24-468-03725-506742', '11-24-468-03725-506740', '11-24-468-03725-506741']",4,,
11-24-468-03725-506740,"['11-24-468-03725-506732', '11-24-468-03725-506742', '11-24-468-03725-506733', '11-24-468-03725-506741']",4,,
11-24-468-03725-506741,"['11-24-468-03725-506732', '11-24-468-03725-506742', '11-24-468-03725-506733', '11-24-468-03725-506740']",4,,
11-24-468-03725-506742,"['11-24-468-03725-506732', '11-24-468-03725-506733', '11-24-468-03725-506740', '11-24-468-03725-506741']",4,,
11-24-468-03725-506743,[],0,,
11-24-468-03725-506751,[],0,,
11-24-468-03725-506752,['11-24-468-03725-506757'],1,,
11-24-468-03725-506757,['11-24-468-03725-506752'],1,,
11-24-468-03726-506780,[],0,,
11-24-468-03726-506785,['11-24-468-03726-506786'],1,,
11-24-468-03726-506786,['11-24-468-03726-506785'],1,,
11-24-468-03726-506792,['11-24-468-03726-506802'],1,,
11-24-468-03726-506801,['11-24-468-03726-506823'],1,,
11-24-468-03726-506802,['11-24-468-03726-506792'],1,,
11-24-468-03726-506812,['11-24-468-03726-506845'],1,,
11-24-468-03726-506817,"['11-24-468-03726-506849', '11-24-468-03726-506842', '11-24-468-03726-506843', '11-24-468-03726-506841']",4,"['3726.0', '396.0', '2345.0', '996.0']",1.0
11-24-468-03726-506823,['11-24-468-03726-506801'],1,,
11-24-468-03726-506825,"['11-24-468-03726-802445', '11-24-468-03726-506855', '11-24-468-03726-506826']",3,,
11-24-468-03726-506826,"['11-24-468-03726-506825', '11-24-468-03726-802445', '11-24-468-03726-506855']",3,,
11-24-468-03726-506831,[],0,,
11-24-468-03726-506833,['11-24-468-03726-506861'],1,,
11-24-468-03726-506841,"['11-24-468-03726-506817', '11-24-468-03726-506843', '11-24-468-03726-506842']",3,,
11-24-468-03726-506842,"['11-24-468-03726-506817', '11-24-468-03726-506843', '11-24-468-03726-506841']",3,,
11-24-468-03726-506843,"['11-24-468-03726-506817', '11-24-468-03726-506842', '11-24-468-03726-506849', '11-24-468-03726-506841']",4,,
11-24-468-03726-506845,"['11-24-468-03726-506846', '11-24-468-03726-506812']",2,,
11-24-468-03726-506846,['11-24-468-03726-506845'],1,,
11-24-468-03726-506847,"['11-24-468-03726-506873', '11-24-468-03725-506715']",2,,
11-24-468-03726-506848,[],0,,
11-24-468-03726-506849,"['11-24-468-03726-506817', '11-24-468-03726-506843']",2,,
11-24-468-03726-506850,['11-24-468-03726-506869'],1,,
11-24-468-03726-506851,[],0,,
11-24-468-03726-506855,"['11-24-468-03726-506825', '11-24-468-03726-802445', '11-24-468-03726-506826']",3,,
11-24-468-03726-506861,['11-24-468-03726-506833'],1,,
11-24-468-03726-506869,"['11-24-468-03726-506878', '11-24-468-03726-506850', '11-24-468-03726-506877']",3,,
11-24-468-03726-506870,"['11-24-468-03726-506876', '11-24-468-03726-506871']",2,,
11-24-468-03726-506871,"['11-24-468-03726-506876', '11-24-468-03726-506870']",2,,
11-24-468-03726-506873,"['11-24-468-03726-506847', '11-24-468-03725-506715']",2,,
11-24-468-03726-506876,"['11-24-468-03726-506871', '11-24-468-03726-506870']",2,,
11-24-468-03726-506877,"['11-24-468-03726-506878', '11-24-468-03726-506869']",2,,
11-24-468-03726-506878,"['11-24-468-03726-506869', '11-24-468-03726-506877']",2,,
11-24-468-03726-506881,"['11-24-468-03729-507204', '11-24-468-03726-506882', '11-24-468-03729-507198']",3,,
11-24-468-03726-506882,"['11-24-468-03726-506881', '11-24-468-03729-507204', '11-24-468-03729-507198']",3,,
11-24-468-03726-506917,['11-24-468-03726-506919'],1,,
11-24-468-03726-506919,['11-24-468-03726-506917'],1,,
11-24-468-03726-506921,['11-24-468-03726-802445'],1,,
11-24-468-03726-802445,"['11-24-468-03726-506921', '11-24-468-03726-506825', '11-24-468-03726-506855', '11-24-468-03726-506826']",4,,
11-24-468-03727-506925,"['11-24-468-03722-506470', '11-24-468-03727-506926', '11-24-468-03722-506471', '11-24-468-03722-506476']",4,,
11-24-468-03727-506926,"['11-24-468-03727-506925', '11-24-468-03722-506470', '11-24-468-03722-506471', '11-24-468-03722-506476']",4,,
11-24-468-03727-506936,"['11-24-468-03727-506937', '11-24-468-03727-506943']",2,,
11-24-468-03727-506937,"['11-24-468-03727-506936', '11-24-468-03727-506943']",2,,
11-24-468-03727-506939,['11-24-468-03727-506940'],1,,
11-24-468-03727-506940,"['11-24-468-03727-506939', '11-24-468-03727-506994', '11-24-468-03727-506961', '11-24-468-03727-506960', '11-24-468-03727-506986']",5,,
11-24-468-03727-506943,"['11-24-468-03727-506937', '11-24-468-03727-506936']",2,,
11-24-468-03727-506948,"['11-24-468-03728-507082', '11-24-468-03722-506525']",2,,
11-24-468-03727-506952,['11-24-468-03727-506967'],1,,
11-24-468-03727-506954,"['11-24-468-03727-506962', '11-24-468-03727-506955', '11-24-468-03727-506964']",3,,
11-24-468-03727-506955,"['11-24-468-03727-506954', '11-24-468-03727-506962', '11-24-468-03727-506964']",3,,
11-24-468-03727-506960,"['11-24-468-03727-506994', '11-24-468-03727-506986', '11-24-468-03727-506961', '11-24-468-03727-506940']",4,,
11-24-468-03727-506961,"['11-24-468-03727-506962', '11-24-468-03727-506994', '11-24-468-03727-506960', '11-24-468-03727-506986', '11-24-468-03727-506940']",5,,
11-24-468-03727-506962,"['11-24-468-03727-506955', '11-24-468-03727-506954', '11-24-468-03727-506961', '11-24-468-03727-506964']",4,,
11-24-468-03727-506964,"['11-24-468-03727-506962', '11-24-468-03727-506954', '11-24-468-03727-506955']",3,,
11-24-468-03727-506967,['11-24-468-03727-506952'],1,,
11-24-468-03727-506985,"['11-24-468-03727-506997', '11-24-468-03727-507002']",2,,
11-24-468-03727-506986,"['11-24-468-03727-506994', '11-24-468-03727-506961', '11-24-468-03727-506960', '11-24-468-03727-506940']",4,,
11-24-468-03727-506991,"['11-24-468-03727-506992', '11-24-468-03727-507007', '11-24-468-03727-507006', '11-24-468-03727-507020']",4,,
11-24-468-03727-506992,"['11-24-468-03727-507007', '11-24-468-03727-506991', '11-24-468-03727-507006', '11-24-468-03727-507020']",4,,
11-24-468-03727-506994,"['11-24-468-03727-506986', '11-24-468-03727-506961', '11-24-468-03727-506960', '11-24-468-03727-506940']",4,,
11-24-468-03727-506997,"['11-24-468-03727-506985', '11-24-468-03727-507002']",2,,
11-24-468-03727-507000,"['11-24-468-03727-507011', '11-24-468-03727-507001', '11-24-468-03727-507002']",3,,
11-24-468-03727-507001,"['11-24-468-03727-507000', '11-24-468-03727-507011', '11-24-468-03727-507002']",3,,
11-24-468-03727-507002,"['11-24-468-03727-506985', '11-24-468-03727-507000', '11-24-468-03727-506997', '11-24-468-03727-507001', '11-24-468-03727-507011']",5,,
11-24-468-03727-507006,"['11-24-468-03727-506992', '11-24-468-03727-507007', '11-24-468-03727-506991', '11-24-468-03727-507020']",4,,
11-24-468-03727-507007,"['11-24-468-03727-506992', '11-24-468-03727-506991', '11-24-468-03727-507006', '11-24-468-03727-507020']",4,,
11-24-468-03727-507011,"['11-24-468-03727-507000', '11-24-468-03727-507001', '11-24-468-03727-507002']",3,,
11-24-468-03727-507019,"['11-24-468-03727-507021', '11-24-468-03727-507052', '11-24-468-03727-507032', '11-24-468-03727-507043', '11-24-468-03727-507031']",5,,
11-24-468-03727-507020,"['11-24-468-03727-506992', '11-24-468-03727-507007', '11-24-468-03727-506991', '11-24-468-03727-507006']",4,,
11-24-468-03727-507021,"['11-24-468-03727-507052', '11-24-468-03727-507032', '11-24-468-03727-507043', '11-24-468-03727-507019', '11-24-468-03727-507031']",5,,
11-24-468-03727-507031,"['11-24-468-03727-507021', '11-24-468-03727-507052', '11-24-468-03727-507032', '11-24-468-03727-507043', '11-24-468-03727-507019']",5,,
11-24-468-03727-507032,"['11-24-468-03727-507021', '11-24-468-03727-507052', '11-24-468-03727-507043', '11-24-468-03727-507019', '11-24-468-03727-507031']",5,,
11-24-468-03727-507043,"['11-24-468-03727-507021', '11-24-468-03727-507052', '11-24-468-03727-507032', '11-24-468-03727-507019', '11-24-468-03727-507031']",5,,
11-24-468-03727-507048,"['11-24-468-03729-507195', '11-24-468-03727-507049']",2,,
11-24-468-03727-507049,"['11-24-468-03729-507195', '11-24-468-03727-507048']",2,,
11-24-468-03727-507052,"['11-24-468-03727-507021', '11-24-468-03727-507032', '11-24-468-03727-507043', '11-24-468-03727-507019', '11-24-468-03727-507031']",5,,
11-24-468-03728-507057,"['11-24-468-03728-507062', '11-24-468-03728-507058', '11-24-468-03728-507061', '11-24-468-03728-507072', '11-24-468-03722-506509', '11-24-468-03728-507071', '11-24-468-03722-506513']",7,,
11-24-468-03728-507058,"['11-24-468-03728-507062', '11-24-468-03728-507072', '11-24-468-03728-507061', '11-24-468-03728-507059', '11-24-468-03728-507057', '11-24-468-03728-507071', '11-24-468-03722-506513']",7,,
11-24-468-03728-507059,['11-24-468-03728-507058'],1,,
11-24-468-03728-507061,"['11-24-468-03728-507062', '11-24-468-03728-507058', '11-24-468-03728-507072', '11-24-468-03728-507057', '11-24-468-03728-507071', '11-24-468-03722-506513']",6,,
11-24-468-03728-507062,"['11-24-468-03728-507079', '11-24-468-03728-507058', '11-24-468-03728-507061', '11-24-468-03728-507069', '11-24-468-03728-507072', '11-24-468-03728-507067', '11-24-468-03728-507070', '11-24-468-03728-507057', '11-24-468-03728-507071', '11-24-468-03722-506513']",10,,
11-24-468-03728-507063,['11-24-468-03728-507064'],1,,
11-24-468-03728-507064,['11-24-468-03728-507063'],1,['66.0'],0.0
11-24-468-03728-507067,"['11-24-468-03728-507062', '11-24-468-03728-507079', '11-24-468-03722-506522', '11-24-468-03722-506520', '11-24-468-03728-507069', '11-24-468-03722-506498', '11-24-468-03722-506518', '11-24-468-03728-507070', '11-24-468-03722-506517']",9,,
11-24-468-03728-507069,"['11-24-468-03728-507062', '11-24-468-03728-507067', '11-24-468-03728-507079', '11-24-468-03728-507070']",4,,
11-24-468-03728-507070,"['11-24-468-03728-507062', '11-24-468-03728-507067', '11-24-468-03728-507079', '11-24-468-03728-507069']",4,,
11-24-468-03728-507071,"['11-24-468-03728-507062', '11-24-468-03728-507058', '11-24-468-03728-507072', '11-24-468-03728-507076', '11-24-468-03728-507061', '11-24-468-03728-507057', '11-24-468-03722-506513']",7,,
11-24-468-03728-507072,"['11-24-468-03728-507062', '11-24-468-03728-507058', '11-24-468-03728-507076', '11-24-468-03728-507061', '11-24-468-03728-507057', '11-24-468-03728-507071', '11-24-468-03722-506513']",7,,
11-24-468-03728-507076,"['11-24-468-03728-507072', '11-24-468-03728-507071']",2,,
11-24-468-03728-507078,"['11-24-468-03728-507088', '11-24-468-03728-507087']",2,,
11-24-468-03728-507079,"['11-24-468-03728-507080', '11-24-468-03728-507062', '11-24-468-03728-507069', '11-24-468-03728-507067', '11-24-468-03728-507070']",5,,
11-24-468-03728-507080,['11-24-468-03728-507079'],1,,
11-24-468-03728-507082,"['11-24-468-03727-506948', '11-24-468-03728-507084', '11-24-468-03728-507083', '11-24-468-03728-507096', '11-24-468-03722-506525']",5,,
11-24-468-03728-507083,"['11-24-468-03728-507082', '11-24-468-03728-507084', '11-24-468-03728-507096']",3,,
11-24-468-03728-507084,"['11-24-468-03728-507082', '11-24-468-03728-507083', '11-24-468-03728-507096']",3,,
11-24-468-03728-507086,"['11-24-468-03728-507105', '11-24-468-03728-507125']",2,,
11-24-468-03728-507087,"['11-24-468-03728-507088', '11-24-468-03728-507078']",2,,
11-24-468-03728-507088,"['11-24-468-03728-507087', '11-24-468-03728-507078']",2,,
11-24-468-03728-507096,"['11-24-468-03728-507082', '11-24-468-03728-507083', '11-24-468-03728-507084']",3,"['678.0', '100.0', '701.0']",0.0
11-24-468-03728-507105,"['11-24-468-03728-507125', '11-24-468-03728-507145', '11-24-468-03728-507128', '11-24-468-03728-507086']",4,,
11-24-468-03728-507125,"['11-24-468-03728-507105', '11-24-468-03728-507086']",2,,
11-24-468-03728-507128,"['11-24-468-03728-507105', '11-24-468-03728-507145']",2,,
11-24-468-03728-507145,"['11-24-468-03728-507105', '11-24-468-03728-507128']",2,,
11-24-468-03728-507151,[],0,,
11-24-468-03728-507162,['11-24-468-03728-507180'],1,,
11-24-468-03728-507164,"['11-24-468-03728-507166', '11-24-468-03728-507177', '11-24-468-03728-507178', '11-24-468-03728-507165']",4,,
11-24-468-03728-507165,"['11-24-468-03728-507178', '11-24-468-03728-507177', '11-24-468-03728-507164', '11-24-468-03728-507166']",4,,
11-24-468-03728-507166,"['11-24-468-03728-507178', '11-24-468-03728-507177', '11-24-468-03728-507164', '11-24-468-03728-507165']",4,,
11-24-468-03728-507171,"['11-24-468-03728-507173', '11-24-468-03728-507174', '11-24-468-03728-507172']",3,"['401.0', '395.0', '859.0']",0.0
11-24-468-03728-507172,"['11-24-468-03728-507175', '11-24-468-03728-507176', '11-24-468-03728-507174', '11-24-468-03728-507171', '11-24-468-03728-507173']",5,"['134.0', '2906.0', '395.0', '757.0', '401.0']",1.0
11-24-468-03728-507173,"['11-24-468-03728-507171', '11-24-468-03728-507174', '11-24-468-03728-507172']",3,,
11-24-468-03728-507174,"['11-24-468-03728-507171', '11-24-468-03728-507172', '11-24-468-03728-507173']",3,,
11-24-468-03728-507175,['11-24-468-03728-507172'],1,,
11-24-468-03728-507176,['11-24-468-03728-507172'],1,,
11-24-468-03728-507177,"['11-24-468-03728-507166', '11-24-468-03728-507178', '11-24-468-03728-507164', '11-24-468-03728-507165']",4,,
11-24-468-03728-507178,"['11-24-468-03728-507166', '11-24-468-03728-507177', '11-24-468-03728-507164', '11-24-468-03728-507165']",4,,
11-24-468-03728-507180,['11-24-468-03728-507162'],1,['771.0'],0.0
11-24-468-03728-507183,"['11-24-468-03728-507185', '11-24-468-03728-507184']",2,,
11-24-468-03728-507184,"['11-24-468-03728-507183', '11-24-468-03728-507185']",2,,
11-24-468-03728-507185,"['11-24-468-03728-507183', '11-24-468-03728-507184']",2,,
11-24-468-03728-507186,"['11-24-468-03728-507189', '11-24-468-03728-507190', '11-24-468-03728-507188']",3,,
11-24-468-03728-507188,['11-24-468-03728-507186'],1,,
11-24-468-03728-507189,"['11-24-468-03728-507190', '11-24-468-03728-507186']",2,,
11-24-468-03728-507190,"['11-24-468-03728-507189', '11-24-468-03728-507186']",2,,
11-24-468-03728-507192,"['11-24-468-03729-507212', '11-24-468-03729-507211']",2,"['823.0', '1381.0']",0.0
11-24-468-03729-507195,"['11-24-468-03727-507048', '11-24-468-03727-507049']",2,,
11-24-468-03729-507198,"['11-24-468-03726-506881', '11-24-468-03729-507204', '11-24-468-03726-506882']",3,,
11-24-468-03729-507204,"['11-24-468-03726-506881', '11-24-468-03726-506882', '11-24-468-03729-507198']",3,,
11-24-468-03729-507209,"['11-24-468-03729-507232', '11-24-468-03729-507233', '11-24-468-03729-507260', '11-24-468-03729-507247', '11-24-468-03729-507218']",5,,
11-24-468-03729-507211,"['11-24-468-03728-507192', '11-24-468-03729-507212']",2,,
11-24-468-03729-507212,"['11-24-468-03728-507192', '11-24-468-03729-507211']",2,,
11-24-468-03729-507218,"['11-24-468-03729-507232', '11-24-468-03729-507209', '11-24-468-03729-507233', '11-24-468-03729-507260', '11-24-468-03729-507247']",5,,
11-24-468-03729-507232,"['11-24-468-03729-507209', '11-24-468-03729-507233', '11-24-468-03729-507260', '11-24-468-03729-507247', '11-24-468-03729-507218']",5,,
11-24-468-03729-507233,"['11-24-468-03729-507232', '11-24-468-03729-507209', '11-24-468-03729-507260', '11-24-468-03729-507247', '11-24-468-03729-507218']",5,,
11-24-468-03729-507235,[],0,,
11-24-468-03729-507247,"['11-24-468-03729-507232', '11-24-468-03729-507209', '11-24-468-03729-507233', '11-24-468-03729-507260', '11-24-468-03729-507218']",5,,
11-24-468-03729-507260,"['11-24-468-03729-507232', '11-24-468-03729-507209', '11-24-468-03729-507233', '11-24-468-03729-507247', '11-24-468-03729-507218']",5,,
11-24-468-03729-507270,"['11-24-468-03729-507278', '11-24-468-03729-507271']",2,"['4179.0', '233.0']",1.0
11-24-468-03729-507271,"['11-24-468-03729-507278', '11-24-468-03729-507270']",2,,
11-24-468-03729-507278,"['11-24-468-03729-507271', '11-24-468-03729-507270']",2,,
11-24-468-03730-507294,"['11-24-468-03730-507332', '11-24-468-03730-507296', '11-24-468-03730-507318', '11-24-468-03730-507295', '11-24-468-03730-507307']",5,,
11-24-468-03730-507295,"['11-24-468-03730-507296', '11-24-468-03730-507294']",2,,
11-24-468-03730-507296,"['11-24-468-03730-507295', '11-24-468-03730-507294']",2,,
11-24-468-03730-507300,"['11-24-468-03730-507322', '11-24-468-03730-507323', '11-24-468-03730-507303', '11-24-468-03730-507301']",4,,
11-24-468-03730-507301,"['11-24-468-03730-507322', '11-24-468-03730-507323', '11-24-468-03730-507300']",3,,
11-24-468-03730-507303,"['11-24-468-03730-507322', '11-24-468-03730-507300']",2,,
11-24-468-03730-507305,"['11-24-468-03730-507318', '11-24-468-03730-507332', '11-24-468-03730-507306', '11-24-468-03730-507319']",4,,
11-24-468-03730-507306,"['11-24-468-03730-507305', '11-24-468-03730-507332', '11-24-468-03730-507318', '11-24-468-03730-507319']",4,,
11-24-468-03730-507307,"['11-24-468-03730-507318', '11-24-468-03730-507294', '11-24-468-03730-507332']",3,,
11-24-468-03730-507314,"['11-24-468-03730-507334', '11-24-468-03730-507316', '11-24-468-03730-507315']",3,,
11-24-468-03730-507315,"['11-24-468-03730-507314', '11-24-468-03730-507316']",2,,
11-24-468-03730-507316,"['11-24-468-03730-507314', '11-24-468-03730-507315']",2,,
11-24-468-03730-507318,"['11-24-468-03730-507319', '11-24-468-03730-507294', '11-24-468-03730-507332', '11-24-468-03730-507305', '11-24-468-03730-507306', '11-24-468-03730-507307']",6,,
11-24-468-03730-507319,"['11-24-468-03730-507318', '11-24-468-03730-507305', '11-24-468-03730-507306', '11-24-468-03730-507332']",4,,
11-24-468-03730-507322,"['11-24-468-03730-507323', '11-24-468-03730-507303', '11-24-468-03730-507301', '11-24-468-03730-507300']",4,,
11-24-468-03730-507323,"['11-24-468-03730-507322', '11-24-468-03730-507301', '11-24-468-03730-507300']",3,,
11-24-468-03730-507329,['11-24-468-03730-507338'],1,,
11-24-468-03730-507332,"['11-24-468-03730-507319', '11-24-468-03730-507294', '11-24-468-03730-507305', '11-24-468-03730-507318', '11-24-468-03730-507307', '11-24-468-03730-507306']",6,,
11-24-468-03730-507334,['11-24-468-03730-507314'],1,['4552.0'],1.0
11-24-468-03730-507338,['11-24-468-03730-507329'],1,,
11-24-468-03730-507343,"['11-24-468-03730-507345', '11-24-468-03730-507346']",2,,
11-24-468-03730-507345,"['11-24-468-03730-507346', '11-24-468-03730-507343']",2,,
11-24-468-03730-507346,"['11-24-468-03730-507345', '11-24-468-03730-507343']",2,,
11-24-468-03731-507350,['11-24-468-03731-507351'],1,,
11-24-468-03731-507351,['11-24-468-03731-507350'],1,,
11-24-469-03732-507359,"['11-24-469-03732-507363', '11-24-469-03732-507360', '11-24-469-03732-507361']",3,,
11-24-469-03732-507360,"['11-24-469-03732-507363', '11-24-469-03732-507359', '11-24-469-03732-507361']",3,,
11-24-469-03732-507361,"['11-24-469-03732-507363', '11-24-469-03732-507359', '11-24-469-03732-507360']",3,,
11-24-469-03732-507363,"['11-24-469-03732-507359', '11-24-469-03732-507360', '11-24-469-03732-507361']",3,,
11-24-469-03732-507365,"['11-24-469-03733-507519', '11-24-469-03732-507366', '11-24-469-03732-507376', '11-24-469-03732-507377']",4,,
11-24-469-03732-507366,"['11-24-469-03733-507519', '11-24-469-03732-507376', '11-24-469-03732-507377', '11-24-469-03732-507365']",4,,
11-24-469-03732-507368,['11-24-469-03732-507369'],1,,
11-24-469-03732-507369,"['11-24-469-03733-507522', '11-24-469-03733-507523', '11-24-469-03733-507524', '11-24-469-03733-507526', '11-24-469-03732-507378', '11-24-469-03732-507368', '11-24-469-03732-507375']",7,,
11-24-469-03732-507375,"['11-24-469-03732-507369', '11-24-469-03733-507522', '11-24-469-03733-507523', '11-24-469-03733-507524', '11-24-469-03733-507526', '11-24-469-03732-507378']",6,,
11-24-469-03732-507376,"['11-24-469-03733-507519', '11-24-469-03732-507366', '11-24-469-03732-507365', '11-24-469-03732-507377']",4,,
11-24-469-03732-507377,"['11-24-469-03733-507519', '11-24-469-03732-507376', '11-24-469-03732-507366', '11-24-469-03732-507365']",4,,
11-24-469-03732-507378,"['11-24-469-03732-507369', '11-24-469-03733-507522', '11-24-469-03733-507523', '11-24-469-03733-507524', '11-24-469-03733-507526', '11-24-469-03732-507375']",6,,
11-24-469-03732-507453,[],0,[nan],0.0
11-24-469-03733-507484,['11-24-469-03733-507492'],1,,
11-24-469-03733-507486,"['11-24-469-03733-507488', '11-24-469-03733-507505', '11-24-469-03733-507487']",3,,
11-24-469-03733-507487,"['11-24-469-03733-507488', '11-24-469-03733-507505', '11-24-469-03733-507486']",3,,
11-24-469-03733-507488,"['11-24-469-03733-507487', '11-24-469-03733-507505', '11-24-469-03733-507486']",3,,
11-24-469-03733-507492,['11-24-469-03733-507484'],1,,
11-24-469-03733-507501,[],0,,
11-24-469-03733-507504,"['11-24-469-03733-507506', '11-24-469-03733-507505', '11-24-469-03733-507510']",3,,
11-24-469-03733-507505,"['11-24-469-03733-507488', '11-24-469-03733-507487', '11-24-469-03733-507510', '11-24-469-03733-507486', '11-24-469-03733-507504', '11-24-469-03733-507506']",6,,
11-24-469-03733-507506,"['11-24-469-03733-507504', '11-24-469-03733-507505', '11-24-469-03733-507510']",3,,
11-24-469-03733-507508,['11-24-469-03733-507540'],1,,
11-24-469-03733-507510,"['11-24-469-03733-507504', '11-24-469-03733-507506', '11-24-469-03733-507505']",3,,
11-24-469-03733-507512,['11-24-469-03733-507513'],1,,
11-24-469-03733-507513,['11-24-469-03733-507512'],1,,
11-24-469-03733-507519,"['11-24-469-03732-507376', '11-24-469-03732-507366', '11-24-469-03732-507365', '11-24-469-03732-507377']",4,,
11-24-469-03733-507522,"['11-24-469-03732-507369', '11-24-469-03733-507523', '11-24-469-03733-507524', '11-24-469-03733-507526', '11-24-469-03732-507378', '11-24-469-03732-507375']",6,,
11-24-469-03733-507523,"['11-24-469-03732-507369', '11-24-469-03733-507522', '11-24-469-03733-507524', '11-24-469-03733-507526', '11-24-469-03732-507378', '11-24-469-03732-507375']",6,,
11-24-469-03733-507524,"['11-24-469-03732-507369', '11-24-469-03733-507522', '11-24-469-03733-507523', '11-24-469-03733-507526', '11-24-469-03732-507378', '11-24-469-03732-507375']",6,,
11-24-469-03733-507526,"['11-24-469-03732-507369', '11-24-469-03733-507522', '11-24-469-03733-507523', '11-24-469-03733-507524', '11-24-469-03732-507378', '11-24-469-03732-507375']",6,,
11-24-469-03733-507540,['11-24-469-03733-507508'],1,,
11-24-469-03733-507546,[],0,,
11-24-469-03733-507562,['11-24-469-03733-507564'],1,,
11-24-469-03733-507564,['11-24-469-03733-507562'],1,,
11-24-469-03733-507578,['11-24-469-03733-507592'],1,,
11-24-469-03733-507587,['11-24-469-03740-508274'],1,,
11-24-469-03733-507592,['11-24-469-03733-507578'],1,['1567.0'],0.0
11-24-469-03733-507605,[],0,[nan],0.0
11-24-469-03733-507610,[],0,,
11-24-469-03734-507619,"['11-24-469-03734-507634', '11-24-469-03734-507620']",2,,
11-24-469-03734-507620,"['11-24-469-03734-507634', '11-24-469-03734-507622', '11-24-469-03734-507624', '11-24-469-03734-507621', '11-24-469-03734-507619', '11-24-469-03734-507623']",6,,
11-24-469-03734-507621,"['11-24-469-03734-507622', '11-24-469-03734-507624', '11-24-469-03734-507620', '11-24-469-03734-507623']",4,,
11-24-469-03734-507622,"['11-24-469-03734-507623', '11-24-469-03734-507624', '11-24-469-03734-507620', '11-24-469-03734-507621']",4,,
11-24-469-03734-507623,"['11-24-469-03734-507622', '11-24-469-03734-507624', '11-24-469-03734-507620', '11-24-469-03734-507621']",4,,
11-24-469-03734-507624,"['11-24-469-03734-507622', '11-24-469-03734-507623', '11-24-469-03734-507620', '11-24-469-03734-507621']",4,,
11-24-469-03734-507631,"['11-24-469-03734-507648', '11-24-469-03734-507632', '11-24-469-03734-507652']",3,,
11-24-469-03734-507632,"['11-24-469-03734-507648', '11-24-469-03734-507647', '11-24-469-03734-507652', '11-24-469-03734-507631']",4,,
11-24-469-03734-507634,"['11-24-469-03734-507619', '11-24-469-03734-507620']",2,,
11-24-469-03734-507647,"['11-24-469-03734-507632', '11-24-469-03734-507654']",2,"['5373.0', '5151.0']",2.0
11-24-469-03734-507648,"['11-24-469-03734-507632', '11-24-469-03734-507652', '11-24-469-03734-507631']",3,,
11-24-469-03734-507652,"['11-24-469-03734-507648', '11-24-469-03734-507632', '11-24-469-03734-507631']",3,"['1742.0', '5373.0', '1517.0']",1.0
11-24-469-03734-507654,['11-24-469-03734-507647'],1,,
11-24-469-03734-507662,"['11-24-469-03734-507665', '11-24-469-03734-507686']",2,,
11-24-469-03734-507664,"['11-24-469-03735-507699', '11-24-469-03734-507684', '11-24-469-03735-507700']",3,"['2080.0', '763.0', '10102.0']",1.0
11-24-469-03734-507665,"['11-24-469-03734-507662', '11-24-469-03734-507686']",2,,
11-24-469-03734-507669,"['11-24-469-03734-802449', '11-24-469-03734-507670']",2,,
11-24-469-03734-507670,"['11-24-469-03734-802449', '11-24-469-03734-507669']",2,,
11-24-469-03734-507683,['11-24-469-03734-507686'],1,,
11-24-469-03734-507684,"['11-24-469-03735-507699', '11-24-469-03734-507664', '11-24-469-03735-507700']",3,,
11-24-469-03734-507686,"['11-24-469-03734-507665', '11-24-469-03734-507662', '11-24-469-03734-507683']",3,"['4653.0', '2476.0', '1346.0']",1.0
11-24-469-03734-802449,"['11-24-469-03734-507670', '11-24-469-03734-507669']",2,,
11-24-469-03735-507699,"['11-24-469-03734-507664', '11-24-469-03734-507684', '11-24-469-03735-507700']",3,,
11-24-469-03735-507700,"['11-24-469-03735-507699', '11-24-469-03734-507664', '11-24-469-03734-507684']",3,,
11-24-469-03735-507701,"['11-24-469-03735-507713', '11-24-469-03735-507705', '11-24-469-03735-507702', '11-24-469-03735-507718', '11-24-469-03735-507711', '11-24-469-03735-507704', '11-24-469-03735-507717', '11-24-469-03735-507703']",8,"['956.0', '2407.0', '2049.0', '3503.0', '983.0', '1142.0', '2708.0', '2733.0']",3.0
11-24-469-03735-507702,"['11-24-469-03735-507713', '11-24-469-03735-507701', '11-24-469-03735-507704', '11-24-469-03735-507703']",4,,
11-24-469-03735-507703,"['11-24-469-03735-507701', '11-24-469-03735-507702']",2,,
11-24-469-03735-507704,"['11-24-469-03735-507713', '11-24-469-03735-507701', '11-24-469-03735-507702']",3,,
11-24-469-03735-507705,"['11-24-469-03735-507701', '11-24-469-03735-507718', '11-24-469-03735-507717', '11-24-469-03735-507711']",4,,
11-24-469-03735-507711,"['11-24-469-03735-507701', '11-24-469-03735-507718', '11-24-469-03735-507717', '11-24-469-03735-507705']",4,"['3005.0', '3503.0', '2708.0', '2407.0']",3.0
11-24-469-03735-507713,"['11-24-469-03735-507701', '11-24-469-03735-507704', '11-24-469-03735-507702']",3,,
11-24-469-03735-507715,"['11-24-469-03735-507716', '11-24-469-03735-507724']",2,"['1746.0', '1019.0']",0.0
11-24-469-03735-507716,"['11-24-469-03735-507715', '11-24-469-03735-507724']",2,,
11-24-469-03735-507717,"['11-24-469-03735-507711', '11-24-469-03735-507701', '11-24-469-03735-507718', '11-24-469-03735-507705']",4,,
11-24-469-03735-507718,"['11-24-469-03735-507711', '11-24-469-03735-507701', '11-24-469-03735-507717', '11-24-469-03735-507705']",4,,
11-24-469-03735-507724,"['11-24-469-03735-507715', '11-24-469-03735-507716']",2,,
11-24-469-03735-507728,"['11-24-469-03735-507737', '11-24-469-03739-508113', '11-24-469-03739-508114', '11-24-469-03735-507735', '11-24-469-03736-507763']",5,,
11-24-469-03735-507735,"['11-24-469-03735-507737', '11-24-469-03739-508113', '11-24-469-03739-508114', '11-24-469-03735-507728', '11-24-469-03736-507763']",5,,
11-24-469-03735-507737,"['11-24-469-03739-508113', '11-24-469-03739-508114', '11-24-469-03735-507735', '11-24-469-03735-507728', '11-24-469-03736-507763']",5,,
11-24-469-03736-507748,[],0,,
11-24-469-03736-507762,['11-24-469-03736-507763'],1,,
11-24-469-03736-507763,"['11-24-469-03735-507737', '11-24-469-03739-508113', '11-24-469-03739-508114', '11-24-469-03735-507735', '11-24-469-03735-507728', '11-24-469-03736-507762']",6,,
11-24-469-03736-507767,['11-24-469-03736-507783'],1,,
11-24-469-03736-507773,['11-24-469-03736-507774'],1,,
11-24-469-03736-507774,"['11-24-469-03736-507773', '11-24-469-03736-507792']",2,,
11-24-469-03736-507777,[],0,,
11-24-469-03736-507782,"['11-24-469-03736-507800', '11-24-469-03736-507798', '11-24-469-03736-507788', '11-24-469-03736-507807', '11-24-469-03736-507790', '11-24-469-03736-507787', '11-24-469-03736-507783', '11-24-469-03736-507799']",8,,
11-24-469-03736-507783,"['11-24-469-03736-507767', '11-24-469-03736-507782']",2,"['1386.0', '572.0']",0.0
11-24-469-03736-507787,"['11-24-469-03736-507800', '11-24-469-03736-507798', '11-24-469-03736-507788', '11-24-469-03736-507807', '11-24-469-03736-507790', '11-24-469-03736-507782', '11-24-469-03736-507799']",7,,
11-24-469-03736-507788,"['11-24-469-03736-507800', '11-24-469-03736-507798', '11-24-469-03736-507807', '11-24-469-03736-507790', '11-24-469-03736-507782', '11-24-469-03736-507787', '11-24-469-03736-507799']",7,,
11-24-469-03736-507790,"['11-24-469-03736-507800', '11-24-469-03736-507798', '11-24-469-03736-507788', '11-24-469-03736-507807', '11-24-469-03736-507782', '11-24-469-03736-507787', '11-24-469-03736-507799']",7,,
11-24-469-03736-507791,['11-24-469-03736-507798'],1,,
11-24-469-03736-507792,['11-24-469-03736-507774'],1,,
11-24-469-03736-507798,"['11-24-469-03736-507800', '11-24-469-03736-507788', '11-24-469-03736-507791', '11-24-469-03736-507807', '11-24-469-03736-507790', '11-24-469-03736-507782', '11-24-469-03736-507787', '11-24-469-03736-507799']",8,,
11-24-469-03736-507799,"['11-24-469-03736-507800', '11-24-469-03736-507798', '11-24-469-03736-507788', '11-24-469-03736-507807', '11-24-469-03736-507790', '11-24-469-03736-507782', '11-24-469-03736-507787']",7,,
11-24-469-03736-507800,"['11-24-469-03736-507798', '11-24-469-03736-507788', '11-24-469-03736-507807', '11-24-469-03736-507790', '11-24-469-03736-507782', '11-24-469-03736-507787', '11-24-469-03736-507799']",7,,
11-24-469-03736-507807,"['11-24-469-03736-507800', '11-24-469-03736-507798', '11-24-469-03736-507788', '11-24-469-03736-507790', '11-24-469-03736-507782', '11-24-469-03736-507787', '11-24-469-03736-507799']",7,,
11-24-469-03736-507810,['11-24-469-03736-507813'],1,['2274.0'],0.0
11-24-469-03736-507813,['11-24-469-03736-507810'],1,,
11-24-469-03737-507833,[],0,,
11-24-469-03737-507836,"['11-24-469-03737-507839', '11-24-469-03737-507837']",2,,
11-24-469-03737-507837,"['11-24-469-03737-507839', '11-24-469-03737-507836']",2,,
11-24-469-03737-507839,"['11-24-469-03737-507836', '11-24-469-03737-507837']",2,,
11-24-469-03737-507858,['11-24-469-03737-507873'],1,,
11-24-469-03737-507860,"['11-24-469-03737-507867', '11-24-469-03737-507866', '11-24-469-03737-507897', '11-24-469-03737-507868']",4,,
11-24-469-03737-507866,"['11-24-469-03737-507860', '11-24-469-03737-507867', '11-24-469-03737-507897', '11-24-469-03737-507868']",4,,
11-24-469-03737-507867,"['11-24-469-03737-507860', '11-24-469-03737-507866', '11-24-469-03737-507897', '11-24-469-03737-507868']",4,,
11-24-469-03737-507868,"['11-24-469-03737-507860', '11-24-469-03737-507867', '11-24-469-03737-507866', '11-24-469-03737-507897']",4,,
11-24-469-03737-507871,"['11-24-469-03737-507896', '11-24-469-03737-507906']",2,,
11-24-469-03737-507873,"['11-24-469-03737-507858', '11-24-469-03737-507895']",2,,
11-24-469-03737-507890,"['11-24-469-03737-507916', '11-24-469-03737-507917']",2,,
11-24-469-03737-507891,['11-24-469-03737-507893'],1,,
11-24-469-03737-507893,['11-24-469-03737-507891'],1,,
11-24-469-03737-507895,['11-24-469-03737-507873'],1,,
11-24-469-03737-507896,"['11-24-469-03737-507906', '11-24-469-03737-507871']",2,,
11-24-469-03737-507897,"['11-24-469-03737-507860', '11-24-469-03737-507867', '11-24-469-03737-507866', '11-24-469-03737-507868']",4,,
11-24-469-03737-507906,"['11-24-469-03737-507896', '11-24-469-03737-507871']",2,,
11-24-469-03737-507910,['11-24-469-03737-507925'],1,,
11-24-469-03737-507914,"['11-24-469-03737-507956', '11-24-469-03737-507958', '11-24-469-03737-507923', '11-24-469-03737-507959', '11-24-469-03737-507921']",5,,
11-24-469-03737-507916,"['11-24-469-03737-507890', '11-24-469-03737-507917']",2,,
11-24-469-03737-507917,"['11-24-469-03737-507916', '11-24-469-03737-507922', '11-24-469-03737-507890', '11-24-469-03737-507921']",4,,
11-24-469-03737-507921,"['11-24-469-03737-507956', '11-24-469-03737-507958', '11-24-469-03737-507923', '11-24-469-03737-507917', '11-24-469-03737-507959', '11-24-469-03737-507922', '11-24-469-03737-507914']",7,,
11-24-469-03737-507922,"['11-24-469-03737-507917', '11-24-469-03737-507921']",2,,
11-24-469-03737-507923,"['11-24-469-03737-507956', '11-24-469-03737-507958', '11-24-469-03737-507959', '11-24-469-03737-507921', '11-24-469-03737-507914']",5,,
11-24-469-03737-507925,['11-24-469-03737-507910'],1,,
11-24-469-03737-507956,"['11-24-469-03737-507958', '11-24-469-03737-507923', '11-24-469-03737-507959', '11-24-469-03737-507921', '11-24-469-03737-507914']",5,,
11-24-469-03737-507958,"['11-24-469-03737-507956', '11-24-469-03737-507923', '11-24-472-03760-509807', '11-24-469-03737-507959', '11-24-469-03737-507921', '11-24-469-03737-507914']",6,,
11-24-469-03737-507959,"['11-24-469-03737-507956', '11-24-469-03737-507923', '11-24-469-03737-507958', '11-24-469-03737-507921', '11-24-469-03737-507914']",5,,
11-24-469-03738-508034,[],0,,
11-24-469-03738-508045,[],0,[nan],0.0
11-24-469-03738-508073,"['11-24-469-03738-508080', '11-24-469-03738-508079', '11-24-469-03738-508097', '11-24-469-03738-508074']",4,,
11-24-469-03738-508074,"['11-24-469-03738-508080', '11-24-469-03738-508073', '11-24-469-03738-508097', '11-24-469-03738-508079']",4,,
11-24-469-03738-508079,"['11-24-469-03738-508080', '11-24-469-03738-508073', '11-24-469-03738-508097', '11-24-469-03738-508074']",4,,
11-24-469-03738-508080,"['11-24-469-03738-508079', '11-24-469-03738-508073', '11-24-469-03738-508097', '11-24-469-03738-508074']",4,,
11-24-469-03738-508085,['11-24-469-03738-508086'],1,,
11-24-469-03738-508086,['11-24-469-03738-508085'],1,,
11-24-469-03738-508097,"['11-24-469-03738-508080', '11-24-469-03738-508079', '11-24-469-03738-508073', '11-24-469-03738-508074']",4,,
11-24-469-03739-508113,"['11-24-469-03735-507737', '11-24-469-03739-508114', '11-24-469-03735-507735', '11-24-469-03735-507728', '11-24-469-03736-507763']",5,"['844.0', '471.0', '5136.0', '847.0', '4120.0']",2.0
11-24-469-03739-508114,"['11-24-469-03735-507737', '11-24-469-03739-508113', '11-24-469-03735-507735', '11-24-469-03735-507728', '11-24-469-03736-507763']",5,,
11-24-469-03739-508168,['11-24-469-03739-508192'],1,,
11-24-469-03739-508176,"['11-24-469-03739-508177', '11-24-469-03739-508184', '11-24-469-03739-508179', '11-24-469-03739-508183']",4,,
11-24-469-03739-508177,"['11-24-469-03739-508179', '11-24-469-03739-508184', '11-24-469-03739-508176', '11-24-469-03739-508183']",4,,
11-24-469-03739-508179,"['11-24-469-03739-508177', '11-24-469-03739-508184', '11-24-469-03739-508176', '11-24-469-03739-508183']",4,,
11-24-469-03739-508183,"['11-24-469-03739-508177', '11-24-469-03739-508184', '11-24-469-03739-508176', '11-24-469-03739-508179']",4,,
11-24-469-03739-508184,"['11-24-469-03739-508177', '11-24-469-03739-508176', '11-24-469-03739-508183', '11-24-469-03739-508179']",4,,
11-24-469-03739-508192,['11-24-469-03739-508168'],1,,
11-24-469-03740-508250,"['11-24-469-03740-508271', '11-24-469-03740-508277']",2,,
11-24-469-03740-508264,"['11-24-469-03740-508287', '11-24-469-03740-508265']",2,,
11-24-469-03740-508265,"['11-24-469-03740-508264', '11-24-469-03740-508287']",2,,
11-24-469-03740-508271,"['11-24-469-03740-508278', '11-24-469-03740-508295', '11-24-469-03740-508277', '11-24-469-03740-508250']",4,,
11-24-469-03740-508274,['11-24-469-03733-507587'],1,,
11-24-469-03740-508275,"['11-24-469-03740-508303', '11-24-469-03740-508298', '11-24-469-03740-508276', '11-24-469-03740-508277']",4,,
11-24-469-03740-508276,"['11-24-469-03740-508275', '11-24-469-03740-508303', '11-24-469-03740-508298', '11-24-469-03740-508277']",4,,
11-24-469-03740-508277,"['11-24-469-03740-508275', '11-24-469-03740-508303', '11-24-469-03740-508250', '11-24-469-03740-508298', '11-24-469-03740-508276', '11-24-469-03740-508271']",6,,
11-24-469-03740-508278,"['11-24-469-03740-508295', '11-24-469-03740-508271']",2,,
11-24-469-03740-508287,"['11-24-469-03740-508264', '11-24-469-03740-508265']",2,,
11-24-469-03740-508295,"['11-24-469-03740-508278', '11-24-469-03740-508271']",2,,
11-24-469-03740-508298,"['11-24-469-03740-508275', '11-24-469-03740-508303', '11-24-469-03740-508276', '11-24-469-03740-508277']",4,,
11-24-469-03740-508300,['11-24-469-03740-508301'],1,['4644.0'],1.0
11-24-469-03740-508301,['11-24-469-03740-508300'],1,,
11-24-469-03740-508303,"['11-24-469-03740-508275', '11-24-469-03740-508298', '11-24-469-03740-508276', '11-24-469-03740-508277']",4,,
11-24-469-03740-508344,[],0,,
11-24-469-03740-508351,"['11-24-469-03740-508353', '11-24-469-03740-508352', '11-24-469-03741-508427', '11-24-469-03740-508354']",4,,
11-24-469-03740-508352,"['11-24-469-03740-508351', '11-24-469-03740-508353', '11-24-469-03740-508354', '11-24-469-03741-508427']",4,,
11-24-469-03740-508353,"['11-24-469-03740-508351', '11-24-469-03740-508352', '11-24-469-03741-508427', '11-24-469-03740-508354']",4,,
11-24-469-03740-508354,"['11-24-469-03740-508351', '11-24-469-03740-508353', '11-24-469-03740-508352', '11-24-469-03741-508427']",4,,
11-24-469-03740-508363,[],0,,
11-24-469-03740-508366,[],0,,
11-24-469-03741-508410,[],0,[nan],0.0
11-24-469-03741-508414,[],0,[nan],0.0
11-24-469-03741-508427,"['11-24-469-03740-508351', '11-24-469-03740-508353', '11-24-469-03740-508352', '11-24-469-03740-508354']",4,"['3709.0', '2719.0', '1212.0', '671.0']",2.0
11-24-469-03741-508435,"['11-24-469-03741-508439', '11-24-469-03741-508440']",2,"['449.0', '603.0']",0.0
11-24-469-03741-508439,"['11-24-469-03741-508440', '11-24-469-03741-508435']",2,,
11-24-469-03741-508440,"['11-24-469-03741-508439', '11-24-469-03741-508435']",2,,
11-24-469-03742-508473,"['11-24-469-03742-508475', '11-24-469-03742-802452']",2,,
11-24-469-03742-508475,"['11-24-469-03742-508473', '11-24-469-03742-802452']",2,,
11-24-469-03742-802452,"['11-24-469-03742-508473', '11-24-469-03742-508475']",2,,
11-24-469-03743-508543,[],0,[nan],0.0
11-24-469-03743-508547,[],0,[nan],0.0
11-24-469-03743-508576,['11-24-469-03743-508589'],1,,
11-24-469-03743-508589,['11-24-469-03743-508576'],1,,
11-24-469-03743-508601,"['11-24-470-03748-508930', '11-24-469-03743-508602']",2,,
11-24-469-03743-508602,"['11-24-469-03743-508601', '11-24-470-03748-508930']",2,,
11-24-470-03744-508605,['11-24-470-03744-508622'],1,,
11-24-470-03744-508613,"['11-24-470-03745-508676', '11-24-470-03744-508614']",2,,
11-24-470-03744-508614,"['11-24-470-03744-508613', '11-24-470-03745-508676']",2,,
11-24-470-03744-508622,['11-24-470-03744-508605'],1,,
11-24-470-03744-508645,['11-24-470-03744-508653'],1,,
11-24-470-03744-508653,['11-24-470-03744-508645'],1,,
11-24-470-03744-508655,"['11-24-470-03744-508670', '11-24-470-03744-508667']",2,,
11-24-470-03744-508667,"['11-24-470-03744-508670', '11-24-470-03744-508655']",2,,
11-24-470-03744-508670,"['11-24-470-03744-508667', '11-24-470-03744-508655']",2,"['2287.0', '1350.0']",0.0
11-24-470-03744-508673,['11-24-470-03749-508998'],1,,
11-24-470-03745-508676,"['11-24-470-03744-508613', '11-24-470-03744-508614']",2,,
11-24-470-03745-508684,"['11-24-470-03745-508701', '11-24-470-03745-508695', '11-24-470-03745-508700', '11-24-470-03745-508696']",4,,
11-24-470-03745-508686,['11-24-470-03745-508692'],1,,
11-24-470-03745-508691,['11-24-470-03745-508692'],1,,
11-24-470-03745-508692,"['11-24-470-03745-508686', '11-24-470-03745-508691']",2,,
11-24-470-03745-508695,"['11-24-470-03745-508684', '11-24-470-03745-508696', '11-24-470-03745-508700', '11-24-470-03745-508701']",4,,
11-24-470-03745-508696,"['11-24-470-03745-508684', '11-24-470-03745-508695', '11-24-470-03745-508700', '11-24-470-03745-508701']",4,,
11-24-470-03745-508698,['11-24-470-03745-508711'],1,,
11-24-470-03745-508700,"['11-24-470-03745-508701', '11-24-470-03745-508696', '11-24-470-03745-508684', '11-24-470-03745-508695', '11-24-470-03745-508710']",5,,
11-24-470-03745-508701,"['11-24-470-03745-802454', '11-24-470-03745-508696', '11-24-470-03745-508684', '11-24-470-03745-508695', '11-24-470-03745-508700', '11-24-470-03745-508710']",6,,
11-24-470-03745-508710,"['11-24-470-03745-508701', '11-24-470-03745-508700']",2,,
11-24-470-03745-508711,['11-24-470-03745-508698'],1,,
11-24-470-03745-508712,['11-24-470-03745-508714'],1,,
11-24-470-03745-508714,['11-24-470-03745-508712'],1,['3152.0'],1.0
11-24-470-03745-508720,"['11-24-470-03745-508724', '11-24-470-03745-508723', '11-24-470-03745-508722']",3,,
11-24-470-03745-508722,"['11-24-470-03745-508720', '11-24-470-03745-508724', '11-24-470-03745-508723']",3,,
11-24-470-03745-508723,"['11-24-470-03745-508720', '11-24-470-03745-508724', '11-24-470-03745-508722']",3,,
11-24-470-03745-508724,"['11-24-470-03745-508720', '11-24-470-03745-508723', '11-24-470-03745-508722']",3,,
11-24-470-03745-802454,['11-24-470-03745-508701'],1,,
11-24-470-03746-508746,[],0,[nan],0.0
11-24-470-03747-508791,[],0,,
11-24-470-03747-508817,['11-24-470-03747-508823'],1,,
11-24-470-03747-508820,"['11-24-470-03747-508850', '11-24-470-03747-508821', '11-24-470-03747-508848', '11-24-470-03747-508863']",4,,
11-24-470-03747-508821,"['11-24-470-03747-508820', '11-24-470-03747-508848', '11-24-470-03747-508863', '11-24-470-03747-508850']",4,"['1140.0', '1197.0', '632.0', '227.0']",0.0
11-24-470-03747-508823,['11-24-470-03747-508817'],1,,
11-24-470-03747-508826,"['11-24-470-03747-508856', '11-24-470-03747-508857']",2,,
11-24-470-03747-508832,[],0,,
11-24-470-03747-508844,"['11-24-470-03747-508845', '11-24-470-03747-508867']",2,"['1905.0', '2762.0']",1.0
11-24-470-03747-508845,"['11-24-470-03747-508844', '11-24-470-03747-508867']",2,,
11-24-470-03747-508848,"['11-24-470-03747-508820', '11-24-470-03747-508821', '11-24-470-03747-508863', '11-24-470-03747-508850']",4,"['1140.0', '5081.0', '632.0', '227.0']",1.0
11-24-470-03747-508850,"['11-24-470-03747-508820', '11-24-470-03747-508821', '11-24-470-03747-508848', '11-24-470-03747-508863']",4,,
11-24-470-03747-508856,"['11-24-470-03747-508826', '11-24-470-03747-508857']",2,,
11-24-470-03747-508857,"['11-24-470-03747-508826', '11-24-470-03747-508856']",2,,
11-24-470-03747-508863,"['11-24-470-03747-508820', '11-24-470-03747-508821', '11-24-470-03747-508848', '11-24-470-03747-508850']",4,"['1140.0', '5081.0', '1197.0', '227.0']",1.0
11-24-470-03747-508867,"['11-24-470-03747-508844', '11-24-470-03747-508845']",2,,
11-24-470-03747-508880,['11-24-470-03747-508909'],1,['10132.0'],1.0
11-24-470-03747-508898,"['11-24-470-03747-508899', '11-24-470-03747-508900']",2,"['1108.0', '1412.0']",0.0
11-24-470-03747-508899,"['11-24-470-03747-508898', '11-24-470-03747-508900']",2,"['6261.0', '1412.0']",1.0
11-24-470-03747-508900,"['11-24-470-03747-508899', '11-24-470-03747-508898']",2,,
11-24-470-03747-508909,['11-24-470-03747-508880'],1,,
11-24-470-03748-508930,"['11-24-469-03743-508601', '11-24-469-03743-508602']",2,,
11-24-470-03749-508982,['11-24-470-03749-508984'],1,,
11-24-470-03749-508984,['11-24-470-03749-508982'],1,,
11-24-470-03749-508998,['11-24-470-03744-508673'],1,,
11-24-470-03749-509006,[],0,,
11-24-470-03749-509029,[],0,,
11-24-470-03749-509039,[],0,,
11-24-470-03749-509045,['11-24-470-03749-509060'],1,,
11-24-470-03749-509049,['11-24-470-03749-509050'],1,,
11-24-470-03749-509050,['11-24-470-03749-509049'],1,,
11-24-470-03749-509060,['11-24-470-03749-509045'],1,,
11-24-470-03750-509108,['11-24-471-03758-509565'],1,,
11-24-471-03751-509158,['11-24-471-03752-509198'],1,,
11-24-471-03752-509198,['11-24-471-03751-509158'],1,,
11-24-471-03752-509211,[],0,,
11-24-471-03752-509216,['11-24-471-03752-509217'],1,,
11-24-471-03752-509217,['11-24-471-03752-509216'],1,['3870.0'],1.0
11-24-471-03752-509220,['11-24-471-03752-802459'],1,[nan],0.0
11-24-471-03752-509232,['11-24-471-03752-509233'],1,,
11-24-471-03752-509233,['11-24-471-03752-509232'],1,,
11-24-471-03752-802459,['11-24-471-03752-509220'],1,,
11-24-471-03753-509267,[],0,[nan],0.0
11-24-471-03754-509328,[],0,[nan],0.0
11-24-471-03755-509338,[],0,[nan],0.0
11-24-471-03755-509341,[],0,[nan],0.0
11-24-471-03755-509360,"['11-24-471-03755-802462', '11-24-471-03755-509361']",2,,
11-24-471-03755-509361,"['11-24-471-03755-802462', '11-24-471-03755-509360']",2,,
11-24-471-03755-509362,[],0,,
11-24-471-03755-802462,"['11-24-471-03755-509361', '11-24-471-03755-509360']",2,,
11-24-471-03756-509431,[],0,,
11-24-471-03756-509433,['11-24-473-03774-511201'],1,,
11-24-471-03756-509442,['11-24-473-03774-511194'],1,,
11-24-471-03756-509444,['11-24-473-03774-511195'],1,,
11-24-471-03757-509515,[],0,,
11-24-471-03757-509517,[],0,,
11-24-471-03758-509565,['11-24-470-03750-509108'],1,,
11-24-471-03758-509589,['11-24-471-03758-509590'],1,,
11-24-471-03758-509590,['11-24-471-03758-509589'],1,,
11-24-471-03758-509599,[],0,,
11-24-471-03758-509600,['11-24-471-03758-509603'],1,,
11-24-471-03758-509603,['11-24-471-03758-509600'],1,,
11-24-471-03758-509607,"['11-24-471-03758-509608', '11-24-471-03758-509611']",2,,
11-24-471-03758-509608,"['11-24-471-03758-509607', '11-24-471-03758-509611']",2,,
11-24-471-03758-509611,"['11-24-471-03758-509607', '11-24-471-03758-509608']",2,,
11-24-471-03759-509623,[],0,[nan],0.0
11-24-471-03759-509648,"['11-24-474-03778-511476', '11-24-474-03778-511477']",2,,
11-24-471-03759-509660,['11-24-473-03773-802474'],1,,
11-24-471-03759-509670,[],0,[nan],0.0
11-24-471-03759-509691,['11-24-471-03759-509695'],1,,
11-24-471-03759-509695,['11-24-471-03759-509691'],1,['795.0'],0.0
11-24-471-03759-509701,['11-24-471-03759-509703'],1,,
11-24-471-03759-509703,['11-24-471-03759-509701'],1,,
11-24-472-03760-509742,['11-24-472-03760-509754'],1,,
11-24-472-03760-509748,"['11-24-472-03760-509766', '11-24-472-03760-509772', '11-24-472-03760-509764', '11-24-472-03760-509765', '11-24-472-03760-509773', '11-24-472-03760-509767']",6,,
11-24-472-03760-509754,['11-24-472-03760-509742'],1,,
11-24-472-03760-509764,"['11-24-472-03760-509748', '11-24-472-03760-509766', '11-24-472-03760-509781', '11-24-472-03760-509772', '11-24-472-03760-509765', '11-24-472-03760-509773', '11-24-472-03760-509767']",7,"['2640.0', '1382.0', '8577.0', '2961.0', '809.0', '2762.0', '1169.0']",4.0
11-24-472-03760-509765,"['11-24-472-03760-509748', '11-24-472-03760-509766', '11-24-472-03760-509772', '11-24-472-03760-509764', '11-24-472-03760-509773', '11-24-472-03760-509767']",6,,
11-24-472-03760-509766,"['11-24-472-03760-509748', '11-24-472-03760-509772', '11-24-472-03760-509764', '11-24-472-03760-509765', '11-24-472-03760-509773', '11-24-472-03760-509767']",6,,
11-24-472-03760-509767,"['11-24-472-03760-509748', '11-24-472-03760-509766', '11-24-472-03760-509772', '11-24-472-03760-509764', '11-24-472-03760-509765', '11-24-472-03760-509773']",6,,
11-24-472-03760-509772,"['11-24-472-03760-509748', '11-24-472-03760-509766', '11-24-472-03760-509764', '11-24-472-03760-509765', '11-24-472-03760-509773', '11-24-472-03760-509767']",6,,
11-24-472-03760-509773,"['11-24-472-03760-509748', '11-24-472-03760-509766', '11-24-472-03760-509781', '11-24-472-03760-509772', '11-24-472-03760-509764', '11-24-472-03760-509765', '11-24-472-03760-509767']",7,"['2640.0', '1382.0', '8577.0', '2961.0', '3674.0', '809.0', '1169.0']",4.0
11-24-472-03760-509775,['11-24-472-03760-509778'],1,['4962.0'],1.0
11-24-472-03760-509778,['11-24-472-03760-509775'],1,['6154.0'],1.0
11-24-472-03760-509781,"['11-24-472-03760-509764', '11-24-472-03760-509773']",2,"['3674.0', '2762.0']",2.0
11-24-472-03760-509784,['11-24-472-03760-509790'],1,['1908.0'],0.0
11-24-472-03760-509786,"['11-24-472-03760-509788', '11-24-472-03760-509789']",2,,
11-24-472-03760-509788,"['11-24-472-03760-509786', '11-24-472-03760-509789']",2,,
11-24-472-03760-509789,"['11-24-472-03760-509791', '11-24-472-03760-509788', '11-24-472-03760-509786', '11-24-472-03760-509792', '11-24-472-03760-509798', '11-24-472-03760-509799']",6,,
11-24-472-03760-509790,['11-24-472-03760-509784'],1,['1003.0'],0.0
11-24-472-03760-509791,"['11-24-472-03760-509799', '11-24-472-03760-509789']",2,,
11-24-472-03760-509792,"['11-24-472-03760-509789', '11-24-472-03760-509798']",2,,
11-24-472-03760-509795,"['11-24-472-03760-509796', '11-24-472-03760-509801']",2,,
11-24-472-03760-509796,"['11-24-472-03760-509795', '11-24-472-03760-509801']",2,,
11-24-472-03760-509798,"['11-24-472-03760-509792', '11-24-472-03760-509789']",2,,
11-24-472-03760-509799,"['11-24-472-03760-509791', '11-24-472-03760-509800', '11-24-472-03760-509789', '11-24-472-03760-509804']",4,"['1481.0', '1538.0', '1049.0', '2135.0']",0.0
11-24-472-03760-509800,"['11-24-472-03760-509799', '11-24-472-03760-509804']",2,,
11-24-472-03760-509801,"['11-24-472-03760-509795', '11-24-472-03760-509796']",2,,
11-24-472-03760-509803,"['11-24-472-03760-509806', '11-24-472-03760-509804']",2,,
11-24-472-03760-509804,"['11-24-472-03760-509799', '11-24-472-03760-509803', '11-24-472-03760-509806', '11-24-472-03760-509800']",4,,
11-24-472-03760-509806,"['11-24-472-03760-509803', '11-24-472-03760-509804']",2,,
11-24-472-03760-509807,['11-24-469-03737-507958'],1,,
11-24-472-03760-509812,"['11-24-472-03760-509815', '11-24-472-03760-509813']",2,,
11-24-472-03760-509813,"['11-24-472-03760-509812', '11-24-472-03760-509815']",2,,
11-24-472-03760-509815,"['11-24-472-03760-509827', '11-24-472-03760-509813', '11-24-472-03760-509830', '11-24-472-03760-509812', '11-24-472-03760-802466']",5,,
11-24-472-03760-509818,"['11-24-472-03760-509833', '11-24-472-03760-509832']",2,"['2006.0', '1821.0', '603.0']",0.0
11-24-472-03760-509820,"['11-24-472-03760-509822', '11-24-472-03760-509823', '11-24-472-03760-509835']",3,,
11-24-472-03760-509822,"['11-24-472-03760-509820', '11-24-472-03760-509823', '11-24-472-03760-509835']",3,,
11-24-472-03760-509823,"['11-24-472-03760-509822', '11-24-472-03760-509820', '11-24-472-03760-509835']",3,"['295.0', '1916.0', '2099.0']",0.0
11-24-472-03760-509827,"['11-24-472-03760-509830', '11-24-472-03760-509815', '11-24-472-03760-802466']",3,,
11-24-472-03760-509828,['11-24-472-03760-509829'],1,,
11-24-472-03760-509829,['11-24-472-03760-509828'],1,['3134.0'],1.0
11-24-472-03760-509830,"['11-24-472-03760-509815', '11-24-472-03760-509827', '11-24-472-03760-802466']",3,,
11-24-472-03760-509832,"['11-24-472-03760-509833', '11-24-472-03760-509818']",2,"['2006.0', '5359.0']",1.0
11-24-472-03760-509833,"['11-24-472-03760-509832', '11-24-472-03760-509818']",2,,
11-24-472-03760-509835,"['11-24-472-03760-509822', '11-24-472-03760-509820', '11-24-472-03760-509823']",3,,
11-24-472-03760-509841,"['11-24-472-03760-509843', '11-24-472-03760-509842', '11-24-472-03760-802466']",3,,
11-24-472-03760-509842,"['11-24-472-03760-509843', '11-24-472-03760-509841', '11-24-472-03760-802466']",3,,
11-24-472-03760-509843,"['11-24-472-03760-509842', '11-24-472-03760-509841', '11-24-472-03760-802466']",3,,
11-24-472-03760-509854,"['11-24-472-03760-509859', '11-24-472-03760-802466']",2,,
11-24-472-03760-509859,"['11-24-472-03760-802466', '11-24-472-03760-509854']",2,,
11-24-472-03760-509861,['11-24-472-03760-509862'],1,,
11-24-472-03760-509862,['11-24-472-03760-509861'],1,,
11-24-472-03760-802466,"['11-24-472-03760-509827', '11-24-472-03760-509842', '11-24-472-03760-509815', '11-24-472-03760-509854', '11-24-472-03760-509843', '11-24-472-03760-509830', '11-24-472-03760-509841', '11-24-472-03760-509859']",8,,
11-24-472-03761-509870,"['11-24-472-03761-509877', '11-24-472-03761-509872', '11-24-472-03761-509886', '11-24-472-03761-509901', '11-24-472-03761-509871', '11-24-472-03761-509885', '11-24-472-03761-509878']",7,,
11-24-472-03761-509871,"['11-24-472-03761-509870', '11-24-472-03761-509877', '11-24-472-03761-509872', '11-24-472-03761-509886', '11-24-472-03761-509901', '11-24-472-03761-509885', '11-24-472-03761-509878']",7,,
11-24-472-03761-509872,"['11-24-472-03761-509870', '11-24-472-03761-509877', '11-24-472-03761-509886', '11-24-472-03761-509901', '11-24-472-03761-509871', '11-24-472-03761-509885', '11-24-472-03761-509878']",7,,
11-24-472-03761-509874,['11-24-472-03761-509875'],1,,
11-24-472-03761-509875,['11-24-472-03761-509874'],1,['1449.0'],0.0
11-24-472-03761-509877,"['11-24-472-03761-509870', '11-24-472-03761-509872', '11-24-472-03761-509886', '11-24-472-03761-509901', '11-24-472-03761-509871', '11-24-472-03761-509885', '11-24-472-03761-509878']",7,,
11-24-472-03761-509878,"['11-24-472-03761-509870', '11-24-472-03761-509877', '11-24-472-03761-509872', '11-24-472-03761-509886', '11-24-472-03761-509901', '11-24-472-03761-509871', '11-24-472-03761-509885']",7,,
11-24-472-03761-509885,"['11-24-472-03761-509870', '11-24-472-03761-509877', '11-24-472-03761-509872', '11-24-472-03761-509886', '11-24-472-03761-509901', '11-24-472-03761-509871', '11-24-472-03761-509878']",7,,
11-24-472-03761-509886,"['11-24-472-03761-509870', '11-24-472-03761-509877', '11-24-472-03761-509872', '11-24-472-03761-509901', '11-24-472-03761-509871', '11-24-472-03761-509885', '11-24-472-03761-509878']",7,,
11-24-472-03761-509892,"['11-24-472-03761-509900', '11-24-472-03761-509910', '11-24-472-03761-509909', '11-24-472-03761-509899']",4,"['941.0', '677.0', '446.0', '1073.0']",0.0
11-24-472-03761-509899,"['11-24-472-03761-509900', '11-24-472-03761-509892', '11-24-472-03761-509910', '11-24-472-03761-509909']",4,,
11-24-472-03761-509900,"['11-24-472-03761-509892', '11-24-472-03761-509910', '11-24-472-03761-509909', '11-24-472-03761-509899']",4,,
11-24-472-03761-509901,"['11-24-472-03761-509870', '11-24-472-03761-509877', '11-24-472-03761-509872', '11-24-472-03761-509886', '11-24-472-03761-509908', '11-24-472-03761-509871', '11-24-472-03761-509885', '11-24-472-03761-509878']",8,,
11-24-472-03761-509902,"['11-24-472-03761-509906', '11-24-472-03761-509953']",2,,
11-24-472-03761-509906,"['11-24-472-03761-509902', '11-24-472-03761-509907', '11-24-472-03761-509953', '11-24-472-03761-509923']",4,,
11-24-472-03761-509907,"['11-24-472-03761-509906', '11-24-472-03761-509923']",2,,
11-24-472-03761-509908,['11-24-472-03761-509901'],1,,
11-24-472-03761-509909,"['11-24-472-03761-509900', '11-24-472-03761-509892', '11-24-472-03761-509910', '11-24-472-03761-509921', '11-24-472-03761-509899']",5,,
11-24-472-03761-509910,"['11-24-472-03761-509900', '11-24-472-03761-509892', '11-24-472-03761-509909', '11-24-472-03761-509899']",4,,
11-24-472-03761-509921,['11-24-472-03761-509909'],1,,
11-24-472-03761-509923,"['11-24-472-03761-509907', '11-24-472-03761-509906']",2,,
11-24-472-03761-509926,[],0,,
11-24-472-03761-509931,"['11-24-472-03761-509942', '11-24-472-03761-509951', '11-24-472-03761-509943', '11-24-472-03761-509941', '11-24-472-03761-509950']",5,,
11-24-472-03761-509941,"['11-24-472-03761-509942', '11-24-472-03761-509931', '11-24-472-03761-509951', '11-24-472-03761-509943', '11-24-472-03761-509950']",5,,
11-24-472-03761-509942,"['11-24-472-03761-509931', '11-24-472-03761-509951', '11-24-472-03761-509943', '11-24-472-03761-509941', '11-24-472-03761-509950']",5,,
11-24-472-03761-509943,"['11-24-472-03761-509942', '11-24-472-03761-509951', '11-24-472-03761-509931', '11-24-472-03761-509941', '11-24-472-03761-509950']",5,,
11-24-472-03761-509946,"['11-24-472-03764-510154', '11-24-472-03761-509949', '11-24-472-03761-509950', '11-24-472-03761-509947']",4,,
11-24-472-03761-509947,"['11-24-472-03764-510154', '11-24-472-03761-509949', '11-24-472-03761-509950', '11-24-472-03761-509946']",4,,
11-24-472-03761-509949,"['11-24-472-03764-510154', '11-24-472-03761-509950', '11-24-472-03761-509947', '11-24-472-03761-509946']",4,,
11-24-472-03761-509950,"['11-24-472-03761-509942', '11-24-472-03764-510154', '11-24-472-03761-509931', '11-24-472-03761-509951', '11-24-472-03761-509943', '11-24-472-03761-509949', '11-24-472-03761-509941', '11-24-472-03761-509946', '11-24-472-03761-509947']",9,,
11-24-472-03761-509951,"['11-24-472-03761-509942', '11-24-472-03761-509931', '11-24-472-03761-509943', '11-24-472-03761-509941', '11-24-472-03761-509950']",5,,
11-24-472-03761-509953,"['11-24-472-03761-509902', '11-24-472-03761-509906']",2,,
11-24-472-03762-509957,"['11-24-472-03762-802467', '11-24-472-03762-509958', '11-24-472-03762-509983', '11-24-472-03762-509981']",4,,
11-24-472-03762-509958,"['11-24-472-03762-802467', '11-24-472-03762-509957', '11-24-472-03762-509983', '11-24-472-03762-509981']",4,,
11-24-472-03762-509964,"['11-24-472-03762-509965', '11-24-472-03762-509978']",2,,
11-24-472-03762-509965,"['11-24-472-03762-509964', '11-24-472-03762-509978']",2,,
11-24-472-03762-509976,[],0,,
11-24-472-03762-509978,"['11-24-472-03762-509964', '11-24-472-03762-509965']",2,,
11-24-472-03762-509981,"['11-24-472-03762-802467', '11-24-472-03762-509957', '11-24-472-03762-509958', '11-24-472-03762-509983']",4,,
11-24-472-03762-509983,"['11-24-472-03762-802467', '11-24-472-03762-509957', '11-24-472-03762-509958', '11-24-472-03762-509981']",4,,
11-24-472-03762-509988,"['11-24-472-03762-802467', '11-24-472-03762-509989']",2,,
11-24-472-03762-509989,"['11-24-472-03762-802467', '11-24-472-03762-509988']",2,,
11-24-472-03762-510003,"['11-24-472-03762-510004', '11-24-472-03763-510018']",2,,
11-24-472-03762-510004,"['11-24-472-03762-510003', '11-24-472-03763-510018']",2,,
11-24-472-03762-510006,['11-24-472-03763-510020'],1,,
11-24-472-03762-802467,"['11-24-472-03762-509989', '11-24-472-03762-509957', '11-24-472-03762-509983', '11-24-472-03762-509958', '11-24-472-03762-509988', '11-24-472-03762-509981']",6,,
11-24-472-03763-510011,[],0,,
11-24-472-03763-510016,"['11-24-472-03763-510040', '11-24-472-03763-510077', '11-24-472-03763-510039', '11-24-472-03763-510055', '11-24-472-03763-510042', '11-24-472-03763-510041', '11-24-472-03763-510054']",7,,
11-24-472-03763-510018,"['11-24-472-03762-510004', '11-24-472-03762-510003']",2,,
11-24-472-03763-510020,['11-24-472-03762-510006'],1,,
11-24-472-03763-510025,['11-24-472-03763-510032'],1,,
11-24-472-03763-510028,"['11-24-472-03764-510150', '11-24-472-03763-510031', '11-24-472-03764-510164']",3,,
11-24-472-03763-510031,['11-24-472-03763-510028'],1,,
11-24-472-03763-510032,['11-24-472-03763-510025'],1,,
11-24-472-03763-510033,"['11-24-472-03763-510062', '11-24-472-03763-510034', '11-24-472-03763-510063']",3,"['6399.0', '1490.0', '1678.0']",1.0
11-24-472-03763-510034,"['11-24-472-03763-510062', '11-24-472-03763-510033', '11-24-472-03763-510063']",3,,
11-24-472-03763-510039,"['11-24-472-03763-510040', '11-24-472-03763-510077', '11-24-472-03763-510016', '11-24-472-03763-510055', '11-24-472-03763-510042', '11-24-472-03763-510041', '11-24-472-03763-510054']",7,,
11-24-472-03763-510040,"['11-24-472-03763-510077', '11-24-472-03763-510016', '11-24-472-03763-510039', '11-24-472-03763-510055', '11-24-472-03763-510042', '11-24-472-03763-510041', '11-24-472-03763-510054']",7,,
11-24-472-03763-510041,"['11-24-472-03763-510040', '11-24-472-03763-510077', '11-24-472-03763-510016', '11-24-472-03763-510039', '11-24-472-03763-510055', '11-24-472-03763-510042', '11-24-472-03763-510054']",7,,
11-24-472-03763-510042,"['11-24-472-03763-510040', '11-24-472-03763-510077', '11-24-472-03763-510016', '11-24-472-03763-510039', '11-24-472-03763-510055', '11-24-472-03763-510041', '11-24-472-03763-510054']",7,,
11-24-472-03763-510050,[],0,,
11-24-472-03763-510052,[],0,,
11-24-472-03763-510054,"['11-24-472-03763-510040', '11-24-472-03763-510077', '11-24-472-03763-510016', '11-24-472-03763-510039', '11-24-472-03763-510055', '11-24-472-03763-510042', '11-24-472-03763-510041']",7,,
11-24-472-03763-510055,"['11-24-472-03763-510040', '11-24-472-03763-510077', '11-24-472-03763-510016', '11-24-472-03763-510039', '11-24-472-03763-510042', '11-24-472-03763-510041', '11-24-472-03763-510054']",7,,
11-24-472-03763-510062,"['11-24-472-03763-510034', '11-24-472-03763-510033', '11-24-472-03763-510063']",3,,
11-24-472-03763-510063,"['11-24-472-03763-510034', '11-24-472-03763-510062', '11-24-472-03763-510033']",3,,
11-24-472-03763-510076,[],0,,
11-24-472-03763-510077,"['11-24-472-03763-510040', '11-24-472-03763-510016', '11-24-472-03763-510039', '11-24-472-03763-510055', '11-24-472-03763-510042', '11-24-472-03763-510041', '11-24-472-03763-510054']",7,,
11-24-472-03763-510101,"['11-24-472-03763-510122', '11-24-472-03763-510102', '11-24-472-03763-510128', '11-24-472-03763-510123']",4,,
11-24-472-03763-510102,"['11-24-472-03763-510101', '11-24-472-03763-510122', '11-24-472-03763-510128', '11-24-472-03763-510123']",4,,
11-24-472-03763-510115,['11-24-472-03763-510136'],1,,
11-24-472-03763-510122,"['11-24-472-03763-510101', '11-24-472-03763-510102', '11-24-472-03763-510128', '11-24-472-03763-510123']",4,,
11-24-472-03763-510123,"['11-24-472-03763-510101', '11-24-472-03763-510122', '11-24-472-03763-510102', '11-24-472-03763-510128']",4,,
11-24-472-03763-510128,"['11-24-472-03763-510101', '11-24-472-03763-510122', '11-24-472-03763-510102', '11-24-472-03763-510123']",4,,
11-24-472-03763-510130,['11-24-472-03763-510131'],1,,
11-24-472-03763-510131,['11-24-472-03763-510130'],1,,
11-24-472-03763-510136,['11-24-472-03763-510115'],1,,
11-24-472-03763-510145,['11-24-472-03766-510454'],1,,
11-24-472-03764-510150,"['11-24-472-03763-510028', '11-24-472-03764-510164']",2,,
11-24-472-03764-510154,"['11-24-472-03761-509949', '11-24-472-03761-509947', '11-24-472-03761-509950', '11-24-472-03761-509946']",4,"['1453.0', '731.0', '1583.0', '416.0']",0.0
11-24-472-03764-510158,"['11-24-472-03764-510171', '11-24-472-03764-510159', '11-24-472-03764-510170', '11-24-472-03764-510161']",4,"['913.0', '1425.0', '552.0', '1131.0']",0.0
11-24-472-03764-510159,"['11-24-472-03764-510171', '11-24-472-03764-510158', '11-24-472-03764-510170', '11-24-472-03764-510161']",4,,
11-24-472-03764-510161,"['11-24-472-03764-510171', '11-24-472-03764-510159', '11-24-472-03764-510158', '11-24-472-03764-510170']",4,,
11-24-472-03764-510164,"['11-24-472-03764-510150', '11-24-472-03763-510028']",2,,
11-24-472-03764-510170,"['11-24-472-03764-510171', '11-24-472-03764-510159', '11-24-472-03764-510158', '11-24-472-03764-510161']",4,,
11-24-472-03764-510171,"['11-24-472-03764-510159', '11-24-472-03764-510158', '11-24-472-03764-510170', '11-24-472-03764-510161']",4,,
11-24-472-03764-510181,"['11-24-472-03764-510183', '11-24-472-03764-510182', '11-24-472-03764-510204']",3,,
11-24-472-03764-510182,"['11-24-472-03764-510183', '11-24-472-03764-510181', '11-24-472-03764-510204']",3,,
11-24-472-03764-510183,"['11-24-472-03764-510182', '11-24-472-03764-510181', '11-24-472-03764-510204']",3,,
11-24-472-03764-510194,"['11-24-472-03764-510222', '11-24-472-03764-510218']",2,"['560.0', '666.0']",0.0
11-24-472-03764-510203,['11-24-472-03764-510207'],1,,
11-24-472-03764-510204,"['11-24-472-03764-510183', '11-24-472-03764-510182', '11-24-472-03764-510181']",3,,
11-24-472-03764-510207,['11-24-472-03764-510203'],1,,
11-24-472-03764-510209,"['11-24-472-03764-510317', '11-24-472-03764-510231']",2,,
11-24-472-03764-510216,['11-24-472-03764-510225'],1,,
11-24-472-03764-510218,"['11-24-472-03764-510222', '11-24-472-03764-510194']",2,,
11-24-472-03764-510222,"['11-24-472-03764-510286', '11-24-472-03764-510194', '11-24-472-03765-510322', '11-24-472-03764-510259', '11-24-472-03764-510285', '11-24-472-03764-510252', '11-24-472-03764-510290', '11-24-472-03764-510260', '11-24-472-03764-510218', '11-24-472-03764-510253']",10,,
11-24-472-03764-510225,['11-24-472-03764-510216'],1,['1009.0'],0.0
11-24-472-03764-510231,"['11-24-472-03764-510317', '11-24-472-03764-510209']",2,,
11-24-472-03764-510239,[],0,[nan],0.0
11-24-472-03764-510244,"['11-24-472-03764-510269', '11-24-472-03764-510276']",2,"['405.0', '2460.0']",0.0
11-24-472-03764-510252,"['11-24-472-03764-510286', '11-24-472-03764-510222', '11-24-472-03765-510322', '11-24-472-03764-510259', '11-24-472-03764-510285', '11-24-472-03764-510290', '11-24-472-03764-510260', '11-24-472-03764-510253']",8,,
11-24-472-03764-510253,"['11-24-472-03764-510286', '11-24-472-03764-510222', '11-24-472-03765-510322', '11-24-472-03764-510259', '11-24-472-03764-510285', '11-24-472-03764-510252', '11-24-472-03764-510290', '11-24-472-03764-510260']",8,,
11-24-472-03764-510258,"['11-24-472-03764-510259', '11-24-472-03764-510286', '11-24-472-03765-510318']",3,"['1022.0', '793.0', '1592.0']",0.0
11-24-472-03764-510259,"['11-24-472-03764-510286', '11-24-472-03765-510318', '11-24-472-03764-510222', '11-24-472-03765-510322', '11-24-472-03764-510285', '11-24-472-03764-510252', '11-24-472-03764-510307', '11-24-472-03764-510290', '11-24-472-03764-510258', '11-24-472-03764-510260', '11-24-472-03764-510253']",11,,
11-24-472-03764-510260,"['11-24-472-03764-510286', '11-24-472-03764-510222', '11-24-472-03765-510322', '11-24-472-03764-510259', '11-24-472-03764-510285', '11-24-472-03764-510252', '11-24-472-03764-510290', '11-24-472-03764-510253']",8,"['793.0', '560.0', '449.0', '1022.0', '480.0', '503.0', '788.0', '1176.0']",0.0
11-24-472-03764-510269,"['11-24-472-03764-510244', '11-24-472-03764-510276']",2,,
11-24-472-03764-510276,"['11-24-472-03764-510269', '11-24-472-03764-510244']",2,,
11-24-472-03764-510285,"['11-24-472-03764-510286', '11-24-472-03764-510222', '11-24-472-03765-510322', '11-24-472-03764-510259', '11-24-472-03764-510252', '11-24-472-03764-510307', '11-24-472-03764-510290', '11-24-472-03764-510260', '11-24-472-03764-510253']",9,,
11-24-472-03764-510286,"['11-24-472-03765-510318', '11-24-472-03764-510222', '11-24-472-03765-510322', '11-24-472-03764-510259', '11-24-472-03764-510285', '11-24-472-03764-510252', '11-24-472-03764-510307', '11-24-472-03764-510290', '11-24-472-03764-510258', '11-24-472-03764-510260', '11-24-472-03764-510253']",11,,
11-24-472-03764-510289,['11-24-472-03765-510321'],1,,
11-24-472-03764-510290,"['11-24-472-03764-510286', '11-24-472-03764-510222', '11-24-472-03765-510322', '11-24-472-03764-510259', '11-24-472-03764-510285', '11-24-472-03764-510307', '11-24-472-03764-510252', '11-24-472-03764-510260', '11-24-472-03764-510253']",9,,
11-24-472-03764-510307,"['11-24-472-03764-510286', '11-24-472-03765-510322', '11-24-472-03764-510259', '11-24-472-03764-510285', '11-24-472-03764-510290']",5,,
11-24-472-03764-510308,['11-24-472-03765-510323'],1,,
11-24-472-03764-510317,"['11-24-472-03764-510231', '11-24-472-03764-510209']",2,,
11-24-472-03765-510318,"['11-24-472-03764-510259', '11-24-472-03764-510286', '11-24-472-03764-510258']",3,"['1022.0', '793.0', '1508.0']",0.0
11-24-472-03765-510321,"['11-24-472-03764-510289', '11-24-472-03765-510326', '11-24-472-03765-510325']",3,,
11-24-472-03765-510322,"['11-24-472-03764-510286', '11-24-472-03764-510222', '11-24-472-03764-510259', '11-24-472-03764-510285', '11-24-472-03764-510252', '11-24-472-03764-510307', '11-24-472-03764-510290', '11-24-472-03764-510260', '11-24-472-03764-510253']",9,,
11-24-472-03765-510323,"['11-24-472-03765-510344', '11-24-472-03765-510342', '11-24-472-03764-510308', '11-24-472-03765-510343', '11-24-472-03765-510341']",5,"['671.0', '447.0', '1372.0', '2549.0', '455.0']",1.0
11-24-472-03765-510324,"['11-24-472-03765-510325', '11-24-472-03765-510339']",2,"['911.0', '1729.0']",0.0
11-24-472-03765-510325,"['11-24-472-03765-510326', '11-24-472-03765-510339', '11-24-472-03765-510324', '11-24-472-03765-510321']",4,,
11-24-472-03765-510326,"['11-24-472-03765-510325', '11-24-472-03765-510321']",2,"['911.0', '1032.0']",0.0
11-24-472-03765-510330,"['11-24-472-03765-510332', '11-24-472-03765-510331', '11-24-472-03765-510360', '11-24-472-03765-510356', '11-24-472-03765-510357', '11-24-472-03765-510355', '11-24-472-03765-510354']",7,,
11-24-472-03765-510331,"['11-24-472-03765-510332', '11-24-472-03765-510360', '11-24-472-03765-510356', '11-24-472-03765-510357', '11-24-472-03765-510355', '11-24-472-03765-510354', '11-24-472-03765-510330']",7,,
11-24-472-03765-510332,"['11-24-472-03765-510331', '11-24-472-03765-510360', '11-24-472-03765-510356', '11-24-472-03765-510357', '11-24-472-03765-510355', '11-24-472-03765-510354', '11-24-472-03765-510330']",7,,
11-24-472-03765-510339,"['11-24-472-03765-510325', '11-24-472-03765-510324']",2,,
11-24-472-03765-510341,"['11-24-472-03765-510342', '11-24-472-03765-510323', '11-24-472-03765-510343']",3,,
11-24-472-03765-510342,"['11-24-472-03765-510323', '11-24-472-03765-510343', '11-24-472-03765-510341']",3,,
11-24-472-03765-510343,"['11-24-472-03765-510344', '11-24-472-03765-510323', '11-24-472-03765-510342', '11-24-472-03765-510341']",4,,
11-24-472-03765-510344,"['11-24-472-03765-510323', '11-24-472-03765-510343']",2,,
11-24-472-03765-510351,[],0,,
11-24-472-03765-510353,"['11-24-472-03765-510382', '11-24-472-03765-510360', '11-24-472-03765-510362', '11-24-472-03765-510361', '11-24-472-03765-510384', '11-24-472-03765-510385']",6,,
11-24-472-03765-510354,"['11-24-472-03765-510332', '11-24-472-03765-510331', '11-24-472-03765-510360', '11-24-472-03765-510356', '11-24-472-03765-510357', '11-24-472-03765-510355', '11-24-472-03765-510330']",7,,
11-24-472-03765-510355,"['11-24-472-03765-510332', '11-24-472-03765-510331', '11-24-472-03765-510360', '11-24-472-03765-510356', '11-24-472-03765-510357', '11-24-472-03765-510354', '11-24-472-03765-510330']",7,"['615.0', '533.0', '414.0', '272.0', '1659.0', '508.0', '2432.0']",0.0
11-24-472-03765-510356,"['11-24-472-03765-510332', '11-24-472-03765-510331', '11-24-472-03765-510360', '11-24-472-03765-510357', '11-24-472-03765-510355', '11-24-472-03765-510354', '11-24-472-03765-510330']",7,,
11-24-472-03765-510357,"['11-24-472-03765-510332', '11-24-472-03765-510331', '11-24-472-03765-510360', '11-24-472-03765-510356', '11-24-472-03765-510355', '11-24-472-03765-510359', '11-24-472-03765-510358', '11-24-472-03765-510354', '11-24-472-03765-510330']",9,"['615.0', '533.0', '414.0', '272.0', '1022.0', '1676.0', '585.0', '508.0', '2432.0']",0.0
11-24-472-03765-510358,"['11-24-472-03765-510357', '11-24-472-03765-510359']",2,,
11-24-472-03765-510359,"['11-24-472-03765-510357', '11-24-472-03765-510358']",2,,
11-24-472-03765-510360,"['11-24-472-03765-510332', '11-24-472-03765-510331', '11-24-472-03765-510382', '11-24-472-03765-510362', '11-24-472-03765-510356', '11-24-472-03765-510361', '11-24-472-03765-510353', '11-24-472-03765-510355', '11-24-472-03765-510357', '11-24-472-03765-510354', '11-24-472-03765-510384', '11-24-472-03765-510330', '11-24-472-03765-510385']",13,,
11-24-472-03765-510361,"['11-24-472-03765-510382', '11-24-472-03765-510360', '11-24-472-03765-510362', '11-24-472-03765-510353', '11-24-472-03765-510384', '11-24-472-03765-510385']",6,,
11-24-472-03765-510362,"['11-24-472-03765-510382', '11-24-472-03765-510360', '11-24-472-03765-510361', '11-24-472-03765-510353', '11-24-472-03765-510384', '11-24-472-03765-510385']",6,,
11-24-472-03765-510368,"['11-24-472-03769-510767', '11-24-472-03765-510369']",2,,
11-24-472-03765-510369,"['11-24-472-03765-510368', '11-24-472-03769-510767']",2,,
11-24-472-03765-510375,"['11-24-472-03765-510379', '11-24-472-03765-510381']",2,,
11-24-472-03765-510378,[],0,,
11-24-472-03765-510379,"['11-24-472-03765-510381', '11-24-472-03765-510375']",2,,
11-24-472-03765-510381,"['11-24-472-03765-510375', '11-24-472-03765-510379', '11-24-472-03765-510382', '11-24-472-03765-510383']",4,,
11-24-472-03765-510382,"['11-24-472-03765-510360', '11-24-472-03765-510362', '11-24-472-03765-510361', '11-24-472-03765-510353', '11-24-472-03765-510381', '11-24-472-03765-510384', '11-24-472-03765-510383', '11-24-472-03765-510385']",8,,
11-24-472-03765-510383,"['11-24-472-03765-510382', '11-24-472-03765-510381']",2,,
11-24-472-03765-510384,"['11-24-472-03765-510382', '11-24-472-03765-510362', '11-24-472-03765-510360', '11-24-472-03765-510361', '11-24-472-03765-510353', '11-24-472-03765-510386', '11-24-472-03765-510385']",7,"['808.0', '923.0', '414.0', '228.0', '609.0', '699.0', '532.0']",0.0
11-24-472-03765-510385,"['11-24-472-03765-510382', '11-24-472-03765-510394', '11-24-472-03765-510360', '11-24-472-03765-510362', '11-24-472-03765-510361', '11-24-472-03765-510353', '11-24-472-03765-510386', '11-24-472-03765-510384']",8,,
11-24-472-03765-510386,"['11-24-472-03765-510384', '11-24-472-03765-510394', '11-24-472-03765-510385']",3,"['1184.0', '1055.0', '532.0']",0.0
11-24-472-03765-510388,['11-24-472-03765-510393'],1,,
11-24-472-03765-510393,['11-24-472-03765-510388'],1,,
11-24-472-03765-510394,"['11-24-472-03765-510386', '11-24-472-03765-510385']",2,,
11-24-472-03765-510396,"['11-24-472-03765-510406', '11-24-472-03765-510405']",2,,
11-24-472-03765-510399,[],0,,
11-24-472-03765-510405,"['11-24-472-03765-510396', '11-24-472-03765-510406']",2,,
11-24-472-03765-510406,"['11-24-472-03765-510396', '11-24-472-03765-510405']",2,,
11-24-472-03765-510415,"['11-24-472-03765-510430', '11-24-472-03765-510431', '11-24-472-03765-510421', '11-24-472-03765-510422', '11-24-472-03765-510432', '11-24-472-03765-510429']",6,"['1521.0', '1035.0', '406.0', '782.0', '1446.0', '537.0']",0.0
11-24-472-03765-510421,"['11-24-472-03765-510430', '11-24-472-03765-510431', '11-24-472-03765-510422', '11-24-472-03765-510432', '11-24-472-03765-510415', '11-24-472-03765-510429']",6,,
11-24-472-03765-510422,"['11-24-472-03765-510430', '11-24-472-03765-510431', '11-24-472-03765-510421', '11-24-472-03765-510432', '11-24-472-03765-510415', '11-24-472-03765-510429']",6,,
11-24-472-03765-510427,"['11-24-472-03771-510912', '11-24-472-03765-510435', '11-24-472-03771-510909', '11-24-472-03771-510907']",4,,
11-24-472-03765-510429,"['11-24-472-03765-510430', '11-24-472-03765-510431', '11-24-472-03765-510421', '11-24-472-03765-510422', '11-24-472-03765-510432', '11-24-472-03765-510415']",6,,
11-24-472-03765-510430,"['11-24-472-03765-510431', '11-24-472-03765-510421', '11-24-472-03765-510422', '11-24-472-03765-510432', '11-24-472-03765-510415', '11-24-472-03765-510429']",6,,
11-24-472-03765-510431,"['11-24-472-03765-510430', '11-24-472-03765-510421', '11-24-472-03765-510422', '11-24-472-03765-510432', '11-24-472-03765-510415', '11-24-472-03765-510429']",6,,
11-24-472-03765-510432,"['11-24-472-03765-510430', '11-24-472-03765-510431', '11-24-472-03765-510421', '11-24-472-03765-510422', '11-24-472-03765-510415', '11-24-472-03765-510429']",6,"['1521.0', '1035.0', '406.0', '782.0', '4166.0', '537.0']",1.0
11-24-472-03765-510433,"['11-24-472-03765-510437', '11-24-472-03765-510436', '11-24-472-03765-510438']",3,,
11-24-472-03765-510435,"['11-24-472-03765-510427', '11-24-472-03771-510912', '11-24-472-03771-510909', '11-24-472-03771-510907']",4,"['1001.0', '754.0', '702.0', '827.0']",0.0
11-24-472-03765-510436,"['11-24-472-03765-510433', '11-24-472-03765-510440', '11-24-472-03765-510439', '11-24-472-03771-510939', '11-24-472-03765-510437', '11-24-472-03765-510438']",6,,
11-24-472-03765-510437,"['11-24-472-03765-510433', '11-24-472-03765-510436', '11-24-472-03765-510438']",3,,
11-24-472-03765-510438,"['11-24-472-03765-510433', '11-24-472-03765-510437', '11-24-472-03765-510436']",3,"['1188.0', '1214.0', '570.0']",0.0
11-24-472-03765-510439,"['11-24-472-03771-510939', '11-24-472-03765-510440', '11-24-472-03765-510436']",3,"['2056.0', '802.0', '570.0']",0.0
11-24-472-03765-510440,"['11-24-472-03771-510939', '11-24-472-03765-510439', '11-24-472-03765-510436']",3,,
11-24-472-03765-510442,"['11-24-472-03765-510444', '11-24-472-03771-510962']",2,,
11-24-472-03765-510443,['11-24-472-03765-510444'],1,,
11-24-472-03765-510444,"['11-24-472-03765-510443', '11-24-472-03771-510962', '11-24-472-03771-510961', '11-24-472-03765-510442', '11-24-472-03771-510963']",5,,
11-24-472-03766-510454,['11-24-472-03763-510145'],1,,
11-24-472-03766-510457,"['11-24-472-03766-510458', '11-24-472-03766-510474']",2,,
11-24-472-03766-510458,"['11-24-472-03766-510474', '11-24-472-03766-510457']",2,,
11-24-472-03766-510467,"['11-24-472-03766-510500', '11-24-472-03766-510498', '11-24-472-03766-510468', '11-24-472-03766-510469']",4,,
11-24-472-03766-510468,"['11-24-472-03766-510500', '11-24-472-03766-510498', '11-24-472-03766-510467', '11-24-472-03766-510469']",4,,
11-24-472-03766-510469,"['11-24-472-03766-510500', '11-24-472-03766-510498', '11-24-472-03766-510468', '11-24-472-03766-510467']",4,,
11-24-472-03766-510474,"['11-24-472-03766-510458', '11-24-472-03766-510457']",2,,
11-24-472-03766-510484,['11-24-472-03766-510485'],1,,
11-24-472-03766-510485,['11-24-472-03766-510484'],1,,
11-24-472-03766-510498,"['11-24-472-03766-510500', '11-24-472-03766-510468', '11-24-472-03766-510467', '11-24-472-03766-510469']",4,"['939.0', '964.0', '2726.0', '979.0']",1.0
11-24-472-03766-510500,"['11-24-472-03766-510498', '11-24-472-03766-510468', '11-24-472-03766-510467', '11-24-472-03766-510469']",4,"['2353.0', '964.0', '2726.0', '979.0']",1.0
11-24-472-03766-510502,"['11-24-472-03766-510582', '11-24-472-03766-510533', '11-24-472-03766-510581']",3,,
11-24-472-03766-510526,"['11-24-472-03766-510550', '11-24-472-03766-510553', '11-24-472-03766-510552', '11-24-472-03766-510537']",4,,
11-24-472-03766-510533,"['11-24-472-03766-510582', '11-24-472-03766-510502', '11-24-472-03766-510581']",3,,
11-24-472-03766-510536,"['11-24-472-03766-510554', '11-24-472-03766-510555', '11-24-472-03766-510553']",3,,
11-24-472-03766-510537,"['11-24-472-03766-510550', '11-24-472-03766-510552', '11-24-472-03766-510553', '11-24-472-03766-510526']",4,,
11-24-472-03766-510540,['11-24-472-03766-510541'],1,,
11-24-472-03766-510541,['11-24-472-03766-510540'],1,,
11-24-472-03766-510544,['11-24-472-03766-510571'],1,,
11-24-472-03766-510550,"['11-24-472-03766-510553', '11-24-472-03766-510552', '11-24-472-03766-510537', '11-24-472-03766-510526']",4,,
11-24-472-03766-510552,"['11-24-472-03766-510550', '11-24-472-03766-510553', '11-24-472-03766-510537', '11-24-472-03766-510526']",4,,
11-24-472-03766-510553,"['11-24-472-03766-510550', '11-24-472-03766-510526', '11-24-472-03766-510555', '11-24-472-03766-510570', '11-24-472-03766-510552', '11-24-472-03766-510537', '11-24-472-03766-510554', '11-24-472-03766-510536']",8,,
11-24-472-03766-510554,"['11-24-472-03766-510555', '11-24-472-03766-510553', '11-24-472-03766-510536']",3,,
11-24-472-03766-510555,"['11-24-472-03766-802469', '11-24-472-03766-510566', '11-24-472-03766-510553', '11-24-472-03766-510554', '11-24-472-03766-510536']",5,,
11-24-472-03766-510566,"['11-24-472-03766-510555', '11-24-472-03766-802469']",2,,
11-24-472-03766-510570,['11-24-472-03766-510553'],1,['3579.0'],1.0
11-24-472-03766-510571,['11-24-472-03766-510544'],1,,
11-24-472-03766-510574,['11-24-472-03766-510580'],1,,
11-24-472-03766-510580,"['11-24-472-03768-510651', '11-24-472-03766-510574', '11-24-472-03768-510650', '11-24-472-03769-510804']",4,"['589.0', '946.0', '492.0', '1079.0']",0.0
11-24-472-03766-510581,"['11-24-472-03766-510582', '11-24-472-03766-510533', '11-24-472-03766-510502']",3,,
11-24-472-03766-510582,"['11-24-472-03766-510533', '11-24-472-03766-510502', '11-24-472-03766-510581']",3,,
11-24-472-03766-802469,"['11-24-472-03766-510555', '11-24-472-03766-510566']",2,,
11-24-472-03767-510584,['11-24-472-03767-510598'],1,,
11-24-472-03767-510585,['11-24-472-03767-510598'],1,,
11-24-472-03767-510592,['11-24-472-03767-510606'],1,,
11-24-472-03767-510594,['11-24-472-03767-510595'],1,,
11-24-472-03767-510595,['11-24-472-03767-510594'],1,,
11-24-472-03767-510597,['11-24-472-03767-510598'],1,,
11-24-472-03767-510598,"['11-24-472-03767-510597', '11-24-472-03767-510584', '11-24-472-03767-510585']",3,,
11-24-472-03767-510601,['11-24-472-03767-510602'],1,,
11-24-472-03767-510602,['11-24-472-03767-510601'],1,,
11-24-472-03767-510606,['11-24-472-03767-510592'],1,,
11-24-472-03767-510610,"['11-24-472-03767-510620', '11-24-472-03767-510621']",2,,
11-24-472-03767-510613,"['11-24-472-03767-510616', '11-24-472-03767-510629', '11-24-472-03767-510614']",3,,
11-24-472-03767-510614,"['11-24-472-03767-510616', '11-24-472-03767-510613', '11-24-472-03767-510629']",3,,
11-24-472-03767-510616,"['11-24-472-03767-510613', '11-24-472-03767-510629', '11-24-472-03767-510614']",3,,
11-24-472-03767-510620,"['11-24-472-03767-510610', '11-24-472-03767-510621']",2,,
11-24-472-03767-510621,"['11-24-472-03767-510610', '11-24-472-03767-510620']",2,,
11-24-472-03767-510629,"['11-24-472-03767-510616', '11-24-472-03767-510613', '11-24-472-03767-510614']",3,,
11-24-472-03767-510636,['11-24-472-03767-510640'],1,,
11-24-472-03767-510640,['11-24-472-03767-510636'],1,,
11-24-472-03768-510650,"['11-24-472-03768-510651', '11-24-472-03766-510580', '11-24-472-03769-510804']",3,,
11-24-472-03768-510651,"['11-24-472-03769-510804', '11-24-472-03766-510580', '11-24-472-03768-510650']",3,,
11-24-472-03768-510655,"['11-24-472-03768-510666', '11-24-472-03768-510669', '11-24-472-03768-510656']",3,,
11-24-472-03768-510656,"['11-24-472-03768-510666', '11-24-472-03768-510655', '11-24-472-03768-510669']",3,,
11-24-472-03768-510665,['11-24-472-03768-510670'],1,,
11-24-472-03768-510666,"['11-24-472-03768-510655', '11-24-472-03768-510669', '11-24-472-03768-510656']",3,,
11-24-472-03768-510668,"['11-24-472-03770-510843', '11-24-472-03770-510860']",2,,
11-24-472-03768-510669,"['11-24-472-03768-510666', '11-24-472-03768-510655', '11-24-472-03768-510656']",3,,
11-24-472-03768-510670,"['11-24-472-03768-510682', '11-24-472-03768-510671', '11-24-472-03770-510842', '11-24-472-03768-510665']",4,,
11-24-472-03768-510671,"['11-24-472-03768-510670', '11-24-472-03770-510842', '11-24-472-03768-510682']",3,"['2449.0', '2707.0', '844.0']",1.0
11-24-472-03768-510682,"['11-24-472-03768-510670', '11-24-472-03768-510671', '11-24-472-03770-510842']",3,,
11-24-472-03768-510684,[],0,,
11-24-472-03768-510686,[],0,,
11-24-472-03768-510689,"['11-24-472-03768-510704', '11-24-472-03768-510702', '11-24-472-03768-510691', '11-24-472-03768-510706', '11-24-472-03768-510705', '11-24-472-03768-510703', '11-24-472-03768-510690']",7,,
11-24-472-03768-510690,"['11-24-472-03768-510704', '11-24-472-03768-510702', '11-24-472-03768-510705', '11-24-472-03768-510691', '11-24-472-03768-510706', '11-24-472-03768-510689', '11-24-472-03768-510703']",7,,
11-24-472-03768-510691,"['11-24-472-03768-510704', '11-24-472-03768-510702', '11-24-472-03768-510705', '11-24-472-03768-510706', '11-24-472-03768-510689', '11-24-472-03768-510703', '11-24-472-03768-510690']",7,,
11-24-472-03768-510702,"['11-24-472-03768-510704', '11-24-472-03768-510705', '11-24-472-03768-510691', '11-24-472-03768-510706', '11-24-472-03768-510689', '11-24-472-03768-510703', '11-24-472-03768-510690']",7,,
11-24-472-03768-510703,"['11-24-472-03768-510704', '11-24-472-03768-510702', '11-24-472-03768-510705', '11-24-472-03768-510691', '11-24-472-03768-510706', '11-24-472-03768-510689', '11-24-472-03768-510690']",7,,
11-24-472-03768-510704,"['11-24-472-03768-510702', '11-24-472-03768-510705', '11-24-472-03768-510691', '11-24-472-03768-510706', '11-24-472-03768-510689', '11-24-472-03768-510703', '11-24-472-03768-510690']",7,,
11-24-472-03768-510705,"['11-24-472-03768-510704', '11-24-472-03768-510702', '11-24-472-03768-510691', '11-24-472-03768-510706', '11-24-472-03768-510689', '11-24-472-03768-510703', '11-24-472-03768-510690']",7,,
11-24-472-03768-510706,"['11-24-472-03768-510704', '11-24-472-03768-510702', '11-24-472-03768-510705', '11-24-472-03768-510691', '11-24-472-03768-510689', '11-24-472-03768-510703', '11-24-472-03768-510690']",7,,
11-24-472-03768-510710,"['11-24-472-03768-510714', '11-24-472-03768-510715']",2,,
11-24-472-03768-510711,[],0,[nan],0.0
11-24-472-03768-510712,"['11-24-472-03768-510713', '11-24-472-03772-510998']",2,,
11-24-472-03768-510713,"['11-24-472-03768-510712', '11-24-472-03772-510998']",2,,
11-24-472-03768-510714,"['11-24-472-03768-510715', '11-24-472-03768-510710']",2,,
11-24-472-03768-510715,"['11-24-472-03768-510714', '11-24-472-03768-510710']",2,,
11-24-472-03769-510721,['11-24-472-03769-510722'],1,,
11-24-472-03769-510722,['11-24-472-03769-510721'],1,,
11-24-472-03769-510723,[],0,,
11-24-472-03769-510726,['11-24-472-03769-510731'],1,,
11-24-472-03769-510727,[],0,,
11-24-472-03769-510731,['11-24-472-03769-510726'],1,,
11-24-472-03769-510732,[],0,,
11-24-472-03769-510733,"['11-24-472-03769-510751', '11-24-472-03769-510760', '11-24-472-03769-510741']",3,,
11-24-472-03769-510741,"['11-24-472-03769-510733', '11-24-472-03769-510760', '11-24-472-03769-510751', '11-24-472-03769-510752']",4,,
11-24-472-03769-510747,"['11-24-472-03769-510748', '11-24-472-03769-510773', '11-24-472-03769-510765']",3,,
11-24-472-03769-510748,"['11-24-472-03769-510773', '11-24-472-03769-510765', '11-24-472-03769-510747']",3,,
11-24-472-03769-510751,"['11-24-472-03769-510733', '11-24-472-03769-510760', '11-24-472-03769-510741']",3,,
11-24-472-03769-510752,['11-24-472-03769-510741'],1,,
11-24-472-03769-510755,"['11-24-472-03769-510759', '11-24-472-03769-510779', '11-24-472-03769-510758']",3,,
11-24-472-03769-510758,"['11-24-472-03769-510779', '11-24-472-03769-510755']",2,,
11-24-472-03769-510759,['11-24-472-03769-510755'],1,,
11-24-472-03769-510760,"['11-24-472-03769-510733', '11-24-472-03769-510741', '11-24-472-03769-510751']",3,,
11-24-472-03769-510765,"['11-24-472-03769-510748', '11-24-472-03769-510773', '11-24-472-03769-510747']",3,,
11-24-472-03769-510766,"['11-24-472-03769-510771', '11-24-472-03769-510772']",2,,
11-24-472-03769-510767,"['11-24-472-03765-510368', '11-24-472-03765-510369']",2,,
11-24-472-03769-510771,"['11-24-472-03769-510766', '11-24-472-03769-510772']",2,,
11-24-472-03769-510772,"['11-24-472-03769-510771', '11-24-472-03769-510766']",2,,
11-24-472-03769-510773,"['11-24-472-03769-510788', '11-24-472-03769-510748', '11-24-472-03769-510765', '11-24-472-03769-510747', '11-24-472-03769-510787', '11-24-472-03769-510797']",6,"['978.0', '880.0', '1547.0', '3263.0', '1744.0', '1494.0']",1.0
11-24-472-03769-510779,"['11-24-472-03769-510758', '11-24-472-03769-510755']",2,,
11-24-472-03769-510780,[],0,,
11-24-472-03769-510784,[],0,,
11-24-472-03769-510787,"['11-24-472-03769-510773', '11-24-472-03769-510788', '11-24-472-03769-510797']",3,,
11-24-472-03769-510788,"['11-24-472-03769-510787', '11-24-472-03769-510773', '11-24-472-03769-510797']",3,"['1744.0', '4385.0', '1494.0']",1.0
11-24-472-03769-510791,"['11-24-472-03769-510814', '11-24-472-03769-510792']",2,,
11-24-472-03769-510792,"['11-24-472-03769-510791', '11-24-472-03769-510814']",2,"['594.0', '2366.0']",0.0
11-24-472-03769-510795,['11-24-472-03769-510796'],1,,
11-24-472-03769-510796,['11-24-472-03769-510795'],1,,
11-24-472-03769-510797,"['11-24-472-03769-510787', '11-24-472-03769-510773', '11-24-472-03769-510788']",3,,
11-24-472-03769-510804,"['11-24-472-03768-510651', '11-24-472-03766-510580', '11-24-472-03768-510650']",3,,
11-24-472-03769-510807,"['11-24-472-03770-510836', '11-24-472-03770-510828']",2,,
11-24-472-03769-510813,[],0,[nan],0.0
11-24-472-03769-510814,"['11-24-472-03769-510791', '11-24-472-03769-510792']",2,,
11-24-472-03770-510828,"['11-24-472-03770-510836', '11-24-472-03769-510807']",2,,
11-24-472-03770-510833,"['11-24-472-03770-510848', '11-24-472-03770-510834']",2,,
11-24-472-03770-510834,"['11-24-472-03770-510833', '11-24-472-03770-510848']",2,,
11-24-472-03770-510836,"['11-24-472-03770-510848', '11-24-472-03769-510807', '11-24-472-03770-510828', '11-24-472-03770-510837']",4,,
11-24-472-03770-510837,"['11-24-472-03770-510848', '11-24-472-03770-510836']",2,,
11-24-472-03770-510842,"['11-24-472-03768-510671', '11-24-472-03768-510670', '11-24-472-03768-510682', '11-24-472-03770-510843', '11-24-472-03770-510860']",5,,
11-24-472-03770-510843,"['11-24-472-03770-510860', '11-24-472-03770-510842', '11-24-472-03768-510668']",3,,
11-24-472-03770-510846,['11-24-472-03770-510847'],1,,
11-24-472-03770-510847,['11-24-472-03770-510846'],1,['1869.0'],0.0
11-24-472-03770-510848,"['11-24-472-03770-510833', '11-24-472-03770-510836', '11-24-472-03770-510834', '11-24-472-03770-510837']",4,"['1385.0', '1510.0', '4310.0', '1474.0']",1.0
11-24-472-03770-510850,[],0,,
11-24-472-03770-510860,"['11-24-472-03770-510843', '11-24-472-03770-510842', '11-24-472-03768-510668']",3,,
11-24-472-03770-510866,[],0,,
11-24-472-03770-510879,[],0,,
11-24-472-03771-510905,['11-24-472-03771-510916'],1,,
11-24-472-03771-510907,"['11-24-472-03765-510427', '11-24-472-03765-510435', '11-24-472-03771-510909', '11-24-472-03771-510912']",4,,
11-24-472-03771-510909,"['11-24-472-03771-510912', '11-24-472-03765-510427', '11-24-472-03765-510435', '11-24-472-03771-510907']",4,,
11-24-472-03771-510912,"['11-24-472-03765-510427', '11-24-472-03771-510924', '11-24-472-03771-510907', '11-24-472-03765-510435', '11-24-472-03771-510909']",5,,
11-24-472-03771-510913,['11-24-472-03771-510915'],1,,
11-24-472-03771-510914,"['11-24-472-03771-510915', '11-24-472-03771-510916']",2,,
11-24-472-03771-510915,"['11-24-472-03771-510913', '11-24-472-03771-510916', '11-24-472-03771-510914']",3,,
11-24-472-03771-510916,"['11-24-472-03771-510920', '11-24-472-03771-510905', '11-24-472-03771-510915', '11-24-472-03771-510921', '11-24-472-03771-510914']",5,,
11-24-472-03771-510920,"['11-24-472-03771-510916', '11-24-472-03771-510921']",2,,
11-24-472-03771-510921,"['11-24-472-03771-510920', '11-24-472-03771-510916']",2,,
11-24-472-03771-510924,"['11-24-472-03771-510912', '11-24-472-03771-510925']",2,,
11-24-472-03771-510925,['11-24-472-03771-510924'],1,,
11-24-472-03771-510931,[],0,,
11-24-472-03771-510933,['11-24-472-03771-510946'],1,,
11-24-472-03771-510939,"['11-24-472-03765-510440', '11-24-472-03765-510439', '11-24-472-03765-510436', '11-24-472-03771-510940']",4,,
11-24-472-03771-510940,"['11-24-472-03771-510963', '11-24-472-03771-510939']",2,,
11-24-472-03771-510946,['11-24-472-03771-510933'],1,,
11-24-472-03771-510961,"['11-24-472-03771-510963', '11-24-472-03765-510444', '11-24-472-03771-510965', '11-24-472-03771-510962']",4,,
11-24-472-03771-510962,"['11-24-472-03771-510961', '11-24-472-03771-510963', '11-24-472-03765-510444', '11-24-472-03765-510442']",4,,
11-24-472-03771-510963,"['11-24-472-03771-510961', '11-24-472-03771-510940', '11-24-472-03765-510444', '11-24-472-03771-510962']",4,,
11-24-472-03771-510965,['11-24-472-03771-510961'],1,,
11-24-472-03771-510969,['11-24-472-03771-510994'],1,,
11-24-472-03771-510994,['11-24-472-03771-510969'],1,,
11-24-472-03772-510998,"['11-24-472-03768-510712', '11-24-472-03768-510713']",2,,
11-24-472-03772-510999,"['11-24-472-03772-511031', '11-24-472-03772-511036']",2,,
11-24-472-03772-511003,['11-24-472-03772-511025'],1,['783.0'],0.0
11-24-472-03772-511010,['11-24-472-03772-511021'],1,['2490.0'],0.0
11-24-472-03772-511013,['11-24-472-03772-511015'],1,,
11-24-472-03772-511015,['11-24-472-03772-511013'],1,,
11-24-472-03772-511021,['11-24-472-03772-511010'],1,['2116.0'],0.0
11-24-472-03772-511025,['11-24-472-03772-511003'],1,,
11-24-472-03772-511026,"['11-24-472-03772-511027', '11-24-472-03772-511041']",2,,
11-24-472-03772-511027,"['11-24-472-03772-511026', '11-24-472-03772-511041']",2,,
11-24-472-03772-511031,"['11-24-472-03772-510999', '11-24-472-03772-511036']",2,,
11-24-472-03772-511036,"['11-24-472-03772-510999', '11-24-472-03772-511031']",2,,
11-24-472-03772-511041,"['11-24-483-03869-517170', '11-24-483-03869-517169', '11-24-472-03772-511027', '11-24-483-03869-517173', '11-24-483-03869-517171', '11-24-472-03772-511026']",6,,
11-24-472-03772-511043,"['11-24-472-03772-511044', '11-24-472-03772-802473']",2,,
11-24-472-03772-511044,"['11-24-472-03772-511046', '11-24-472-03772-511045', '11-24-472-03772-802473', '11-24-472-03772-511043', '11-24-472-03772-511055']",5,,
11-24-472-03772-511045,"['11-24-472-03772-511044', '11-24-472-03772-511055', '11-24-472-03772-511046']",3,,
11-24-472-03772-511046,"['11-24-472-03772-511044', '11-24-472-03772-511045', '11-24-472-03772-511055']",3,,
11-24-472-03772-511051,[],0,,
11-24-472-03772-511052,"['11-24-483-03870-517283', '11-24-472-03772-511054', '11-24-472-03772-511087', '11-24-472-03772-511088']",4,,
11-24-472-03772-511054,['11-24-472-03772-511052'],1,,
11-24-472-03772-511055,"['11-24-472-03772-511044', '11-24-472-03772-511045', '11-24-472-03772-511046']",3,,
11-24-472-03772-511059,[],0,,
11-24-472-03772-511087,"['11-24-483-03870-517283', '11-24-472-03772-511052', '11-24-472-03772-511088']",3,,
11-24-472-03772-511088,"['11-24-483-03870-517283', '11-24-472-03772-511052', '11-24-472-03772-511087']",3,,
11-24-472-03772-511098,"['11-24-472-03772-511114', '11-24-472-03772-511103', '11-24-472-03772-511102']",3,,
11-24-472-03772-511102,"['11-24-472-03772-511114', '11-24-472-03772-511098', '11-24-472-03772-511103']",3,,
11-24-472-03772-511103,"['11-24-472-03772-511114', '11-24-472-03772-511098', '11-24-472-03772-511102']",3,,
11-24-472-03772-511105,['11-24-472-03772-511113'],1,['7149.0'],1.0
11-24-472-03772-511113,['11-24-472-03772-511105'],1,['2873.0'],1.0
11-24-472-03772-511114,"['11-24-472-03772-511103', '11-24-472-03772-511098', '11-24-472-03772-511115', '11-24-472-03772-511102']",4,,
11-24-472-03772-511115,['11-24-472-03772-511114'],1,['782.0'],0.0
11-24-472-03772-802473,"['11-24-472-03772-511044', '11-24-472-03772-511043']",2,,
11-24-473-03773-511136,[],0,,
11-24-473-03773-511158,"['11-24-473-03773-511163', '11-24-473-03773-511159', '11-24-473-03773-511162']",3,,
11-24-473-03773-511159,"['11-24-473-03773-511158', '11-24-473-03773-511163', '11-24-473-03773-511162']",3,,
11-24-473-03773-511162,"['11-24-473-03773-511158', '11-24-473-03773-511159', '11-24-473-03773-511163']",3,"['2175.0', '1015.0', '7406.0']",1.0
11-24-473-03773-511163,"['11-24-473-03773-511158', '11-24-473-03773-511159', '11-24-473-03773-511162']",3,,
11-24-473-03773-511182,['11-24-474-03780-511571'],1,['1831.0'],0.0
11-24-473-03773-802474,['11-24-471-03759-509660'],1,,
11-24-473-03774-511194,['11-24-471-03756-509442'],1,['5811.0'],1.0
11-24-473-03774-511195,['11-24-471-03756-509444'],1,,
11-24-473-03774-511201,['11-24-471-03756-509433'],1,,
11-24-473-03774-511206,[],0,[nan],0.0
11-24-473-03774-511220,[],0,,
11-24-473-03775-511271,[],0,[nan],0.0
11-24-473-03775-511272,[],0,[nan],0.0
11-24-473-03776-511315,"['11-24-473-03776-511317', '11-24-473-03776-511316']",2,,
11-24-473-03776-511316,"['11-24-473-03776-511317', '11-24-473-03776-511315']",2,,
11-24-473-03776-511317,"['11-24-473-03776-511316', '11-24-473-03776-511315']",2,,
11-24-473-03776-511331,[],0,,
11-24-473-03776-511333,['11-24-473-03776-511346'],1,,
11-24-473-03776-511346,"['11-24-473-03776-511333', '11-24-473-03776-511348']",2,,
11-24-473-03776-511348,['11-24-473-03776-511346'],1,,
11-24-473-03776-511362,[],0,,
11-24-473-03776-511364,"['11-24-483-03869-517178', '11-24-473-03776-511365']",2,,
11-24-473-03776-511365,"['11-24-483-03869-517178', '11-24-473-03776-511364']",2,,
11-24-473-03776-511373,"['11-24-473-03776-511382', '11-24-473-03776-511383', '11-24-473-03776-511387']",3,,
11-24-473-03776-511377,"['11-24-474-03782-511634', '11-24-473-03776-511389']",2,,
11-24-473-03776-511382,"['11-24-473-03776-511373', '11-24-473-03776-511383', '11-24-473-03776-511387']",3,,
11-24-473-03776-511383,"['11-24-473-03776-511373', '11-24-473-03776-511382', '11-24-473-03776-511387']",3,,
11-24-473-03776-511387,"['11-24-473-03776-511373', '11-24-473-03776-511382', '11-24-473-03776-511383']",3,,
11-24-473-03776-511389,['11-24-473-03776-511377'],1,,
11-24-474-03777-511407,['11-24-474-03777-511408'],1,,
11-24-474-03777-511408,['11-24-474-03777-511407'],1,,
11-24-474-03777-511409,[],0,,
11-24-474-03777-511410,"['11-24-474-03777-511422', '11-24-474-03777-511421']",2,,
11-24-474-03777-511411,['11-24-474-03777-511412'],1,,
11-24-474-03777-511412,['11-24-474-03777-511411'],1,,
11-24-474-03777-511413,"['11-24-474-03777-511416', '11-24-474-03777-511417']",2,,
11-24-474-03777-511415,"['11-24-474-03777-511429', '11-24-474-03777-511428']",2,,
11-24-474-03777-511416,"['11-24-474-03777-511413', '11-24-474-03777-511417']",2,,
11-24-474-03777-511417,"['11-24-474-03777-511413', '11-24-474-03777-511429', '11-24-474-03777-511416', '11-24-474-03777-511427']",4,,
11-24-474-03777-511419,"['11-24-474-03777-511434', '11-24-474-03777-511425', '11-24-474-03777-511420']",3,,
11-24-474-03777-511420,"['11-24-474-03777-511419', '11-24-474-03777-511434', '11-24-474-03777-511425']",3,,
11-24-474-03777-511421,"['11-24-474-03777-511422', '11-24-474-03777-511410']",2,,
11-24-474-03777-511422,"['11-24-474-03777-511421', '11-24-474-03777-511410']",2,,
11-24-474-03777-511425,"['11-24-474-03777-511419', '11-24-474-03777-511434', '11-24-474-03777-511420']",3,,
11-24-474-03777-511427,"['11-24-474-03777-511429', '11-24-474-03777-511417']",2,,
11-24-474-03777-511428,"['11-24-474-03777-511415', '11-24-474-03777-511429']",2,,
11-24-474-03777-511429,"['11-24-474-03777-511415', '11-24-474-03777-511427', '11-24-474-03777-511417', '11-24-475-03790-512120', '11-24-474-03777-511431', '11-24-474-03777-511428']",6,,
11-24-474-03777-511431,"['11-24-474-03777-511429', '11-24-475-03790-512120']",2,,
11-24-474-03777-511434,"['11-24-474-03777-511419', '11-24-474-03777-511425', '11-24-474-03777-511420']",3,,
11-24-474-03777-511436,['11-24-474-03777-511438'],1,,
11-24-474-03777-511438,['11-24-474-03777-511436'],1,,
11-24-474-03778-511445,"['11-24-474-03778-511452', '11-24-474-03778-511446', '11-24-474-03778-511453']",3,,
11-24-474-03778-511446,"['11-24-474-03778-511445', '11-24-474-03778-511452', '11-24-474-03778-511453']",3,,
11-24-474-03778-511452,"['11-24-474-03778-511445', '11-24-474-03778-511446', '11-24-474-03778-511453']",3,,
11-24-474-03778-511453,"['11-24-474-03778-511445', '11-24-474-03778-511446', '11-24-474-03778-511452']",3,,
11-24-474-03778-511458,"['11-24-474-03778-511467', '11-24-474-03778-511470']",2,,
11-24-474-03778-511461,[],0,,
11-24-474-03778-511465,"['11-24-474-03778-511466', '11-24-474-03778-511472', '11-24-474-03778-511478']",3,,
11-24-474-03778-511466,"['11-24-474-03778-511478', '11-24-474-03778-511472', '11-24-474-03778-511465']",3,,
11-24-474-03778-511467,"['11-24-474-03778-511458', '11-24-474-03778-511470']",2,,
11-24-474-03778-511469,[],0,,
11-24-474-03778-511470,"['11-24-474-03778-511458', '11-24-474-03778-511467']",2,,
11-24-474-03778-511472,"['11-24-474-03778-511466', '11-24-474-03778-511478', '11-24-474-03778-511465']",3,,
11-24-474-03778-511476,"['11-24-471-03759-509648', '11-24-474-03778-511477']",2,,
11-24-474-03778-511477,"['11-24-474-03778-511476', '11-24-471-03759-509648']",2,,
11-24-474-03778-511478,"['11-24-474-03778-511466', '11-24-474-03778-511472', '11-24-474-03778-511465']",3,,
11-24-474-03778-511482,[],0,,
11-24-474-03778-511489,[],0,,
11-24-474-03778-511492,"['11-24-474-03778-511493', '11-24-474-03778-511494']",2,,
11-24-474-03778-511493,"['11-24-474-03778-511492', '11-24-474-03778-511494']",2,,
11-24-474-03778-511494,"['11-24-474-03778-511493', '11-24-474-03778-511492']",2,,
11-24-474-03779-511508,[],0,,
11-24-474-03779-511510,[],0,,
11-24-474-03779-511520,['11-24-474-03779-511521'],1,,
11-24-474-03779-511521,['11-24-474-03779-511520'],1,,
11-24-474-03779-511539,[],0,,
11-24-474-03779-511545,"['11-24-474-03779-511550', '11-24-474-03779-511546']",2,,
11-24-474-03779-511546,"['11-24-474-03779-511545', '11-24-474-03779-511550']",2,,
11-24-474-03779-511549,['11-24-474-03779-511555'],1,,
11-24-474-03779-511550,"['11-24-474-03779-511545', '11-24-474-03779-511546']",2,,
11-24-474-03779-511554,['11-24-474-03779-511558'],1,,
11-24-474-03779-511555,['11-24-474-03779-511549'],1,,
11-24-474-03779-511558,['11-24-474-03779-511554'],1,,
11-24-474-03779-511562,[],0,,
11-24-474-03780-511571,['11-24-473-03773-511182'],1,,
11-24-474-03780-511582,[],0,,
11-24-474-03780-511588,['11-24-474-03780-511589'],1,,
11-24-474-03780-511589,['11-24-474-03780-511588'],1,,
11-24-474-03780-511593,['11-24-474-03780-511599'],1,,
11-24-474-03780-511595,[],0,,
11-24-474-03780-511596,['11-24-474-03780-511597'],1,,
11-24-474-03780-511597,['11-24-474-03780-511596'],1,,
11-24-474-03780-511599,['11-24-474-03780-511593'],1,,
11-24-474-03780-511600,[],0,,
11-24-474-03780-511602,[],0,,
11-24-474-03780-511603,[],0,,
11-24-474-03780-511607,[],0,,
11-24-474-03780-511613,[],0,,
11-24-474-03780-511614,[],0,,
11-24-474-03781-802484,"['11-24-474-03782-511669', '11-24-474-03782-511668']",2,,
11-24-474-03782-511634,"['11-24-473-03776-511377', '11-24-474-03782-511635', '11-24-474-03782-511636']",3,,
11-24-474-03782-511635,"['11-24-474-03782-511634', '11-24-474-03782-511636']",2,,
11-24-474-03782-511636,"['11-24-474-03782-511635', '11-24-474-03782-511634']",2,,
11-24-474-03782-511643,['11-24-474-03782-511647'],1,,
11-24-474-03782-511647,['11-24-474-03782-511643'],1,['10102.0'],1.0
11-24-474-03782-511648,[],0,,
11-24-474-03782-511655,['11-24-474-03782-511661'],1,,
11-24-474-03782-511661,['11-24-474-03782-511655'],1,['5088.0'],1.0
11-24-474-03782-511668,"['11-24-474-03782-511669', '11-24-474-03781-802484']",2,,
11-24-474-03782-511669,"['11-24-474-03782-511668', '11-24-474-03781-802484']",2,,
11-24-474-03782-511673,['11-24-474-03782-511687'],1,,
11-24-474-03782-511674,['11-24-474-03782-511675'],1,,
11-24-474-03782-511675,"['11-24-474-03782-511676', '11-24-474-03782-511674']",2,,
11-24-474-03782-511676,['11-24-474-03782-511675'],1,,
11-24-474-03782-511679,[],0,,
11-24-474-03782-511680,['11-24-474-03782-511681'],1,,
11-24-474-03782-511681,"['11-24-474-03782-511683', '11-24-474-03782-511680', '11-24-474-03782-802485']",3,,
11-24-474-03782-511683,"['11-24-474-03782-511681', '11-24-474-03782-802485']",2,,
11-24-474-03782-511687,['11-24-474-03782-511673'],1,,
11-24-474-03782-802485,"['11-24-474-03782-511683', '11-24-474-03782-511681']",2,,
11-24-474-03783-511696,['11-24-474-03783-511697'],1,['5776.0'],1.0
11-24-474-03783-511697,['11-24-474-03783-511696'],1,,
11-24-474-03783-511700,[],0,,
11-24-474-03783-511704,[],0,,
11-24-474-03783-511707,"['11-24-474-03784-511794', '11-24-474-03783-511710']",2,,
11-24-474-03783-511710,"['11-24-474-03783-511722', '11-24-474-03783-511707', '11-24-474-03784-511794']",3,,
11-24-474-03783-511722,['11-24-474-03783-511710'],1,,
11-24-474-03783-511724,"['11-24-474-03783-511739', '11-24-474-03783-511737']",2,,
11-24-474-03783-511734,"['11-24-474-03783-511740', '11-24-474-03783-511735']",2,,
11-24-474-03783-511735,"['11-24-474-03783-511734', '11-24-474-03783-511740']",2,,
11-24-474-03783-511737,"['11-24-474-03783-511724', '11-24-474-03783-511739']",2,,
11-24-474-03783-511738,['11-24-474-03784-511808'],1,,
11-24-474-03783-511739,"['11-24-474-03783-511724', '11-24-474-03783-511737']",2,,
11-24-474-03783-511740,"['11-24-474-03783-511734', '11-24-474-03783-511735']",2,,
11-24-474-03783-511742,[],0,,
11-24-474-03783-511747,"['11-24-474-03784-511809', '11-24-474-03783-511748']",2,,
11-24-474-03783-511748,"['11-24-474-03784-511809', '11-24-474-03783-511747', '11-24-474-03783-511749']",3,,
11-24-474-03783-511749,['11-24-474-03783-511748'],1,,
11-24-474-03783-511752,"['11-24-474-03783-511754', '11-24-474-03783-511753']",2,,
11-24-474-03783-511753,"['11-24-474-03783-511754', '11-24-474-03783-511752']",2,,
11-24-474-03783-511754,"['11-24-474-03783-511752', '11-24-474-03783-511753']",2,,
11-24-474-03783-511761,['11-24-474-03783-511762'],1,,
11-24-474-03783-511762,['11-24-474-03783-511761'],1,,
11-24-474-03784-511766,"['11-24-474-03784-511777', '11-24-474-03784-511776']",2,,
11-24-474-03784-511774,['11-24-474-03784-511784'],1,,
11-24-474-03784-511776,"['11-24-474-03784-511766', '11-24-474-03784-511777']",2,,
11-24-474-03784-511777,"['11-24-474-03784-511766', '11-24-474-03784-511781', '11-24-474-03784-511776']",3,,
11-24-474-03784-511781,['11-24-474-03784-511777'],1,,
11-24-474-03784-511784,"['11-24-474-03784-511785', '11-24-474-03784-511796', '11-24-474-03784-511774']",3,,
11-24-474-03784-511785,"['11-24-474-03784-511784', '11-24-474-03784-511796']",2,,
11-24-474-03784-511794,"['11-24-474-03783-511707', '11-24-474-03783-511710']",2,,
11-24-474-03784-511795,['11-24-474-03784-511796'],1,,
11-24-474-03784-511796,"['11-24-474-03784-511784', '11-24-474-03784-511795', '11-24-474-03784-511785']",3,,
11-24-474-03784-511808,['11-24-474-03783-511738'],1,,
11-24-474-03784-511809,"['11-24-474-03783-511747', '11-24-474-03783-511748']",2,,
11-24-474-03785-511820,[],0,,
11-24-474-03785-511821,['11-24-474-03785-511824'],1,,
11-24-474-03785-511823,[],0,,
11-24-474-03785-511824,['11-24-474-03785-511821'],1,,
11-24-474-03785-511825,"['11-24-474-03785-511826', '11-24-474-03785-511827', '11-24-474-03785-511845']",3,,
11-24-474-03785-511826,"['11-24-474-03785-511845', '11-24-474-03785-511825', '11-24-474-03785-511827']",3,,
11-24-474-03785-511827,"['11-24-474-03785-511826', '11-24-474-03785-511825', '11-24-474-03785-511845']",3,,
11-24-474-03785-511830,['11-24-474-03785-511841'],1,,
11-24-474-03785-511831,[],0,,
11-24-474-03785-511838,"['11-24-474-03785-511839', '11-24-474-03786-511858']",2,,
11-24-474-03785-511839,"['11-24-474-03786-511858', '11-24-474-03785-511838']",2,,
11-24-474-03785-511841,['11-24-474-03785-511830'],1,,
11-24-474-03785-511843,[],0,,
11-24-474-03785-511845,"['11-24-474-03785-511826', '11-24-474-03785-511825', '11-24-474-03785-511827']",3,,
11-24-474-03786-511848,[],0,,
11-24-474-03786-511850,['11-24-474-03786-511852'],1,,
11-24-474-03786-511852,['11-24-474-03786-511850'],1,,
11-24-474-03786-511858,"['11-24-474-03786-511859', '11-24-474-03785-511839', '11-24-474-03785-511838']",3,,
11-24-474-03786-511859,['11-24-474-03786-511858'],1,,
11-24-474-03786-511872,[],0,[nan],0.0
11-24-474-03787-511873,"['11-24-475-03797-512572', '11-24-474-03787-511875']",2,,
11-24-474-03787-511874,['11-24-474-03787-511875'],1,,
11-24-474-03787-511875,"['11-24-474-03787-511873', '11-24-474-03787-511874']",2,,
11-24-474-03787-511881,"['11-24-474-03787-511882', '11-24-474-03787-511885']",2,,
11-24-474-03787-511882,"['11-24-474-03787-511885', '11-24-474-03787-511881']",2,,
11-24-474-03787-511883,['11-24-474-03787-511885'],1,,
11-24-474-03787-511885,"['11-24-474-03787-511883', '11-24-474-03787-511881', '11-24-474-03787-511882']",3,,
11-24-474-03787-511895,['11-24-474-03787-511896'],1,,
11-24-474-03787-511896,"['11-24-474-03787-511897', '11-24-474-03787-511895']",2,,
11-24-474-03787-511897,['11-24-474-03787-511896'],1,,
11-24-474-03787-511904,"['11-24-474-03787-511905', '11-24-474-03787-511928']",2,,
11-24-474-03787-511905,"['11-24-474-03787-511928', '11-24-474-03787-511904']",2,,
11-24-474-03787-511914,[],0,,
11-24-474-03787-511924,[],0,,
11-24-474-03787-511925,['11-24-474-03787-511926'],1,,
11-24-474-03787-511926,['11-24-474-03787-511925'],1,,
11-24-474-03787-511928,"['11-24-474-03787-511905', '11-24-474-03787-511904']",2,,
11-24-474-03787-511929,['11-24-474-03787-511931'],1,,
11-24-474-03787-511930,['11-24-474-03787-511931'],1,,
11-24-474-03787-511931,"['11-24-474-03787-511930', '11-24-474-03787-511929']",2,,
11-24-474-03787-511933,[],0,,
11-24-474-03787-511934,"['11-24-474-03787-511936', '11-24-474-03787-511938']",2,,
11-24-474-03787-511936,"['11-24-474-03787-511934', '11-24-474-03787-511938']",2,,
11-24-474-03787-511938,"['11-24-474-03787-511934', '11-24-474-03787-511939', '11-24-474-03787-511936']",3,,
11-24-474-03787-511939,['11-24-474-03787-511938'],1,,
11-24-474-03787-511940,['11-24-474-03787-511941'],1,,
11-24-474-03787-511941,['11-24-474-03787-511940'],1,,
11-24-475-03788-511951,"['11-24-475-03788-511960', '11-24-475-03788-511962', '11-24-475-03788-802490']",3,,
11-24-475-03788-511952,['11-24-475-03788-511953'],1,['1478.0'],0.0
11-24-475-03788-511953,['11-24-475-03788-511952'],1,,
11-24-475-03788-511960,"['11-24-475-03788-511951', '11-24-475-03788-511962', '11-24-475-03788-802490']",3,,
11-24-475-03788-511962,"['11-24-475-03788-511960', '11-24-475-03788-511951', '11-24-475-03788-802490']",3,,
11-24-475-03788-511990,[],0,,
11-24-475-03788-511994,['11-24-475-03788-511998'],1,,
11-24-475-03788-511998,['11-24-475-03788-511994'],1,,
11-24-475-03788-802490,"['11-24-475-03788-511960', '11-24-475-03788-511951', '11-24-475-03788-511962']",3,,
11-24-475-03789-512017,[],0,[nan],0.0
11-24-475-03790-512073,[],0,[nan],0.0
11-24-475-03790-512091,[],0,,
11-24-475-03790-512120,"['11-24-474-03777-511429', '11-24-474-03777-511431']",2,,
11-24-475-03790-512124,['11-24-475-03790-512132'],1,,
11-24-475-03790-512128,['11-24-475-03790-802492'],1,,
11-24-475-03790-512132,['11-24-475-03790-512124'],1,,
11-24-475-03790-512136,[],0,,
11-24-475-03790-802492,['11-24-475-03790-512128'],1,,
11-24-475-03791-512168,[],0,,
11-24-475-03793-512249,['11-24-475-03793-512252'],1,,
11-24-475-03793-512252,['11-24-475-03793-512249'],1,,
11-24-475-03793-512265,"['11-24-475-03793-512272', '11-24-475-03793-512283']",2,,
11-24-475-03793-512268,"['11-24-475-03793-512270', '11-24-475-03793-512269']",2,,
11-24-475-03793-512269,"['11-24-475-03793-512270', '11-24-475-03793-512268']",2,,
11-24-475-03793-512270,"['11-24-475-03793-512268', '11-24-475-03793-512269']",2,,
11-24-475-03793-512271,[],0,,
11-24-475-03793-512272,"['11-24-475-03793-512265', '11-24-475-03793-512283']",2,,
11-24-475-03793-512283,"['11-24-475-03793-512265', '11-24-475-03793-512272']",2,,
11-24-475-03793-512299,"['11-24-475-03795-512418', '11-24-475-03795-512419']",2,,
11-24-475-03794-512310,"['11-24-475-03794-512312', '11-24-475-03794-512311']",2,,
11-24-475-03794-512311,"['11-24-475-03794-512312', '11-24-475-03794-512318', '11-24-475-03794-512310', '11-24-475-03794-512320']",4,,
11-24-475-03794-512312,"['11-24-475-03794-512320', '11-24-475-03794-512318', '11-24-475-03794-512310', '11-24-475-03794-512311']",4,,
11-24-475-03794-512318,"['11-24-475-03794-512312', '11-24-475-03794-512320', '11-24-475-03794-512311']",3,,
11-24-475-03794-512320,"['11-24-475-03794-512312', '11-24-475-03794-512318', '11-24-475-03794-512311']",3,,
11-24-475-03794-512331,['11-24-475-03794-512337'],1,,
11-24-475-03794-512337,['11-24-475-03794-512331'],1,,
11-24-475-03794-512346,[],0,,
11-24-475-03794-512347,"['11-24-475-03794-512358', '11-24-475-03794-512348', '11-24-475-03794-512364']",3,,
11-24-475-03794-512348,"['11-24-475-03794-512358', '11-24-475-03794-512347', '11-24-475-03794-512364']",3,,
11-24-475-03794-512352,"['11-24-475-03794-512353', '11-24-475-03794-512370', '11-24-475-03794-512354', '11-24-475-03794-802496', '11-24-475-03795-512456', '11-24-475-03795-512473']",6,,
11-24-475-03794-512353,"['11-24-475-03794-512352', '11-24-475-03794-512370', '11-24-475-03794-512354', '11-24-475-03794-802496', '11-24-475-03795-512456', '11-24-475-03795-512473']",6,,
11-24-475-03794-512354,"['11-24-475-03794-512353', '11-24-475-03794-512352', '11-24-475-03794-512370', '11-24-475-03794-802496', '11-24-475-03795-512456', '11-24-475-03795-512473']",6,,
11-24-475-03794-512358,"['11-24-475-03794-512348', '11-24-475-03794-512347', '11-24-475-03794-512364']",3,,
11-24-475-03794-512362,"['11-24-475-03794-512375', '11-24-475-03794-512363']",2,,
11-24-475-03794-512363,"['11-24-475-03794-512375', '11-24-475-03794-512362']",2,,
11-24-475-03794-512364,"['11-24-475-03794-512348', '11-24-475-03794-512358', '11-24-475-03794-512377', '11-24-475-03794-512374', '11-24-475-03794-512347']",5,,
11-24-475-03794-512370,"['11-24-475-03794-512353', '11-24-475-03794-512352', '11-24-475-03794-512354', '11-24-475-03794-802496', '11-24-475-03795-512456', '11-24-475-03795-512473']",6,,
11-24-475-03794-512374,"['11-24-475-03794-512377', '11-24-475-03794-512364']",2,,
11-24-475-03794-512375,"['11-24-475-03794-512362', '11-24-475-03794-512363']",2,,
11-24-475-03794-512376,"['11-24-475-03794-512390', '11-24-475-03794-512388', '11-24-475-03794-512389']",3,,
11-24-475-03794-512377,"['11-24-475-03794-512374', '11-24-475-03794-512364']",2,,
11-24-475-03794-512388,"['11-24-475-03794-512390', '11-24-475-03794-512376', '11-24-475-03794-512389']",3,,
11-24-475-03794-512389,"['11-24-475-03794-512390', '11-24-475-03794-512376', '11-24-475-03794-512388']",3,,
11-24-475-03794-512390,"['11-24-475-03794-512376', '11-24-475-03794-512389', '11-24-475-03794-512388']",3,,
11-24-475-03794-512413,[],0,,
11-24-475-03794-512415,['11-24-475-03794-512416'],1,,
11-24-475-03794-512416,['11-24-475-03794-512415'],1,,
11-24-475-03794-802496,"['11-24-475-03794-512353', '11-24-475-03794-512352', '11-24-475-03794-512370', '11-24-475-03794-512354', '11-24-475-03795-512456', '11-24-475-03795-512473']",6,,
11-24-475-03795-512418,"['11-24-475-03793-512299', '11-24-475-03795-512419']",2,,
11-24-475-03795-512419,"['11-24-475-03793-512299', '11-24-475-03795-512421', '11-24-475-03795-512418', '11-24-475-03795-512431', '11-24-475-03795-512430']",5,,
11-24-475-03795-512421,"['11-24-475-03795-512431', '11-24-475-03795-512419', '11-24-475-03795-512430']",3,,
11-24-475-03795-512430,"['11-24-475-03795-512431', '11-24-475-03795-512421', '11-24-475-03795-512438', '11-24-475-03795-512419']",4,,
11-24-475-03795-512431,"['11-24-475-03795-512421', '11-24-475-03795-512419', '11-24-475-03795-512430']",3,,
11-24-475-03795-512438,['11-24-475-03795-512430'],1,,
11-24-475-03795-512447,['11-24-475-03795-512461'],1,,
11-24-475-03795-512449,"['11-24-475-03795-512458', '11-24-475-03795-512450']",2,,
11-24-475-03795-512450,"['11-24-475-03795-512457', '11-24-475-03795-512458', '11-24-475-03795-512449']",3,,
11-24-475-03795-512452,"['11-24-475-03795-512457', '11-24-475-03795-512453']",2,,
11-24-475-03795-512453,['11-24-475-03795-512452'],1,,
11-24-475-03795-512456,"['11-24-475-03794-512353', '11-24-475-03794-512370', '11-24-475-03794-512354', '11-24-475-03794-802496', '11-24-475-03794-512352', '11-24-475-03795-512473']",6,,
11-24-475-03795-512457,"['11-24-475-03795-512452', '11-24-475-03795-512450']",2,,
11-24-475-03795-512458,"['11-24-475-03795-512449', '11-24-475-03795-512450']",2,,
11-24-475-03795-512461,"['11-24-475-03795-512462', '11-24-475-03795-512447']",2,,
11-24-475-03795-512462,['11-24-475-03795-512461'],1,,
11-24-475-03795-512466,"['11-24-481-03850-516010', '11-24-481-03850-516006', '11-24-481-03850-516007']",3,,
11-24-475-03795-512468,"['11-24-475-03795-512479', '11-24-475-03795-512469']",2,,
11-24-475-03795-512469,"['11-24-475-03795-512468', '11-24-475-03795-512479']",2,,
11-24-475-03795-512472,"['11-24-475-03795-512477', '11-24-475-03795-512476']",2,,
11-24-475-03795-512473,"['11-24-475-03794-512353', '11-24-475-03794-512370', '11-24-475-03794-512354', '11-24-475-03794-802496', '11-24-475-03795-512456', '11-24-475-03794-512352']",6,,
11-24-475-03795-512476,"['11-24-475-03795-512472', '11-24-475-03795-512477']",2,,
11-24-475-03795-512477,"['11-24-475-03795-512480', '11-24-475-03795-512476', '11-24-475-03795-512478', '11-24-475-03795-512472']",4,,
11-24-475-03795-512478,"['11-24-475-03795-512480', '11-24-475-03795-512477']",2,,
11-24-475-03795-512479,"['11-24-475-03795-512492', '11-24-475-03795-512480', '11-24-475-03795-512468', '11-24-475-03795-512469', '11-24-475-03795-512490']",5,,
11-24-475-03795-512480,"['11-24-475-03795-512479', '11-24-475-03795-512477', '11-24-475-03795-512478']",3,,
11-24-475-03795-512482,['11-24-475-03795-512483'],1,,
11-24-475-03795-512483,['11-24-475-03795-512482'],1,,
11-24-475-03795-512490,"['11-24-475-03795-512492', '11-24-475-03795-512479']",2,,
11-24-475-03795-512492,"['11-24-475-03795-512490', '11-24-475-03795-512479']",2,,
11-24-475-03796-512508,"['11-24-475-03796-512515', '11-24-475-03796-512516']",2,,
11-24-475-03796-512515,"['11-24-475-03796-512508', '11-24-475-03796-512516']",2,,
11-24-475-03796-512516,"['11-24-475-03796-512515', '11-24-475-03796-512508']",2,,
11-24-475-03796-512521,['11-24-475-03796-512530'],1,,
11-24-475-03796-512530,['11-24-475-03796-512521'],1,,
11-24-475-03797-512534,"['11-24-475-03797-512536', '11-24-475-03797-512535']",2,,
11-24-475-03797-512535,"['11-24-475-03797-512536', '11-24-475-03797-512534']",2,,
11-24-475-03797-512536,"['11-24-475-03797-512535', '11-24-475-03797-512534']",2,,
11-24-475-03797-512572,['11-24-474-03787-511873'],1,,
11-24-476-03799-512671,[],0,,
11-24-476-03799-512704,['11-24-476-03799-512710'],1,,
11-24-476-03799-512710,"['11-24-476-03801-512780', '11-24-476-03799-512704', '11-24-476-03799-512712']",3,"['4313.0', '1835.0', '2935.0']",2.0
11-24-476-03799-512712,"['11-24-476-03801-512780', '11-24-476-03799-512710']",2,,
11-24-476-03800-512728,[],0,,
11-24-476-03800-512737,[],0,,
11-24-476-03800-512759,[],0,,
11-24-476-03801-512767,[],0,[nan],0.0
11-24-476-03801-512780,"['11-24-476-03799-512712', '11-24-476-03799-512710']",2,,
11-24-476-03801-512798,['11-24-476-03801-802500'],1,,
11-24-476-03801-512818,['11-24-476-03801-512833'],1,['2158.0'],0.0
11-24-476-03801-512827,"['11-24-476-03801-512828', '11-24-476-03801-512829']",2,,
11-24-476-03801-512828,"['11-24-476-03801-512827', '11-24-476-03801-512829']",2,"['1384.0', '2279.0']",0.0
11-24-476-03801-512829,"['11-24-476-03801-512828', '11-24-476-03801-512827']",2,,
11-24-476-03801-512833,['11-24-476-03801-512818'],1,['976.0'],0.0
11-24-476-03801-802500,['11-24-476-03801-512798'],1,,
11-24-476-03802-512867,[],0,[nan],0.0
11-24-476-03803-512929,['11-24-476-03803-512940'],1,,
11-24-476-03803-512939,['11-24-476-03803-512944'],1,,
11-24-476-03803-512940,['11-24-476-03803-512929'],1,,
11-24-476-03803-512944,['11-24-476-03803-512939'],1,,
11-24-476-03803-512962,['11-24-476-03803-512963'],1,,
11-24-476-03803-512963,['11-24-476-03803-512962'],1,,
11-24-476-03804-513041,"['11-24-477-03817-513852', '11-24-477-03817-513851']",2,,
11-24-476-03804-513043,['11-24-476-03804-513044'],1,['4737.0'],1.0
11-24-476-03804-513044,['11-24-476-03804-513043'],1,,
11-24-476-03805-513062,['11-24-476-03805-513067'],1,,
11-24-476-03805-513067,['11-24-476-03805-513062'],1,,
11-24-476-03806-513093,['11-24-476-03806-513108'],1,,
11-24-476-03806-513108,['11-24-476-03806-513093'],1,,
11-24-476-03806-513110,[],0,[nan],0.0
11-24-476-03806-513115,[],0,[nan],0.0
11-24-476-03806-513135,"['11-24-476-03806-513145', '11-24-476-03806-513136']",2,,
11-24-476-03806-513136,"['11-24-476-03806-513145', '11-24-476-03806-513135']",2,,
11-24-476-03806-513142,"['11-24-476-03806-513166', '11-24-476-03806-513164', '11-24-476-03806-513165', '11-24-476-03806-513163']",4,,
11-24-476-03806-513145,"['11-24-476-03806-513135', '11-24-476-03806-513136']",2,,
11-24-476-03806-513163,['11-24-476-03806-513142'],1,,
11-24-476-03806-513164,"['11-24-476-03806-513165', '11-24-476-03806-513166', '11-24-476-03806-513142']",3,,
11-24-476-03806-513165,"['11-24-476-03806-513164', '11-24-476-03806-513166', '11-24-476-03806-513142']",3,,
11-24-476-03806-513166,"['11-24-476-03806-513164', '11-24-476-03806-513165', '11-24-476-03806-513142']",3,,
11-24-476-03806-513176,"['11-24-476-03806-513177', '11-24-476-03806-513188']",2,,
11-24-476-03806-513177,"['11-24-476-03806-513176', '11-24-476-03806-513188']",2,,
11-24-476-03806-513188,"['11-24-476-03806-513176', '11-24-476-03806-513177']",2,,
11-24-476-03806-513192,"['11-24-480-03840-515459', '11-24-480-03840-515454', '11-24-480-03840-515458', '11-24-480-03840-515453', '11-24-480-03840-515455']",5,,
11-24-476-03808-513274,"['11-24-477-03817-513846', '11-24-477-03817-513858']",2,,
11-24-476-03808-513277,['11-24-477-03817-513866'],1,,
11-24-476-03809-513332,['11-24-476-03809-802505'],1,[nan],0.0
11-24-476-03809-513340,[],0,,
11-24-476-03809-802505,['11-24-476-03809-513332'],1,,
11-24-477-03812-513451,[],0,[nan],0.0
11-24-477-03812-513458,"['11-24-477-03812-513468', '11-24-477-03812-513459', '11-24-477-03812-802510', '11-24-477-03812-513470']",4,"['170.0', '865.0', nan, '11955.0']",1.0
11-24-477-03812-513459,"['11-24-477-03812-513468', '11-24-477-03812-802510', '11-24-477-03812-513470', '11-24-477-03812-513458']",4,,
11-24-477-03812-513468,"['11-24-477-03812-802510', '11-24-477-03812-513459', '11-24-477-03812-513470', '11-24-477-03812-513458']",4,,
11-24-477-03812-513470,"['11-24-477-03812-513468', '11-24-477-03812-513459', '11-24-477-03812-802510', '11-24-477-03812-513458']",4,,
11-24-477-03812-802510,"['11-24-477-03812-513468', '11-24-477-03812-513459', '11-24-477-03812-513470', '11-24-477-03812-513458']",4,,
11-24-477-03813-513489,['11-24-477-03813-513509'],1,['5852.0'],1.0
11-24-477-03813-513509,"['11-24-477-03813-513515', '11-24-477-03813-513489']",2,"['1440.0', '1858.0']",0.0
11-24-477-03813-513513,['11-24-477-03813-513514'],1,,
11-24-477-03813-513514,['11-24-477-03813-513513'],1,,
11-24-477-03813-513515,['11-24-477-03813-513509'],1,,
11-24-477-03813-513524,['11-24-477-03813-513525'],1,,
11-24-477-03813-513525,['11-24-477-03813-513524'],1,['5668.0'],1.0
11-24-477-03813-513526,['11-24-477-03813-513535'],1,['1972.0'],0.0
11-24-477-03813-513535,['11-24-477-03813-513526'],1,['1529.0'],0.0
11-24-477-03813-802512,[],0,,
11-24-477-03814-513587,"['11-24-477-03816-513745', '11-24-477-03816-513757']",2,"['2385.0', '2006.0']",0.0
11-24-477-03814-513614,"['11-24-477-03814-513639', '11-24-477-03814-513615']",2,"['2307.0', '2148.0']",0.0
11-24-477-03814-513615,"['11-24-477-03814-513639', '11-24-477-03814-513614']",2,,
11-24-477-03814-513617,"['11-24-477-03814-513618', '11-24-477-03814-513619']",2,"['401.0', '6535.0']",1.0
11-24-477-03814-513618,"['11-24-477-03814-513617', '11-24-477-03814-513619']",2,"['1302.0', '6535.0']",1.0
11-24-477-03814-513619,"['11-24-477-03814-513617', '11-24-477-03814-513618']",2,,
11-24-477-03814-513620,['11-24-477-03814-513633'],1,,
11-24-477-03814-513621,[],0,[nan],0.0
11-24-477-03814-513633,['11-24-477-03814-513620'],1,,
11-24-477-03814-513639,"['11-24-477-03814-513614', '11-24-477-03814-513615']",2,,
11-24-477-03814-513641,"['11-24-477-03814-513644', '11-24-477-03814-513642', '11-24-477-03817-513774']",3,"['3366.0', '342.0', '1827.0']",1.0
11-24-477-03814-513642,"['11-24-477-03814-513644', '11-24-477-03814-513641']",2,"['3366.0', '755.0']",1.0
11-24-477-03814-513644,"['11-24-477-03814-513642', '11-24-477-03814-513641']",2,,
11-24-477-03814-513646,[],0,[nan],0.0
11-24-477-03815-513676,['11-24-477-03815-513680'],1,,
11-24-477-03815-513680,['11-24-477-03815-513676'],1,['750.0'],0.0
11-24-477-03815-513684,[],0,[nan],0.0
11-24-477-03815-513697,[],0,[nan],0.0
11-24-477-03815-513709,"['11-24-477-03815-513712', '11-24-477-03815-513713']",2,,
11-24-477-03815-513712,"['11-24-477-03815-513713', '11-24-477-03815-513709']",2,"['994.0', '4995.0']",1.0
11-24-477-03815-513713,"['11-24-477-03815-513712', '11-24-477-03815-513709']",2,"['1244.0', '4995.0']",1.0
11-24-477-03816-513745,"['11-24-477-03814-513587', '11-24-477-03816-513757', '11-24-477-03816-513746', '11-24-477-03816-513747']",4,,
11-24-477-03816-513746,"['11-24-477-03816-513745', '11-24-477-03816-513747']",2,,
11-24-477-03816-513747,"['11-24-477-03816-513745', '11-24-477-03816-513746']",2,,
11-24-477-03816-513756,"['11-24-477-03816-513757', '11-24-477-03816-513759']",2,"['2006.0', '2078.0']",0.0
11-24-477-03816-513757,"['11-24-477-03814-513587', '11-24-477-03816-513756', '11-24-477-03816-513759', '11-24-477-03816-513745']",4,"['1442.0', '898.0', '2078.0', '2385.0']",0.0
11-24-477-03816-513759,"['11-24-477-03816-513756', '11-24-477-03816-513757']",2,,
11-24-477-03817-513770,['11-24-477-03817-513774'],1,,
11-24-477-03817-513771,[],0,[nan],0.0
11-24-477-03817-513774,"['11-24-477-03817-513770', '11-24-477-03814-513641']",2,"['2313.0', '755.0']",0.0
11-24-477-03817-513775,['11-24-477-03817-513804'],1,,
11-24-477-03817-513778,['11-24-477-03817-513782'],1,,
11-24-477-03817-513780,"['11-24-477-03817-513781', '11-24-477-03818-513906']",2,,
11-24-477-03817-513781,['11-24-477-03817-513780'],1,,
11-24-477-03817-513782,['11-24-477-03817-513778'],1,,
11-24-477-03817-513783,"['11-24-477-03817-513795', '11-24-477-03817-513784']",2,"['517.0', '643.0']",0.0
11-24-477-03817-513784,"['11-24-477-03817-513795', '11-24-477-03817-513783']",2,,
11-24-477-03817-513795,"['11-24-477-03817-513783', '11-24-477-03817-513784']",2,,
11-24-477-03817-513804,['11-24-477-03817-513775'],1,['2370.0'],0.0
11-24-477-03817-513826,"['11-24-477-03817-513828', '11-24-477-03817-513827']",2,,
11-24-477-03817-513827,"['11-24-477-03817-513826', '11-24-477-03817-513828']",2,,
11-24-477-03817-513828,"['11-24-477-03817-513826', '11-24-477-03817-513827']",2,"['622.0', '803.0']",0.0
11-24-477-03817-513839,[],0,,
11-24-477-03817-513840,[],0,[nan],0.0
11-24-477-03817-513842,['11-24-477-03817-513843'],1,['1918.0'],0.0
11-24-477-03817-513843,['11-24-477-03817-513842'],1,['364.0'],0.0
11-24-477-03817-513846,"['11-24-476-03808-513274', '11-24-477-03817-513858']",2,,
11-24-477-03817-513851,"['11-24-477-03817-513852', '11-24-476-03804-513041']",2,,
11-24-477-03817-513852,"['11-24-477-03817-513851', '11-24-476-03804-513041']",2,"['2932.0', '456.0']",1.0
11-24-477-03817-513858,"['11-24-476-03808-513274', '11-24-477-03817-513846']",2,"['1638.0', '605.0']",0.0
11-24-477-03817-513864,['11-24-477-03817-513865'],1,,
11-24-477-03817-513865,['11-24-477-03817-513864'],1,['864.0'],0.0
11-24-477-03817-513866,['11-24-476-03808-513277'],1,['3011.0'],1.0
11-24-477-03818-513868,['11-24-477-03818-513879'],1,,
11-24-477-03818-513879,['11-24-477-03818-513868'],1,,
11-24-477-03818-513885,['11-24-477-03818-513886'],1,,
11-24-477-03818-513886,['11-24-477-03818-513885'],1,['1649.0'],0.0
11-24-477-03818-513888,[],0,,
11-24-477-03818-513903,"['11-24-477-03818-513912', '11-24-477-03818-513911']",2,,
11-24-477-03818-513906,['11-24-477-03817-513780'],1,,
11-24-477-03818-513908,[],0,[nan],0.0
11-24-477-03818-513911,"['11-24-477-03818-513903', '11-24-477-03818-513912']",2,"['1762.0', '1199.0']",0.0
11-24-477-03818-513912,"['11-24-477-03818-513903', '11-24-477-03818-513911']",2,,
11-24-477-03818-513913,['11-24-477-03818-513915'],1,,
11-24-477-03818-513914,['11-24-477-03818-513915'],1,,
11-24-477-03818-513915,"['11-24-477-03818-513913', '11-24-477-03818-513914']",2,"['17109.0', '621.0']",1.0
11-24-477-03818-513929,"['11-24-477-03821-514107', '11-24-477-03821-514106']",2,,
11-24-477-03818-513934,"['11-24-477-03820-514009', '11-24-477-03818-513935']",2,,
11-24-477-03818-513935,"['11-24-477-03818-513934', '11-24-477-03820-514009']",2,,
11-24-477-03819-513940,[],0,,
11-24-477-03819-513949,"['11-24-477-03819-513961', '11-24-477-03819-513960']",2,"['1198.0', '17352.0']",1.0
11-24-477-03819-513960,"['11-24-477-03819-513949', '11-24-477-03819-513961']",2,,
11-24-477-03819-513961,"['11-24-477-03819-513949', '11-24-477-03819-513960']",2,"['3046.0', '17352.0']",2.0
11-24-477-03819-513972,['11-24-477-03819-513974'],1,['853.0'],0.0
11-24-477-03819-513974,['11-24-477-03819-513972'],1,,
11-24-477-03819-802519,[],0,,
11-24-477-03820-514007,['11-24-477-03820-514015'],1,['2321.0'],0.0
11-24-477-03820-514009,"['11-24-477-03818-513934', '11-24-477-03818-513935']",2,,
11-24-477-03820-514015,['11-24-477-03820-514007'],1,['1909.0'],0.0
11-24-477-03820-514025,"['11-24-477-03820-514026', '11-24-477-03820-514038']",2,"['4300.0', '1747.0']",1.0
11-24-477-03820-514026,"['11-24-477-03820-514038', '11-24-477-03820-514025']",2,,
11-24-477-03820-514028,['11-24-478-03822-514170'],1,,
11-24-477-03820-514038,"['11-24-477-03820-514026', '11-24-477-03820-514025']",2,,
11-24-477-03820-514057,[],0,,
11-24-477-03821-514101,"['11-24-477-03821-514121', '11-24-477-03821-514120']",2,"['1229.0', '1126.0']",0.0
11-24-477-03821-514106,['11-24-477-03818-513929'],1,['1003.0'],0.0
11-24-477-03821-514107,['11-24-477-03818-513929'],1,['1003.0'],0.0
11-24-477-03821-514114,['11-24-477-03821-514127'],1,['3332.0'],1.0
11-24-477-03821-514120,"['11-24-477-03821-514121', '11-24-477-03821-514101']",2,,
11-24-477-03821-514121,"['11-24-477-03821-514101', '11-24-477-03821-514120']",2,,
11-24-477-03821-514127,['11-24-477-03821-514114'],1,,
11-24-477-03821-514129,[],0,,
11-24-477-03821-514136,['11-24-477-03821-514139'],1,['1807.0'],0.0
11-24-477-03821-514139,['11-24-477-03821-514136'],1,['555.0'],0.0
11-24-477-03821-514152,"['11-24-477-03821-514153', '11-24-477-03821-514164']",2,,
11-24-477-03821-514153,"['11-24-477-03821-514152', '11-24-477-03821-514164']",2,,
11-24-477-03821-514155,"['11-24-477-03821-514162', '11-24-477-03821-514157']",2,,
11-24-477-03821-514156,['11-24-477-03821-514162'],1,['532.0'],0.0
11-24-477-03821-514157,"['11-24-477-03821-514155', '11-24-477-03821-514162']",2,,
11-24-477-03821-514162,"['11-24-477-03821-514156', '11-24-477-03821-514155', '11-24-477-03821-514157']",3,"['1536.0', '1537.0', '5964.0']",1.0
11-24-477-03821-514164,"['11-24-477-03821-514153', '11-24-477-03821-514152']",2,,
11-24-478-03822-514170,['11-24-477-03820-514028'],1,,
11-24-478-03822-514178,"['11-24-478-03822-514191', '11-24-478-03822-514193', '11-24-478-03822-514179']",3,,
11-24-478-03822-514179,"['11-24-478-03822-514191', '11-24-478-03822-514193', '11-24-478-03822-514178']",3,,
11-24-478-03822-514187,['11-24-478-03822-514188'],1,,
11-24-478-03822-514188,['11-24-478-03822-514187'],1,,
11-24-478-03822-514191,"['11-24-478-03822-514193', '11-24-478-03822-514179', '11-24-478-03822-514178']",3,"['3470.0', '1209.0', '1916.0']",1.0
11-24-478-03822-514193,"['11-24-478-03822-514191', '11-24-478-03822-514179', '11-24-478-03822-514178']",3,,
11-24-478-03822-514229,[],0,,
11-24-478-03823-514245,"['11-24-478-03823-514286', '11-24-478-03823-514247']",2,,
11-24-478-03823-514247,['11-24-478-03823-514245'],1,,
11-24-478-03823-514251,"['11-24-478-03824-514308', '11-24-478-03823-514252']",2,,
11-24-478-03823-514252,"['11-24-478-03824-514308', '11-24-478-03823-514251']",2,,
11-24-478-03823-514264,['11-24-478-03823-514265'],1,,
11-24-478-03823-514265,['11-24-478-03823-514264'],1,,
11-24-478-03823-514286,['11-24-478-03823-514245'],1,,
11-24-478-03824-514308,"['11-24-478-03823-514251', '11-24-478-03823-514252']",2,,
11-24-478-03824-514312,['11-24-478-03824-802525'],1,,
11-24-478-03824-514334,['11-24-478-03824-514336'],1,,
11-24-478-03824-514336,['11-24-478-03824-514334'],1,['1402.0'],0.0
11-24-478-03824-802525,['11-24-478-03824-514312'],1,,
11-24-479-03825-514403,['11-24-479-03825-514404'],1,,
11-24-479-03825-514404,['11-24-479-03825-514403'],1,,
11-24-479-03827-514468,['11-24-479-03827-514469'],1,,
11-24-479-03827-514469,['11-24-479-03827-514468'],1,,
11-24-479-03827-514518,"['11-24-479-03827-514519', '11-24-479-03829-514620']",2,,
11-24-479-03827-514519,"['11-24-479-03827-514518', '11-24-479-03829-514620']",2,,
11-24-479-03827-514522,[],0,,
11-24-479-03828-514535,"['11-24-479-03828-514538', '11-24-479-03828-514539', '11-24-479-03828-514541']",3,,
11-24-479-03828-514538,"['11-24-479-03828-514539', '11-24-479-03828-514541', '11-24-479-03828-514535']",3,,
11-24-479-03828-514539,"['11-24-479-03828-514538', '11-24-479-03828-514541', '11-24-479-03828-514535']",3,"['123.0', '665.0', '2224.0']",0.0
11-24-479-03828-514541,"['11-24-479-03828-514538', '11-24-479-03828-514539', '11-24-479-03828-514535']",3,"['123.0', '854.0', '2224.0']",0.0
11-24-479-03828-514549,['11-24-480-03844-515651'],1,,
11-24-479-03828-514562,"['11-24-479-03828-514564', '11-24-479-03828-514563']",2,,
11-24-479-03828-514563,"['11-24-479-03828-514564', '11-24-479-03828-514562']",2,,
11-24-479-03828-514564,"['11-24-479-03828-514562', '11-24-479-03828-514563']",2,,
11-24-479-03829-514578,"['11-24-479-03829-514581', '11-24-479-03829-514594']",2,,
11-24-479-03829-514581,"['11-24-479-03829-514594', '11-24-479-03829-514578']",2,,
11-24-479-03829-514594,"['11-24-479-03829-514581', '11-24-479-03829-514578']",2,,
11-24-479-03829-514604,['11-24-479-03829-514605'],1,,
11-24-479-03829-514605,['11-24-479-03829-514604'],1,,
11-24-479-03829-514620,"['11-24-479-03827-514518', '11-24-479-03827-514519']",2,,
11-24-479-03829-514639,['11-24-479-03829-514640'],1,['1407.0'],0.0
11-24-479-03829-514640,['11-24-479-03829-514639'],1,,
11-24-479-03830-514683,[],0,,
11-24-479-03832-514785,['11-24-479-03832-514787'],1,['1732.0'],0.0
11-24-479-03832-514787,['11-24-479-03832-514785'],1,,
11-24-479-03832-514816,['11-24-479-03833-514839'],1,['1414.0'],0.0
11-24-479-03833-514839,['11-24-479-03832-514816'],1,,
11-24-479-03833-514852,['11-24-479-03833-514869'],1,,
11-24-479-03833-514869,['11-24-479-03833-514852'],1,,
11-24-479-03833-514875,[],0,,
11-24-479-03833-514895,['11-24-479-03833-514897'],1,,
11-24-479-03833-514897,['11-24-479-03833-514895'],1,,
11-24-479-03834-514971,['11-24-479-03834-514972'],1,,
11-24-479-03834-514972,['11-24-479-03834-514971'],1,,
11-24-479-03834-514991,['11-24-479-03834-514994'],1,,
11-24-479-03834-514994,['11-24-479-03834-514991'],1,,
11-24-479-03835-515024,['11-24-479-03835-515026'],1,,
11-24-479-03835-515026,['11-24-479-03835-515024'],1,,
11-24-479-03837-515100,"['11-24-479-03837-515107', '11-24-479-03837-515101', '11-24-479-03837-515108']",3,,
11-24-479-03837-515101,"['11-24-479-03837-515107', '11-24-479-03837-515100', '11-24-479-03837-515108']",3,,
11-24-479-03837-515104,"['11-24-479-03837-515111', '11-24-479-03837-515117', '11-24-479-03837-515112']",3,,
11-24-479-03837-515107,"['11-24-479-03837-515100', '11-24-479-03837-515101', '11-24-479-03837-515108']",3,,
11-24-479-03837-515108,"['11-24-479-03837-515107', '11-24-479-03837-515100', '11-24-479-03837-515101']",3,,
11-24-479-03837-515111,"['11-24-479-03837-515112', '11-24-479-03837-515117', '11-24-479-03837-515104']",3,,
11-24-479-03837-515112,"['11-24-479-03837-515111', '11-24-479-03837-515117', '11-24-479-03837-515104']",3,,
11-24-479-03837-515117,"['11-24-479-03837-515111', '11-24-479-03837-515112', '11-24-479-03837-515104']",3,,
11-24-479-03838-515247,[],0,,
11-24-479-03838-515327,"['11-24-479-03838-515348', '11-24-479-03838-515347']",2,,
11-24-479-03838-515345,[],0,,
11-24-479-03838-515347,"['11-24-479-03838-515327', '11-24-479-03838-515348']",2,,
11-24-479-03838-515348,"['11-24-479-03838-515327', '11-24-479-03838-515347']",2,,
11-24-479-03838-515359,[],0,,
11-24-480-03839-515385,['11-24-480-03839-515408'],1,,
11-24-480-03839-515394,['11-24-480-03839-515418'],1,,
11-24-480-03839-515408,['11-24-480-03839-515385'],1,,
11-24-480-03839-515418,['11-24-480-03839-515394'],1,,
11-24-480-03840-515431,"['11-24-480-03840-515441', '11-24-480-03840-515448']",2,,
11-24-480-03840-515435,"['11-24-480-03840-515437', '11-24-480-03840-515452']",2,,
11-24-480-03840-515437,"['11-24-480-03840-515435', '11-24-480-03840-515452']",2,,
11-24-480-03840-515439,['11-24-480-03840-515449'],1,,
11-24-480-03840-515441,"['11-24-480-03840-515448', '11-24-480-03840-515431']",2,,
11-24-480-03840-515448,"['11-24-480-03840-515441', '11-24-480-03840-515431']",2,,
11-24-480-03840-515449,['11-24-480-03840-515439'],1,,
11-24-480-03840-515450,"['11-24-480-03840-515451', '11-24-480-03840-515460', '11-24-480-03840-515452']",3,,
11-24-480-03840-515451,"['11-24-480-03840-515460', '11-24-480-03840-515450', '11-24-480-03840-515452']",3,,
11-24-480-03840-515452,"['11-24-480-03840-515437', '11-24-480-03840-515460', '11-24-480-03840-515451', '11-24-480-03840-515435', '11-24-480-03840-515450']",5,,
11-24-480-03840-515453,"['11-24-476-03806-513192', '11-24-480-03840-515459', '11-24-480-03840-515454', '11-24-480-03840-515458', '11-24-480-03840-515455']",5,,
11-24-480-03840-515454,"['11-24-476-03806-513192', '11-24-480-03840-515459', '11-24-480-03840-515458', '11-24-480-03840-515453', '11-24-480-03840-515455']",5,,
11-24-480-03840-515455,"['11-24-476-03806-513192', '11-24-480-03840-515459', '11-24-480-03840-515454', '11-24-480-03840-515458', '11-24-480-03840-515453']",5,,
11-24-480-03840-515456,['11-24-480-03840-515457'],1,,
11-24-480-03840-515457,['11-24-480-03840-515456'],1,,
11-24-480-03840-515458,"['11-24-476-03806-513192', '11-24-480-03840-515459', '11-24-480-03840-515454', '11-24-480-03840-515453', '11-24-480-03840-515455']",5,,
11-24-480-03840-515459,"['11-24-476-03806-513192', '11-24-480-03840-515454', '11-24-480-03840-515458', '11-24-480-03840-515453', '11-24-480-03840-515455']",5,,
11-24-480-03840-515460,"['11-24-480-03840-515451', '11-24-480-03840-515450', '11-24-480-03840-515452']",3,,
11-24-480-03840-515461,"['11-24-480-03840-802539', '11-24-480-03840-515463']",2,,
11-24-480-03840-515463,"['11-24-480-03840-802539', '11-24-480-03840-515461']",2,,
11-24-480-03840-515471,[],0,[nan],0.0
11-24-480-03840-802539,"['11-24-480-03840-515463', '11-24-480-03840-515461']",2,,
11-24-480-03841-515502,"['11-24-480-03843-515577', '11-24-480-03843-515578', '11-24-480-03843-515579']",3,,
11-24-480-03841-515532,[],0,,
11-24-480-03843-515574,"['11-24-480-03843-515585', '11-24-480-03843-515584', '11-24-480-03843-515582', '11-24-480-03843-802542', '11-24-480-03843-515592']",5,,
11-24-480-03843-515577,"['11-24-480-03841-515502', '11-24-480-03843-515579', '11-24-480-03843-515578']",3,,
11-24-480-03843-515578,"['11-24-480-03841-515502', '11-24-480-03843-515577', '11-24-480-03843-515579']",3,,
11-24-480-03843-515579,"['11-24-480-03841-515502', '11-24-480-03843-515577', '11-24-480-03843-515578']",3,,
11-24-480-03843-515582,"['11-24-480-03843-515585', '11-24-480-03843-515584', '11-24-480-03843-802542', '11-24-480-03843-515592', '11-24-480-03843-515574']",5,,
11-24-480-03843-515584,"['11-24-480-03843-515585', '11-24-480-03843-515582', '11-24-480-03843-802542', '11-24-480-03843-515592', '11-24-480-03843-515574']",5,,
11-24-480-03843-515585,"['11-24-480-03843-515584', '11-24-480-03843-515582', '11-24-480-03843-802542', '11-24-480-03843-515592', '11-24-480-03843-515574']",5,,
11-24-480-03843-515590,['11-24-480-03843-802542'],1,[nan],0.0
11-24-480-03843-515592,"['11-24-480-03843-515585', '11-24-480-03843-515584', '11-24-480-03843-515582', '11-24-480-03843-802542', '11-24-480-03843-515574']",5,,
11-24-480-03843-515619,"['11-24-480-03843-515635', '11-24-480-03843-515636', '11-24-480-03843-515623', '11-24-480-03843-515637']",4,,
11-24-480-03843-515623,"['11-24-480-03843-515636', '11-24-480-03843-515619', '11-24-480-03843-515635', '11-24-480-03843-515637']",4,,
11-24-480-03843-515635,"['11-24-480-03843-515636', '11-24-480-03843-515619', '11-24-480-03843-515623', '11-24-480-03843-515637']",4,,
11-24-480-03843-515636,"['11-24-480-03843-515635', '11-24-480-03843-515619', '11-24-480-03843-515623', '11-24-480-03843-515637']",4,,
11-24-480-03843-515637,"['11-24-480-03843-515635', '11-24-480-03843-515636', '11-24-480-03843-515619', '11-24-480-03843-515623']",4,,
11-24-480-03843-802542,"['11-24-480-03843-515585', '11-24-480-03843-515584', '11-24-480-03843-515582', '11-24-480-03843-515590', '11-24-480-03843-515592', '11-24-480-03843-515574']",6,,
11-24-480-03844-515651,['11-24-479-03828-514549'],1,,
11-24-480-03844-515664,"['11-24-480-03844-802543', '11-24-480-03844-515665']",2,,
11-24-480-03844-515665,"['11-24-480-03844-515664', '11-24-480-03844-802543']",2,,
11-24-480-03844-802543,"['11-24-480-03844-515664', '11-24-480-03844-515665']",2,,
11-24-480-03845-515675,['11-24-480-03845-802544'],1,,
11-24-480-03845-515684,"['11-24-480-03845-515700', '11-24-480-03845-515701']",2,,
11-24-480-03845-515700,"['11-24-480-03845-515684', '11-24-480-03845-515701']",2,,
11-24-480-03845-515701,"['11-24-480-03845-515711', '11-24-480-03845-515684', '11-24-480-03845-515719', '11-24-480-03845-515700', '11-24-480-03845-515712']",5,,
11-24-480-03845-515705,"['11-24-480-03845-515706', '11-24-480-03845-515707']",2,,
11-24-480-03845-515706,"['11-24-480-03845-515705', '11-24-480-03845-515707']",2,,
11-24-480-03845-515707,"['11-24-480-03845-515706', '11-24-480-03845-515705']",2,,
11-24-480-03845-515711,"['11-24-480-03845-515712', '11-24-480-03845-515719', '11-24-480-03845-515701']",3,,
11-24-480-03845-515712,"['11-24-480-03845-515711', '11-24-480-03845-515719', '11-24-480-03845-515701']",3,,
11-24-480-03845-515718,['11-24-480-03845-515726'],1,,
11-24-480-03845-515719,"['11-24-480-03845-515711', '11-24-480-03845-515712', '11-24-480-03845-515701']",3,,
11-24-480-03845-515726,['11-24-480-03845-515718'],1,,
11-24-480-03845-802544,['11-24-480-03845-515675'],1,,
11-24-480-03846-515757,"['11-24-480-03846-515768', '11-24-480-03846-515767', '11-24-480-03846-515758']",3,,
11-24-480-03846-515758,"['11-24-480-03846-515768', '11-24-480-03846-515767', '11-24-480-03846-515757']",3,,
11-24-480-03846-515767,"['11-24-480-03846-515768', '11-24-480-03846-515757', '11-24-480-03846-515758']",3,,
11-24-480-03846-515768,"['11-24-480-03846-515767', '11-24-480-03846-515757', '11-24-480-03846-515758']",3,,
11-24-480-03846-515793,['11-24-481-03860-516685'],1,,
11-24-480-03846-515808,[],0,,
11-24-480-03846-515825,['11-24-480-03846-515829'],1,,
11-24-480-03846-515828,[],0,[nan],0.0
11-24-480-03846-515829,['11-24-480-03846-515825'],1,,
11-24-480-03846-802545,[],0,,
11-24-480-03847-515845,"['11-24-480-03847-515846', '11-24-480-03847-515849', '11-24-480-03847-515847']",3,,
11-24-480-03847-515846,"['11-24-480-03847-515845', '11-24-480-03847-515849', '11-24-480-03847-515847']",3,,
11-24-480-03847-515847,"['11-24-480-03847-515846', '11-24-480-03847-515845', '11-24-480-03847-515849']",3,,
11-24-480-03847-515849,"['11-24-480-03847-515846', '11-24-480-03847-515845', '11-24-480-03847-515847']",3,,
11-24-480-03847-515857,"['11-24-480-03847-515870', '11-24-480-03847-515871', '11-24-480-03847-515859']",3,,
11-24-480-03847-515859,['11-24-480-03847-515857'],1,,
11-24-480-03847-515863,[],0,,
11-24-480-03847-515866,['11-24-480-03847-515867'],1,,
11-24-480-03847-515867,['11-24-480-03847-515866'],1,,
11-24-480-03847-515870,"['11-24-480-03847-515857', '11-24-480-03847-515871']",2,,
11-24-480-03847-515871,"['11-24-480-03847-515857', '11-24-480-03847-515870']",2,,
11-24-480-03847-515873,"['11-24-480-03847-515879', '11-24-480-03847-515880']",2,,
11-24-480-03847-515878,['11-24-480-03847-515879'],1,,
11-24-480-03847-515879,"['11-24-480-03847-515878', '11-24-480-03847-515873', '11-24-480-03847-515880']",3,,
11-24-480-03847-515880,"['11-24-480-03847-515873', '11-24-480-03847-515879']",2,,
11-24-480-03848-515887,['11-24-480-03848-515896'],1,,
11-24-480-03848-515896,['11-24-480-03848-515887'],1,,
11-24-480-03848-515898,[],0,,
11-24-480-03848-515903,"['11-24-480-03848-515904', '11-24-480-03848-515910']",2,,
11-24-480-03848-515904,"['11-24-480-03848-515903', '11-24-480-03848-515910']",2,,
11-24-480-03848-515910,"['11-24-480-03848-515903', '11-24-480-03848-515904']",2,,
11-24-480-03848-515920,[],0,,
11-24-480-03848-515922,['11-24-480-03848-515924'],1,,
11-24-480-03848-515924,['11-24-480-03848-515922'],1,,
11-24-480-03849-515931,"['11-24-480-03849-515932', '11-24-480-03849-515933']",2,,
11-24-480-03849-515932,"['11-24-480-03849-515933', '11-24-480-03849-515931']",2,,
11-24-480-03849-515933,"['11-24-480-03849-515932', '11-24-480-03849-515939', '11-24-480-03849-515931']",3,,
11-24-480-03849-515936,[],0,[nan],0.0
11-24-480-03849-515939,['11-24-480-03849-515933'],1,['1480.0'],0.0
11-24-480-03849-515950,"['11-24-480-03849-515960', '11-24-480-03849-515964', '11-24-480-03849-515951', '11-24-480-03849-515961']",4,,
11-24-480-03849-515951,"['11-24-480-03849-515960', '11-24-480-03849-515950', '11-24-480-03849-515961']",3,,
11-24-480-03849-515960,"['11-24-480-03849-515988', '11-24-480-03849-515950', '11-24-481-03860-516785', '11-24-480-03849-515974', '11-24-480-03849-515961', '11-24-480-03849-515975', '11-24-480-03849-515951']",7,,
11-24-480-03849-515961,"['11-24-480-03849-515960', '11-24-480-03849-515950', '11-24-480-03849-515951']",3,,
11-24-480-03849-515964,['11-24-480-03849-515950'],1,,
11-24-480-03849-515974,"['11-24-480-03849-515960', '11-24-481-03860-516785', '11-24-480-03849-515975', '11-24-480-03849-515988']",4,,
11-24-480-03849-515975,"['11-24-480-03849-515960', '11-24-481-03860-516785', '11-24-480-03849-515974', '11-24-480-03849-515988']",4,,
11-24-480-03849-515988,"['11-24-480-03849-515960', '11-24-481-03860-516785', '11-24-480-03849-515975', '11-24-480-03849-515974']",4,"['7129.0', '556.0', '1266.0', '1181.0']",1.0
11-24-480-03849-515990,['11-24-480-03849-515991'],1,,
11-24-480-03849-515991,['11-24-480-03849-515990'],1,,
11-24-480-03849-515999,[],0,,
11-24-481-03850-516006,"['11-24-481-03850-516010', '11-24-475-03795-512466', '11-24-481-03850-516007']",3,"['1719.0', '1527.0', '2101.0']",0.0
11-24-481-03850-516007,"['11-24-481-03850-516010', '11-24-481-03850-516006', '11-24-475-03795-512466']",3,"['1719.0', '2950.0', '1527.0']",1.0
11-24-481-03850-516010,"['11-24-481-03850-516006', '11-24-475-03795-512466', '11-24-481-03850-516007']",3,,
11-24-481-03850-516012,[],0,[nan],0.0
11-24-481-03850-516044,['11-24-481-03850-516047'],1,,
11-24-481-03850-516047,['11-24-481-03850-516044'],1,['1178.0'],0.0
11-24-481-03851-516065,['11-24-481-03851-516071'],1,['761.0'],0.0
11-24-481-03851-516066,"['11-24-481-03851-516067', '11-24-481-03851-516068']",2,,
11-24-481-03851-516067,"['11-24-481-03851-516066', '11-24-481-03851-516068']",2,,
11-24-481-03851-516068,"['11-24-481-03851-516067', '11-24-481-03851-516066']",2,,
11-24-481-03851-516071,"['11-24-481-03851-516085', '11-24-481-03851-516065']",2,"['781.0', '2101.0']",0.0
11-24-481-03851-516085,['11-24-481-03851-516071'],1,,
11-24-481-03851-516101,['11-24-481-03853-516225'],1,,
11-24-481-03851-516102,['11-24-481-03851-516108'],1,,
11-24-481-03851-516108,['11-24-481-03851-516102'],1,['331.0'],0.0
11-24-481-03852-516131,['11-24-481-03852-802550'],1,,
11-24-481-03852-516133,['11-24-481-03852-516134'],1,['1266.0'],0.0
11-24-481-03852-516134,['11-24-481-03852-516133'],1,,
11-24-481-03852-516170,['11-24-481-03852-516175'],1,,
11-24-481-03852-516175,['11-24-481-03852-516170'],1,,
11-24-481-03852-802550,['11-24-481-03852-516131'],1,,
11-24-481-03853-516221,[],0,,
11-24-481-03853-516225,['11-24-481-03851-516101'],1,,
11-24-481-03854-516230,[],0,[nan],0.0
11-24-481-03854-516233,[],0,,
11-24-481-03854-516250,['11-24-481-03854-516284'],1,[nan],0.0
11-24-481-03854-516270,['11-24-481-03855-516307'],1,,
11-24-481-03854-516284,['11-24-481-03854-516250'],1,,
11-24-481-03855-516287,['11-24-481-03855-516288'],1,['2415.0'],0.0
11-24-481-03855-516288,['11-24-481-03855-516287'],1,['1011.0'],0.0
11-24-481-03855-516307,['11-24-481-03854-516270'],1,,
11-24-481-03855-516310,['11-24-481-03855-516311'],1,,
11-24-481-03855-516311,['11-24-481-03855-516310'],1,,
11-24-481-03856-516339,['11-24-481-03856-516340'],1,['919.0'],0.0
11-24-481-03856-516340,['11-24-481-03856-516339'],1,,
11-24-481-03856-516349,['11-24-481-03856-516350'],1,,
11-24-481-03856-516350,['11-24-481-03856-516349'],1,,
11-24-481-03856-516371,['11-24-481-03856-516414'],1,[nan],0.0
11-24-481-03856-516379,"['11-24-481-03856-516386', '11-24-481-03856-516380', '11-24-481-03856-516387']",3,"['1291.0', '393.0', '315.0']",0.0
11-24-481-03856-516380,['11-24-481-03856-516379'],1,,
11-24-481-03856-516385,"['11-24-481-03856-516390', '11-24-481-03856-516391']",2,,
11-24-481-03856-516386,"['11-24-481-03856-516387', '11-24-481-03856-516379']",2,,
11-24-481-03856-516387,"['11-24-481-03856-516386', '11-24-481-03856-516379']",2,,
11-24-481-03856-516390,"['11-24-481-03856-516385', '11-24-481-03856-516391']",2,"['2109.0', '2243.0']",0.0
11-24-481-03856-516391,"['11-24-481-03856-516385', '11-24-481-03856-516390']",2,"['2109.0', '2472.0']",0.0
11-24-481-03856-516404,['11-24-481-03856-516405'],1,,
11-24-481-03856-516405,['11-24-481-03856-516404'],1,,
11-24-481-03856-516414,['11-24-481-03856-516371'],1,,
11-24-481-03857-516442,"['11-24-481-03857-516455', '11-24-481-03857-516444', '11-24-481-03857-516443']",3,,
11-24-481-03857-516443,"['11-24-481-03857-516455', '11-24-481-03857-516442', '11-24-481-03857-516444']",3,"['1193.0', '2309.0', '2005.0']",0.0
11-24-481-03857-516444,"['11-24-481-03857-516455', '11-24-481-03857-516442', '11-24-481-03857-516443']",3,,
11-24-481-03857-516455,"['11-24-481-03857-516444', '11-24-481-03857-516442', '11-24-481-03857-516443']",3,"['2005.0', '2309.0', '1478.0']",0.0
11-24-481-03858-516522,['11-24-481-03858-516523'],1,,
11-24-481-03858-516523,['11-24-481-03858-516522'],1,,
11-24-481-03858-516534,[],0,,
11-24-481-03858-516550,[],0,,
11-24-481-03859-516560,['11-24-481-03859-516561'],1,,
11-24-481-03859-516561,"['11-24-481-03859-516567', '11-24-481-03859-516569', '11-24-481-03859-516560']",3,,
11-24-481-03859-516567,"['11-24-481-03859-516569', '11-24-481-03859-516561']",2,,
11-24-481-03859-516569,"['11-24-481-03859-516567', '11-24-481-03859-516561']",2,,
11-24-481-03859-516628,"['11-24-481-03860-516699', '11-24-481-03860-516697']",2,,
11-24-481-03859-516644,['11-24-481-03859-516653'],1,['4792.0'],1.0
11-24-481-03859-516653,['11-24-481-03859-516644'],1,,
11-24-481-03860-516675,"['11-24-481-03860-516676', '11-24-481-03860-516694']",2,"['653.0', '6764.0']",1.0
11-24-481-03860-516676,"['11-24-481-03860-516675', '11-24-481-03860-516694']",2,"['675.0', '6764.0']",1.0
11-24-481-03860-516680,['11-24-481-03860-516691'],1,,
11-24-481-03860-516685,['11-24-480-03846-515793'],1,,
11-24-481-03860-516691,['11-24-481-03860-516680'],1,,
11-24-481-03860-516694,"['11-24-481-03860-516675', '11-24-481-03860-516676']",2,,
11-24-481-03860-516695,['11-24-481-03860-516704'],1,['1891.0'],0.0
11-24-481-03860-516697,"['11-24-481-03860-516699', '11-24-481-03859-516628']",2,,
11-24-481-03860-516698,['11-24-481-03860-516700'],1,['1692.0'],0.0
11-24-481-03860-516699,"['11-24-481-03860-516697', '11-24-481-03859-516628']",2,,
11-24-481-03860-516700,['11-24-481-03860-516698'],1,['812.0'],0.0
11-24-481-03860-516704,['11-24-481-03860-516695'],1,,
11-24-481-03860-516705,"['11-24-481-03860-516720', '11-24-481-03860-516721']",2,,
11-24-481-03860-516720,"['11-24-481-03860-516721', '11-24-481-03860-516705']",2,,
11-24-481-03860-516721,"['11-24-481-03860-516720', '11-24-481-03860-516705']",2,,
11-24-481-03860-516754,"['11-24-481-03860-516771', '11-24-481-03860-516770']",2,,
11-24-481-03860-516770,"['11-24-481-03860-516771', '11-24-481-03860-516754']",2,"['1511.0', '4853.0']",1.0
11-24-481-03860-516771,"['11-24-481-03860-516770', '11-24-481-03860-516754']",2,,
11-24-481-03860-516785,"['11-24-480-03849-515960', '11-24-480-03849-515975', '11-24-480-03849-515974', '11-24-480-03849-515988']",4,,
11-24-482-03861-516821,"['11-24-482-03861-516829', '11-24-482-03861-516822']",2,,
11-24-482-03861-516822,"['11-24-482-03861-516821', '11-24-482-03861-516829']",2,,
11-24-482-03861-516827,['11-24-482-03861-516831'],1,,
11-24-482-03861-516829,"['11-24-482-03861-516821', '11-24-482-03861-516822']",2,,
11-24-482-03861-516831,['11-24-482-03861-516827'],1,,
11-24-482-03861-516844,"['11-24-482-03866-517010', '11-24-482-03861-516846']",2,,
11-24-482-03861-516846,"['11-24-482-03866-517010', '11-24-482-03861-516844']",2,,
11-24-482-03862-516862,"['11-24-482-03862-802558', '11-24-482-03862-516863', '11-24-482-03862-516867']",3,,
11-24-482-03862-516863,"['11-24-482-03862-802558', '11-24-482-03862-516867', '11-24-482-03862-516862']",3,,
11-24-482-03862-516864,"['11-24-482-03862-516866', '11-24-482-03862-516865', '11-24-482-03865-516966', '11-24-482-03865-516969', '11-24-482-03865-516967', '11-24-482-03862-802558']",6,"['2832.0', '5000.0', '9781.0', '1903.0', '2075.0', nan]",3.0
11-24-482-03862-516865,"['11-24-482-03862-516866', '11-24-482-03865-516966', '11-24-482-03862-516864', '11-24-482-03865-516969', '11-24-482-03865-516967', '11-24-482-03862-802558']",6,,
11-24-482-03862-516866,"['11-24-482-03862-516865', '11-24-482-03865-516966', '11-24-482-03862-516864', '11-24-482-03865-516969', '11-24-482-03865-516967', '11-24-482-03862-802558']",6,,
11-24-482-03862-516867,"['11-24-482-03862-802558', '11-24-482-03862-516863', '11-24-482-03862-516862']",3,,
11-24-482-03862-802558,"['11-24-482-03862-516866', '11-24-482-03862-516865', '11-24-482-03862-516864', '11-24-482-03865-516966', '11-24-482-03865-516969', '11-24-482-03865-516967', '11-24-482-03862-516863', '11-24-482-03862-516867', '11-24-482-03862-516862']",9,,
11-24-482-03863-516873,['11-24-483-03876-517592'],1,,
11-24-482-03863-516875,[],0,,
11-24-482-03863-516887,"['11-24-482-03863-516900', '11-24-482-03863-802559']",2,,
11-24-482-03863-516900,"['11-24-482-03863-516887', '11-24-482-03863-802559']",2,"['3468.0', nan]",1.0
11-24-482-03863-516905,"['11-24-486-03897-519768', '11-24-482-03864-516918']",2,"['8770.0', '9463.0']",2.0
11-24-482-03863-516907,"['11-24-482-03864-516919', '11-24-486-03897-519768']",2,"['3504.0', '8770.0']",2.0
11-24-482-03863-802559,"['11-24-482-03863-516887', '11-24-482-03863-516900', '11-24-483-03878-517755']",3,,
11-24-482-03864-516910,['11-24-482-03864-516913'],1,,
11-24-482-03864-516913,['11-24-482-03864-516910'],1,['2263.0'],0.0
11-24-482-03864-516918,['11-24-482-03863-516905'],1,,
11-24-482-03864-516919,"['11-24-482-03864-516931', '11-24-486-03897-519768', '11-24-482-03863-516907']",3,"['2478.0', '8770.0', '4333.0']",2.0
11-24-482-03864-516924,[],0,[nan],0.0
11-24-482-03864-516929,"['11-24-482-03864-802562', '11-24-482-03864-516934', '11-24-482-03864-516946']",3,,
11-24-482-03864-516931,"['11-24-482-03864-516932', '11-24-482-03864-516919']",2,"['8282.0', '3504.0']",2.0
11-24-482-03864-516932,['11-24-482-03864-516931'],1,['2478.0'],0.0
11-24-482-03864-516934,"['11-24-482-03864-802562', '11-24-482-03864-516946', '11-24-482-03864-516929']",3,"['4782.0', nan, '2660.0']",2.0
11-24-482-03864-516938,"['11-24-482-03867-517068', '11-24-482-03864-516939']",2,,
11-24-482-03864-516939,"['11-24-482-03864-516938', '11-24-482-03867-517068', '11-24-482-03867-517077']",3,,
11-24-482-03864-516940,['11-24-482-03864-516944'],1,['4897.0'],1.0
11-24-482-03864-516944,['11-24-482-03864-516940'],1,['12582.0'],1.0
11-24-482-03864-516946,"['11-24-482-03864-802562', '11-24-482-03864-516934', '11-24-482-03864-516929']",3,,
11-24-482-03864-802560,['11-24-483-03876-802578'],1,,
11-24-482-03864-802562,"['11-24-482-03864-516934', '11-24-482-03864-516946', '11-24-482-03864-516929']",3,,
11-24-482-03864-802564,['11-24-482-03864-802565'],1,,
11-24-482-03864-802565,['11-24-482-03864-802564'],1,,
11-24-482-03865-516948,"['11-24-483-03876-517634', '11-24-483-03876-517633']",2,"['1825.0', '813.0']",0.0
11-24-482-03865-516950,['11-24-482-03865-516956'],1,,
11-24-482-03865-516956,['11-24-482-03865-516950'],1,['7536.0'],1.0
11-24-482-03865-516966,"['11-24-482-03862-516866', '11-24-482-03862-516865', '11-24-482-03862-516864', '11-24-482-03865-516969', '11-24-482-03865-516967', '11-24-482-03862-802558']",6,"['2832.0', '5000.0', '3222.0', '1903.0', '2075.0', nan]",3.0
11-24-482-03865-516967,"['11-24-482-03862-516866', '11-24-482-03862-516865', '11-24-482-03865-516966', '11-24-482-03862-516864', '11-24-482-03865-516969', '11-24-482-03862-802558']",6,,
11-24-482-03865-516969,"['11-24-482-03862-516866', '11-24-482-03862-516865', '11-24-482-03865-516966', '11-24-482-03862-516864', '11-24-482-03865-516967', '11-24-482-03862-802558']",6,"['2832.0', '5000.0', '9781.0', '3222.0', '2075.0', nan]",4.0
11-24-482-03865-516975,"['11-24-482-03865-516977', '11-24-482-03865-516976']",2,,
11-24-482-03865-516976,"['11-24-482-03865-516977', '11-24-482-03865-516975']",2,,
11-24-482-03865-516977,"['11-24-482-03867-517064', '11-24-482-03865-516975', '11-24-482-03865-516976']",3,,
11-24-482-03865-516979,"['11-24-482-03865-516986', '11-24-482-03865-802566']",2,"['5481.0', nan]",1.0
11-24-482-03865-516986,"['11-24-482-03865-516987', '11-24-482-03865-802566', '11-24-482-03865-516979']",3,,
11-24-482-03865-516987,['11-24-482-03865-516986'],1,,
11-24-482-03865-517001,"['11-24-482-03867-517088', '11-24-482-03867-517083', '11-24-482-03867-517084']",3,"['4573.0', '3859.0', '2521.0']",3.0
11-24-482-03865-802566,"['11-24-482-03865-516986', '11-24-482-03865-516979']",2,,
11-24-482-03866-517010,"['11-24-482-03861-516846', '11-24-482-03861-516844']",2,,
11-24-482-03866-517014,"['11-24-482-03866-517039', '11-24-482-03866-517016', '11-24-482-03866-517017']",3,"['3337.0', '3314.0', '3401.0']",3.0
11-24-482-03866-517015,['11-24-482-03866-517040'],1,,
11-24-482-03866-517016,"['11-24-482-03866-517039', '11-24-482-03866-517014', '11-24-482-03866-517017']",3,"['3337.0', '4405.0', '3401.0']",3.0
11-24-482-03866-517017,"['11-24-482-03866-517039', '11-24-482-03866-517014', '11-24-482-03866-517016']",3,,
11-24-482-03866-517020,[],0,,
11-24-482-03866-517029,['11-24-482-03866-517030'],1,,
11-24-482-03866-517030,['11-24-482-03866-517029'],1,,
11-24-482-03866-517039,"['11-24-482-03866-517045', '11-24-482-03866-517014', '11-24-482-03866-517016', '11-24-482-03866-517017']",4,,
11-24-482-03866-517040,['11-24-482-03866-517015'],1,['4896.0'],1.0
11-24-482-03866-517045,['11-24-482-03866-517039'],1,['3337.0'],1.0
11-24-482-03866-517051,[],0,[nan],0.0
11-24-482-03866-517056,[],0,[nan],0.0
11-24-482-03866-517060,[],0,[nan],0.0
11-24-482-03867-517064,['11-24-482-03865-516977'],1,,
11-24-482-03867-517066,['11-24-482-03867-517067'],1,,
11-24-482-03867-517067,"['11-24-482-03867-517069', '11-24-482-03867-517066', '11-24-482-03867-517070']",3,"['3114.0', '11452.0', '2651.0']",3.0
11-24-482-03867-517068,"['11-24-482-03864-516938', '11-24-482-03864-516939']",2,,
11-24-482-03867-517069,['11-24-482-03867-517067'],1,['7914.0'],1.0
11-24-482-03867-517070,['11-24-482-03867-517067'],1,,
11-24-482-03867-517071,['11-24-482-03867-517072'],1,,
11-24-482-03867-517072,['11-24-482-03867-517071'],1,['1030.0'],0.0
11-24-482-03867-517077,['11-24-482-03864-516939'],1,,
11-24-482-03867-517081,"['11-24-482-03867-517084', '11-24-482-03867-802568']",2,"['2521.0', nan]",1.0
11-24-482-03867-517083,"['11-24-482-03867-517088', '11-24-482-03867-517084', '11-24-482-03865-517001']",3,,
11-24-482-03867-517084,"['11-24-482-03867-517083', '11-24-482-03865-517001', '11-24-482-03867-517081', '11-24-482-03867-802568', '11-24-482-03867-517088']",5,"['3859.0', '10429.0', '4786.0', nan, '4573.0']",4.0
11-24-482-03867-517088,"['11-24-482-03867-517083', '11-24-482-03867-517084', '11-24-482-03865-517001']",3,"['3859.0', '2521.0', '10429.0']",3.0
11-24-482-03867-517100,['11-24-482-03867-517101'],1,,
11-24-482-03867-517101,['11-24-482-03867-517100'],1,,
11-24-482-03867-517102,[],0,,
11-24-482-03867-517121,"['11-24-482-03867-517124', '11-24-482-03867-517123', '11-24-482-03867-517122']",3,,
11-24-482-03867-517122,"['11-24-482-03867-517121', '11-24-482-03867-517123', '11-24-482-03867-517124']",3,,
11-24-482-03867-517123,"['11-24-482-03867-517124', '11-24-482-03867-517121', '11-24-482-03867-517122']",3,"['10880.0', '4670.0', '5396.0']",3.0
11-24-482-03867-517124,"['11-24-482-03867-517121', '11-24-482-03867-517123', '11-24-482-03867-517122']",3,"['4670.0', '10104.0', '5396.0']",3.0
11-24-482-03867-802568,"['11-24-482-03867-517084', '11-24-482-03867-517081']",2,,
11-24-482-03868-517128,[],0,,
11-24-482-03868-517130,['11-24-482-03868-517133'],1,['1520.0'],0.0
11-24-482-03868-517131,"['11-24-482-03868-517132', '11-24-482-03868-517133']",2,"['5304.0', '1520.0']",1.0
11-24-482-03868-517132,"['11-24-482-03868-517131', '11-24-482-03868-517133']",2,,
11-24-482-03868-517133,"['11-24-482-03868-517132', '11-24-482-03868-517131', '11-24-482-03868-517130']",3,,
11-24-482-03868-517144,"['11-24-482-03868-517145', '11-24-482-03868-517150']",2,,
11-24-482-03868-517145,"['11-24-482-03868-517144', '11-24-482-03868-517150']",2,,
11-24-482-03868-517148,"['11-24-482-03868-517158', '11-24-482-03868-517155']",2,"['8201.0', '1563.0']",1.0
11-24-482-03868-517150,"['11-24-482-03868-517145', '11-24-482-03868-517144']",2,"['2946.0', '3678.0']",2.0
11-24-482-03868-517151,[],0,[nan],0.0
11-24-482-03868-517155,"['11-24-482-03868-517148', '11-24-482-03868-517158']",2,,
11-24-482-03868-517158,"['11-24-482-03868-517148', '11-24-482-03868-517155']",2,,
11-24-483-03869-517169,"['11-24-483-03869-517171', '11-24-483-03869-517173', '11-24-483-03869-517170', '11-24-472-03772-511041']",4,,
11-24-483-03869-517170,"['11-24-483-03869-517169', '11-24-483-03869-517173', '11-24-483-03869-517188', '11-24-483-03869-517171', '11-24-483-03869-517187', '11-24-472-03772-511041']",6,,
11-24-483-03869-517171,"['11-24-483-03869-517169', '11-24-483-03869-517173', '11-24-483-03869-517170', '11-24-472-03772-511041']",4,,
11-24-483-03869-517173,"['11-24-483-03869-517169', '11-24-483-03869-517171', '11-24-483-03869-517170', '11-24-472-03772-511041']",4,,
11-24-483-03869-517178,"['11-24-473-03776-511365', '11-24-473-03776-511364']",2,,
11-24-483-03869-517187,"['11-24-483-03869-517188', '11-24-483-03869-517170']",2,,
11-24-483-03869-517188,"['11-24-483-03869-517187', '11-24-483-03869-517170']",2,,
11-24-483-03869-517195,"['11-24-483-03869-517206', '11-24-483-03869-517207']",2,,
11-24-483-03869-517196,['11-24-483-03869-517207'],1,,
11-24-483-03869-517203,[],0,[nan],0.0
11-24-483-03869-517206,"['11-24-483-03869-517228', '11-24-483-03869-517217', '11-24-483-03869-517207', '11-24-483-03869-517216', '11-24-483-03869-517218', '11-24-483-03869-517195', '11-24-483-03869-517215']",7,"['3834.0', '294.0', '2125.0', '2725.0', '1364.0', '1510.0', '4927.0']",3.0
11-24-483-03869-517207,"['11-24-483-03869-517196', '11-24-483-03869-517206', '11-24-483-03869-517195']",3,,
11-24-483-03869-517208,"['11-24-483-03869-517214', '11-24-483-03869-517215']",2,,
11-24-483-03869-517211,[],0,,
11-24-483-03869-517214,"['11-24-483-03869-517208', '11-24-483-03869-517215']",2,,
11-24-483-03869-517215,"['11-24-483-03869-517208', '11-24-483-03869-517206', '11-24-483-03869-517216', '11-24-483-03869-517214']",4,,
11-24-483-03869-517216,"['11-24-483-03869-517228', '11-24-483-03869-517217', '11-24-483-03869-517206', '11-24-483-03869-517218', '11-24-483-03869-517215']",5,,
11-24-483-03869-517217,"['11-24-483-03869-517206', '11-24-483-03869-517228', '11-24-483-03869-517216', '11-24-483-03869-517218']",4,,
11-24-483-03869-517218,"['11-24-483-03869-517206', '11-24-483-03869-517217', '11-24-483-03869-517216', '11-24-483-03869-517228']",4,,
11-24-483-03869-517228,"['11-24-483-03869-517206', '11-24-483-03869-517217', '11-24-483-03869-517216', '11-24-483-03869-517218']",4,,
11-24-483-03869-517230,['11-24-483-03869-517231'],1,['2743.0'],1.0
11-24-483-03869-517231,['11-24-483-03869-517230'],1,['5790.0'],1.0
11-24-483-03869-517233,['11-24-483-03869-802571'],1,,
11-24-483-03869-517236,['11-24-483-03869-517237'],1,,
11-24-483-03869-517237,"['11-24-483-03869-517241', '11-24-483-03869-517242', '11-24-483-03869-517239', '11-24-483-03869-517236', '11-24-483-03869-517238']",5,,
11-24-483-03869-517238,"['11-24-483-03869-517237', '11-24-483-03869-517239', '11-24-483-03869-517241', '11-24-483-03869-517242']",4,,
11-24-483-03869-517239,"['11-24-483-03869-517237', '11-24-483-03869-517241', '11-24-483-03869-517238', '11-24-483-03869-517242']",4,,
11-24-483-03869-517241,"['11-24-483-03869-517237', '11-24-483-03869-517239', '11-24-483-03869-517238', '11-24-483-03869-517242']",4,"['1189.0', '3091.0', '656.0', '407.0']",1.0
11-24-483-03869-517242,"['11-24-483-03869-517237', '11-24-483-03869-517239', '11-24-483-03869-517241', '11-24-483-03869-517238']",4,,
11-24-483-03869-517246,['11-24-483-03869-517247'],1,,
11-24-483-03869-517247,['11-24-483-03869-517246'],1,['2620.0'],1.0
11-24-483-03869-517256,['11-24-483-03869-517257'],1,,
11-24-483-03869-517257,['11-24-483-03869-517256'],1,,
11-24-483-03869-802571,['11-24-483-03869-517233'],1,,
11-24-483-03870-517271,"['11-24-483-03870-517274', '11-24-483-03870-517272', '11-24-483-03870-517273']",3,"['1236.0', '471.0', '1249.0']",0.0
11-24-483-03870-517272,"['11-24-483-03870-517274', '11-24-483-03870-517271', '11-24-483-03870-517273']",3,,
11-24-483-03870-517273,"['11-24-483-03870-517274', '11-24-483-03870-517271', '11-24-483-03870-517272']",3,,
11-24-483-03870-517274,"['11-24-483-03870-517277', '11-24-483-03870-517290', '11-24-483-03870-517273', '11-24-483-03870-517271', '11-24-483-03870-517272', '11-24-483-03870-517292']",6,,
11-24-483-03870-517277,"['11-24-483-03870-517278', '11-24-483-03870-517274']",2,"['1523.0', '1236.0']",0.0
11-24-483-03870-517278,['11-24-483-03870-517277'],1,,
11-24-483-03870-517280,[],0,,
11-24-483-03870-517282,['11-24-483-03870-517284'],1,,
11-24-483-03870-517283,"['11-24-472-03772-511052', '11-24-472-03772-511087', '11-24-472-03772-511088']",3,"['277.0', '335.0', '406.0']",0.0
11-24-483-03870-517284,['11-24-483-03870-517282'],1,,
11-24-483-03870-517286,['11-24-483-03870-517297'],1,,
11-24-483-03870-517290,"['11-24-483-03870-517274', '11-24-483-03870-517292']",2,,
11-24-483-03870-517292,"['11-24-483-03870-517274', '11-24-483-03870-517290']",2,,
11-24-483-03870-517297,['11-24-483-03870-517286'],1,,
11-24-483-03870-517313,[],0,,
11-24-483-03870-517314,"['11-24-483-03870-517317', '11-24-483-03870-517318', '11-24-484-03882-518220', '11-24-484-03882-518187', '11-24-483-03870-517315']",5,,
11-24-483-03870-517315,"['11-24-483-03870-517317', '11-24-484-03882-518220', '11-24-483-03870-517314', '11-24-484-03882-518187', '11-24-483-03870-517318']",5,,
11-24-483-03870-517317,"['11-24-484-03882-518220', '11-24-483-03870-517314', '11-24-483-03870-517315', '11-24-484-03882-518187', '11-24-483-03870-517318']",5,"['2324.0', '954.0', '1128.0', '2862.0', nan]",1.0
11-24-483-03870-517318,"['11-24-483-03870-517317', '11-24-484-03882-518220', '11-24-483-03870-517314', '11-24-484-03882-518187', '11-24-483-03870-517315']",5,,
11-24-483-03871-517324,['11-24-483-03871-517326'],1,,
11-24-483-03871-517326,"['11-24-483-03871-517331', '11-24-483-03871-517328', '11-24-483-03871-517324']",3,,
11-24-483-03871-517328,"['11-24-483-03871-517326', '11-24-483-03871-517331']",2,,
11-24-483-03871-517331,"['11-24-483-03871-517326', '11-24-483-03871-517328']",2,,
11-24-483-03871-517336,[],0,,
11-24-483-03871-517339,[],0,,
11-24-483-03871-517340,"['11-24-483-03871-517345', '11-24-483-03871-517344']",2,,
11-24-483-03871-517344,"['11-24-483-03871-517346', '11-24-483-03871-517345', '11-24-483-03871-517340', '11-24-483-03871-517354', '11-24-483-03871-517353']",5,,
11-24-483-03871-517345,"['11-24-483-03871-517340', '11-24-483-03871-517344', '11-24-483-03871-517346']",3,,
11-24-483-03871-517346,"['11-24-483-03871-517345', '11-24-483-03871-517344', '11-24-483-03871-517353']",3,"['734.0', '2886.0', '2454.0']",1.0
11-24-483-03871-517351,[],0,,
11-24-483-03871-517353,"['11-24-483-03871-517344', '11-24-483-03871-517346']",2,,
11-24-483-03871-517354,"['11-24-483-03871-517344', '11-24-483-03871-802572']",2,,
11-24-483-03871-517356,[],0,,
11-24-483-03871-517359,['11-24-483-03878-517683'],1,,
11-24-483-03871-517364,['11-24-483-03871-802572'],1,,
11-24-483-03871-802572,"['11-24-483-03878-517693', '11-24-483-03878-517694', '11-24-483-03871-517354', '11-24-483-03871-517364']",4,,
11-24-483-03872-517375,"['11-24-483-03872-517385', '11-24-483-03872-517387']",2,,
11-24-483-03872-517382,['11-24-483-03873-517423'],1,,
11-24-483-03872-517385,"['11-24-483-03872-517375', '11-24-483-03872-517387']",2,,
11-24-483-03872-517387,"['11-24-483-03872-517385', '11-24-483-03872-517375']",2,,
11-24-483-03872-517389,['11-24-483-03872-517390'],1,,
11-24-483-03872-517390,"['11-24-483-03872-517391', '11-24-483-03872-517389', '11-24-483-03872-517395']",3,,
11-24-483-03872-517391,"['11-24-483-03872-517390', '11-24-483-03872-517395']",2,"['5012.0', '15505.0']",2.0
11-24-483-03872-517392,[],0,[nan],0.0
11-24-483-03872-517395,"['11-24-483-03872-517416', '11-24-483-03872-517391', '11-24-483-03872-517390']",3,"['3609.0', '6352.0', '5012.0']",3.0
11-24-483-03872-517406,[],0,[nan],0.0
11-24-483-03872-517412,['11-24-483-03872-802573'],1,,
11-24-483-03872-517416,['11-24-483-03872-517395'],1,['15505.0'],1.0
11-24-483-03872-802573,['11-24-483-03872-517412'],1,,
11-24-483-03873-517423,['11-24-483-03872-517382'],1,['2073.0'],0.0
11-24-483-03873-517434,"['11-24-483-03873-517453', '11-24-483-03873-517438', '11-24-483-03873-517449', '11-24-483-03873-517437']",4,,
11-24-483-03873-517437,"['11-24-483-03873-517453', '11-24-483-03873-517438', '11-24-483-03873-517434']",3,,
11-24-483-03873-517438,"['11-24-483-03873-517453', '11-24-483-03873-517449', '11-24-483-03873-517437', '11-24-483-03873-517434']",4,,
11-24-483-03873-517442,"['11-24-483-03873-517443', '11-24-483-03873-517445', '11-24-483-03873-517444']",3,,
11-24-483-03873-517443,"['11-24-483-03873-517442', '11-24-483-03873-517444']",2,,
11-24-483-03873-517444,"['11-24-483-03877-517641', '11-24-483-03873-517442', '11-24-483-03873-517443']",3,"['1664.0', '5795.0', '2418.0']",1.0
11-24-483-03873-517445,['11-24-483-03873-517442'],1,,
11-24-483-03873-517449,"['11-24-483-03873-517453', '11-24-483-03873-517438', '11-24-483-03873-517434']",3,,
11-24-483-03873-517450,['11-24-483-03873-517453'],1,,
11-24-483-03873-517451,['11-24-483-03874-517490'],1,,
11-24-483-03873-517453,"['11-24-483-03873-517437', '11-24-483-03873-517438', '11-24-483-03873-517449', '11-24-483-03873-517450', '11-24-483-03873-517434']",5,,
11-24-483-03873-517466,['11-24-483-03874-517501'],1,,
11-24-483-03874-517490,['11-24-483-03873-517451'],1,,
11-24-483-03874-517495,[],0,,
11-24-483-03874-517501,['11-24-483-03873-517466'],1,,
11-24-483-03874-517505,[],0,,
11-24-483-03874-517506,['11-24-483-03874-517513'],1,,
11-24-483-03874-517511,[],0,,
11-24-483-03874-517513,['11-24-483-03874-517506'],1,,
11-24-483-03874-517516,[],0,,
11-24-483-03874-517517,[],0,,
11-24-483-03874-517524,[],0,,
11-24-483-03874-802575,[],0,,
11-24-483-03875-517542,[],0,,
11-24-483-03875-517550,[],0,,
11-24-483-03875-517557,['11-24-483-03875-517559'],1,,
11-24-483-03875-517559,['11-24-483-03875-517557'],1,,
11-24-483-03875-517563,['11-24-483-03875-517571'],1,,
11-24-483-03875-517568,[],0,,
11-24-483-03875-517570,['11-24-483-03875-517573'],1,,
11-24-483-03875-517571,['11-24-483-03875-517563'],1,,
11-24-483-03875-517572,[],0,[nan],0.0
11-24-483-03875-517573,"['11-24-483-03875-517570', '11-24-483-03875-517574']",2,,
11-24-483-03875-517574,"['11-24-483-03875-517578', '11-24-483-03875-517573']",2,,
11-24-483-03875-517578,['11-24-483-03875-517574'],1,,
11-24-483-03876-517584,['11-24-483-03876-517597'],1,,
11-24-483-03876-517586,['11-24-483-03876-517595'],1,['3375.0'],1.0
11-24-483-03876-517587,['11-24-483-03877-517671'],1,,
11-24-483-03876-517592,['11-24-482-03863-516873'],1,['2461.0'],0.0
11-24-483-03876-517595,['11-24-483-03876-517586'],1,['6306.0'],1.0
11-24-483-03876-517597,['11-24-483-03876-517584'],1,,
11-24-483-03876-517613,['11-24-483-03876-517614'],1,['6883.0'],1.0
11-24-483-03876-517614,['11-24-483-03876-517613'],1,,
11-24-483-03876-517626,[],0,[nan],0.0
11-24-483-03876-517633,"['11-24-482-03865-516948', '11-24-483-03876-517634']",2,,
11-24-483-03876-517634,"['11-24-482-03865-516948', '11-24-483-03876-517633']",2,,
11-24-483-03876-517639,['11-24-483-03876-802578'],1,,
11-24-483-03876-802578,"['11-24-482-03864-802560', '11-24-483-03876-517639']",2,,
11-24-483-03877-517641,['11-24-483-03873-517444'],1,,
11-24-483-03877-517643,['11-24-483-03877-517646'],1,['780.0'],0.0
11-24-483-03877-517644,[],0,,
11-24-483-03877-517646,"['11-24-483-03877-517643', '11-24-483-03877-517647']",2,,
11-24-483-03877-517647,"['11-24-483-03877-517648', '11-24-483-03877-517646']",2,,
11-24-483-03877-517648,['11-24-483-03877-517647'],1,,
11-24-483-03877-517657,[],0,,
11-24-483-03877-517664,"['11-24-483-03877-517665', '11-24-483-03878-517749', '11-24-483-03877-517679', '11-24-483-03877-517666', '11-24-483-03877-517677']",5,,
11-24-483-03877-517665,"['11-24-483-03877-517677', '11-24-483-03877-517666', '11-24-483-03877-517664']",3,,
11-24-483-03877-517666,"['11-24-483-03877-517677', '11-24-483-03877-517664', '11-24-483-03877-517665']",3,"['1976.0', '13491.0', '1246.0']",1.0
11-24-483-03877-517668,[],0,,
11-24-483-03877-517671,['11-24-483-03876-517587'],1,,
11-24-483-03877-517677,"['11-24-483-03877-517666', '11-24-483-03877-517664', '11-24-483-03877-517665']",3,"['1363.0', '13491.0', '1246.0']",1.0
11-24-483-03877-517679,"['11-24-483-03877-517664', '11-24-483-03878-517749']",2,,
11-24-483-03877-517681,"['11-24-483-03878-517752', '11-24-483-03878-517753']",2,"['4265.0', '1637.0']",1.0
11-24-483-03878-517683,['11-24-483-03871-517359'],1,['2171.0'],0.0
11-24-483-03878-517685,[],0,,
11-24-483-03878-517687,[],0,,
11-24-483-03878-517688,['11-24-483-03878-517708'],1,['3201.0'],1.0
11-24-483-03878-517690,['11-24-483-03878-517706'],1,,
11-24-483-03878-517693,"['11-24-483-03878-517694', '11-24-483-03871-802572']",2,,
11-24-483-03878-517694,"['11-24-483-03878-517693', '11-24-483-03871-802572']",2,,
11-24-483-03878-517697,['11-24-483-03878-517719'],1,,
11-24-483-03878-517703,['11-24-483-03878-517716'],1,,
11-24-483-03878-517706,['11-24-483-03878-517690'],1,,
11-24-483-03878-517708,['11-24-483-03878-517688'],1,,
11-24-483-03878-517715,[],0,,
11-24-483-03878-517716,['11-24-483-03878-517703'],1,,
11-24-483-03878-517719,['11-24-483-03878-517697'],1,['1312.0'],0.0
11-24-483-03878-517725,[],0,,
11-24-483-03878-517734,"['11-24-483-03878-517760', '11-24-483-03878-517739']",2,,
11-24-483-03878-517739,"['11-24-483-03878-517760', '11-24-483-03878-517734']",2,,
11-24-483-03878-517747,['11-24-483-03878-517751'],1,,
11-24-483-03878-517749,"['11-24-483-03877-517679', '11-24-483-03877-517664']",2,,
11-24-483-03878-517751,['11-24-483-03878-517747'],1,,
11-24-483-03878-517752,"['11-24-483-03878-517753', '11-24-483-03877-517681']",2,,
11-24-483-03878-517753,"['11-24-483-03878-517752', '11-24-483-03877-517681']",2,,
11-24-483-03878-517755,['11-24-482-03863-802559'],1,,
11-24-483-03878-517760,"['11-24-483-03878-517761', '11-24-483-03878-517739', '11-24-483-03878-517734']",3,,
11-24-483-03878-517761,['11-24-483-03878-517760'],1,,
11-24-483-03878-517766,[],0,,
11-24-483-03878-517777,[],0,,
11-24-483-03878-802581,[],0,,
11-24-484-03879-517779,"['11-24-484-03879-517782', '11-24-484-03879-517791', '11-24-484-03879-517790', '11-24-484-03879-517786', '11-24-484-03879-517797']",5,"['411.0', '107.0', '430.0', '1467.0', '678.0']",0.0
11-24-484-03879-517782,"['11-24-484-03879-517779', '11-24-484-03879-517791', '11-24-484-03879-517790', '11-24-484-03879-517786', '11-24-484-03879-517797']",5,,
11-24-484-03879-517786,"['11-24-484-03879-517779', '11-24-484-03879-517782', '11-24-484-03879-517791', '11-24-484-03879-517790', '11-24-484-03879-517797']",5,,
11-24-484-03879-517790,"['11-24-484-03879-517779', '11-24-484-03879-517782', '11-24-484-03879-517791', '11-24-484-03879-517786', '11-24-484-03879-517797']",5,,
11-24-484-03879-517791,"['11-24-484-03879-517779', '11-24-484-03879-517782', '11-24-484-03879-517790', '11-24-484-03879-517786', '11-24-484-03879-517797']",5,,
11-24-484-03879-517797,"['11-24-484-03879-517779', '11-24-484-03879-517782', '11-24-484-03879-517791', '11-24-484-03879-517790', '11-24-484-03879-517786']",5,,
11-24-484-03879-517827,['11-24-484-03880-517885'],1,['899.0'],0.0
11-24-484-03880-517865,"['11-24-484-03880-517896', '11-24-484-03880-517867', '11-24-484-03880-517878', '11-24-484-03880-517866']",4,"['1103.0', '887.0', '2677.0', '3069.0']",2.0
11-24-484-03880-517866,"['11-24-484-03880-517896', '11-24-484-03880-517867', '11-24-484-03880-517865', '11-24-484-03880-517878']",4,"['1103.0', '887.0', '2157.0', '2677.0']",1.0
11-24-484-03880-517867,"['11-24-484-03880-517896', '11-24-484-03880-517865', '11-24-484-03880-517878', '11-24-484-03880-517876', '11-24-484-03880-517866']",5,"['1103.0', '2157.0', '2677.0', '400.0', '3069.0']",2.0
11-24-484-03880-517868,"['11-24-484-03880-517888', '11-24-484-03880-517873', '11-24-484-03880-517883']",3,"['1480.0', '581.0', '1647.0']",0.0
11-24-484-03880-517873,"['11-24-484-03880-517868', '11-24-484-03880-517888', '11-24-484-03880-517883']",3,,
11-24-484-03880-517876,['11-24-484-03880-517867'],1,,
11-24-484-03880-517878,"['11-24-484-03880-517896', '11-24-484-03880-517879', '11-24-484-03880-517865', '11-24-484-03880-517867', '11-24-484-03880-517866']",5,,
11-24-484-03880-517879,['11-24-484-03880-517878'],1,['2677.0'],1.0
11-24-484-03880-517883,"['11-24-484-03880-517868', '11-24-484-03880-517888', '11-24-484-03880-517873']",3,"['6313.0', '1480.0', '581.0']",1.0
11-24-484-03880-517885,['11-24-484-03879-517827'],1,['2218.0'],0.0
11-24-484-03880-517888,"['11-24-484-03880-517868', '11-24-484-03880-517873', '11-24-484-03880-517883']",3,"['6313.0', '581.0', '1647.0']",1.0
11-24-484-03880-517896,"['11-24-484-03880-517867', '11-24-484-03880-517865', '11-24-484-03880-517878', '11-24-484-03880-517866']",4,"['887.0', '2157.0', '2677.0', '3069.0']",2.0
11-24-484-03880-517902,[],0,[nan],0.0
11-24-484-03880-517925,"['11-24-484-03880-517969', '11-24-484-03880-517946', '11-24-484-03881-518024', '11-24-484-03880-517984', '11-24-484-03881-518023', '11-24-484-03881-802582', '11-24-484-03881-517996']",7,,
11-24-484-03880-517946,"['11-24-484-03880-517969', '11-24-484-03881-518024', '11-24-484-03880-517984', '11-24-484-03880-517925', '11-24-484-03881-518023', '11-24-484-03881-802582', '11-24-484-03881-517996']",7,,
11-24-484-03880-517955,"['11-24-484-03880-517960', '11-24-484-03880-517959']",2,"['1744.0', '497.0']",0.0
11-24-484-03880-517959,"['11-24-484-03880-517960', '11-24-484-03880-517955']",2,,
11-24-484-03880-517960,"['11-24-484-03880-517959', '11-24-484-03880-517955']",2,"['497.0', '587.0']",0.0
11-24-484-03880-517966,[],0,,
11-24-484-03880-517969,"['11-24-484-03880-517946', '11-24-484-03881-518024', '11-24-484-03880-517984', '11-24-484-03880-517925', '11-24-484-03881-518023', '11-24-484-03881-802582', '11-24-484-03881-517996']",7,"['2497.0', '523.0', '231.0', '755.0', '1961.0', nan, '1755.0']",0.0
11-24-484-03880-517984,"['11-24-484-03880-517969', '11-24-484-03880-517946', '11-24-484-03881-518024', '11-24-484-03880-517925', '11-24-484-03881-518023', '11-24-484-03881-802582', '11-24-484-03881-517996']",7,,
11-24-484-03880-517985,"['11-24-484-03881-518050', '11-24-484-03880-517986']",2,"['463.0', '921.0']",0.0
11-24-484-03880-517986,"['11-24-484-03880-517985', '11-24-484-03881-518050']",2,,
11-24-484-03881-517996,"['11-24-484-03880-517969', '11-24-484-03880-517946', '11-24-484-03881-518024', '11-24-484-03880-517984', '11-24-484-03880-517925', '11-24-484-03881-518023', '11-24-484-03881-802582']",7,"['1372.0', '2497.0', '523.0', '231.0', '755.0', '1961.0', nan]",0.0
11-24-484-03881-518004,"['11-24-484-03881-518006', '11-24-484-03881-518005']",2,"['7146.0', '1080.0']",1.0
11-24-484-03881-518005,"['11-24-485-03890-518992', '11-24-484-03881-518004', '11-24-484-03881-518006']",3,,
11-24-484-03881-518006,"['11-24-484-03881-518004', '11-24-484-03881-518017', '11-24-484-03881-518005']",3,"['1362.0', '9022.0', '1080.0']",1.0
11-24-484-03881-518017,"['11-24-484-03881-518018', '11-24-484-03881-518006', '11-24-485-03890-519025']",3,"['3065.0', '7146.0', '1433.0']",2.0
11-24-484-03881-518018,"['11-24-484-03881-518017', '11-24-485-03890-519025']",2,"['9022.0', '1433.0']",1.0
11-24-484-03881-518023,"['11-24-484-03880-517969', '11-24-484-03880-517946', '11-24-484-03881-518024', '11-24-484-03880-517984', '11-24-484-03880-517925', '11-24-484-03881-802582', '11-24-484-03881-517996']",7,,
11-24-484-03881-518024,"['11-24-484-03880-517969', '11-24-484-03880-517946', '11-24-484-03880-517984', '11-24-484-03880-517925', '11-24-484-03881-518023', '11-24-484-03881-802582', '11-24-484-03881-517996']",7,"['1372.0', '2497.0', '231.0', '755.0', '1961.0', nan, '1755.0']",0.0
11-24-484-03881-518050,"['11-24-484-03880-517985', '11-24-484-03880-517986']",2,,
11-24-484-03881-518072,"['11-24-484-03882-518266', '11-24-484-03882-518256', '11-24-484-03882-518269', '11-24-484-03882-518265', '11-24-484-03882-518270', '11-24-484-03882-518267']",6,,
11-24-484-03881-518080,"['11-24-484-03881-518129', '11-24-484-03881-518108', '11-24-484-03881-518107', '11-24-484-03881-518113']",4,"['2960.0', '910.0', '3058.0', '3887.0']",3.0
11-24-484-03881-518093,[],0,[nan],0.0
11-24-484-03881-518103,"['11-24-484-03881-518107', '11-24-484-03881-518106', '11-24-484-03881-518108', '11-24-484-03881-518116', '11-24-484-03881-518105', '11-24-484-03881-518127', '11-24-484-03881-518115']",7,"['3058.0', '1773.0', '910.0', '1394.0', '1470.0', '2675.0', '2166.0']",2.0
11-24-484-03881-518105,"['11-24-484-03881-518103', '11-24-484-03881-518107', '11-24-484-03881-518106', '11-24-484-03881-518108', '11-24-484-03881-518116', '11-24-484-03881-518127', '11-24-484-03881-518115']",7,,
11-24-484-03881-518106,"['11-24-484-03881-518103', '11-24-484-03881-518107', '11-24-484-03881-518108', '11-24-484-03881-518116', '11-24-484-03881-518105', '11-24-484-03881-518127', '11-24-484-03881-518115']",7,"['2699.0', '3058.0', '910.0', '1394.0', '1470.0', '2675.0', '2166.0']",3.0
11-24-484-03881-518107,"['11-24-484-03881-518103', '11-24-484-03881-518080', '11-24-484-03881-518106', '11-24-484-03881-518108', '11-24-484-03881-518116', '11-24-484-03881-518113', '11-24-484-03881-518105', '11-24-484-03881-518127', '11-24-484-03881-518129', '11-24-484-03881-518115']",10,"['2699.0', '1906.0', '1773.0', '910.0', '1394.0', '3887.0', '1470.0', '2675.0', '2960.0', '2166.0']",4.0
11-24-484-03881-518108,"['11-24-484-03881-518103', '11-24-484-03881-518107', '11-24-484-03881-518080', '11-24-484-03881-518106', '11-24-484-03881-518116', '11-24-484-03881-518113', '11-24-484-03881-518105', '11-24-484-03881-518127', '11-24-484-03881-518129', '11-24-484-03881-518115']",10,"['2699.0', '3058.0', '1906.0', '1773.0', '1394.0', '3887.0', '1470.0', '2675.0', '2960.0', '2166.0']",5.0
11-24-484-03881-518113,"['11-24-484-03881-518080', '11-24-484-03881-518129', '11-24-484-03881-518108', '11-24-484-03881-518107']",4,"['1906.0', '2960.0', '910.0', '3058.0']",2.0
11-24-484-03881-518115,"['11-24-484-03881-518103', '11-24-484-03881-518107', '11-24-484-03881-518106', '11-24-484-03881-518108', '11-24-484-03881-518116', '11-24-484-03881-518105', '11-24-484-03881-518127']",7,"['2699.0', '3058.0', '1773.0', '910.0', '1394.0', '1470.0', '2675.0']",3.0
11-24-484-03881-518116,"['11-24-484-03881-518103', '11-24-484-03881-518107', '11-24-484-03881-518106', '11-24-484-03881-518108', '11-24-484-03881-518105', '11-24-484-03881-518127', '11-24-484-03881-518115']",7,"['2699.0', '3058.0', '1773.0', '910.0', '1470.0', '2675.0', '2166.0']",3.0
11-24-484-03881-518123,"['11-24-484-03881-518139', '11-24-484-03881-518138']",2,"['973.0', '2211.0']",0.0
11-24-484-03881-518125,['11-24-484-03881-518126'],1,['4819.0'],1.0
11-24-484-03881-518126,['11-24-484-03881-518125'],1,['2831.0'],1.0
11-24-484-03881-518127,"['11-24-484-03881-518103', '11-24-484-03881-518107', '11-24-484-03881-518106', '11-24-484-03881-518108', '11-24-484-03881-518116', '11-24-484-03881-518105', '11-24-484-03881-518115']",7,"['2699.0', '3058.0', '1773.0', '910.0', '1394.0', '1470.0', '2166.0']",2.0
11-24-484-03881-518129,"['11-24-484-03881-518080', '11-24-484-03881-518108', '11-24-484-03881-518107', '11-24-484-03881-518113']",4,"['1906.0', '910.0', '3058.0', '3887.0']",2.0
11-24-484-03881-518138,"['11-24-484-03881-518123', '11-24-484-03881-518139']",2,"['2265.0', '973.0']",0.0
11-24-484-03881-518139,"['11-24-484-03881-518123', '11-24-484-03881-518138']",2,,
11-24-484-03881-802582,"['11-24-484-03880-517969', '11-24-484-03880-517946', '11-24-484-03881-518024', '11-24-484-03880-517984', '11-24-484-03880-517925', '11-24-484-03881-518023', '11-24-484-03881-517996']",7,,
11-24-484-03882-518184,['11-24-484-03882-518186'],1,['1310.0'],0.0
11-24-484-03882-518186,['11-24-484-03882-518184'],1,['3353.0'],1.0
11-24-484-03882-518187,"['11-24-483-03870-517317', '11-24-484-03882-518220', '11-24-483-03870-517314', '11-24-483-03870-517315', '11-24-483-03870-517318']",5,"['6098.0', '2324.0', '954.0', '1128.0', nan]",1.0
11-24-484-03882-518220,"['11-24-483-03870-517317', '11-24-483-03870-517314', '11-24-483-03870-517315', '11-24-484-03882-518187', '11-24-483-03870-517318']",5,"['6098.0', '954.0', '1128.0', '2862.0', nan]",2.0
11-24-484-03882-518256,"['11-24-484-03882-518266', '11-24-484-03881-518072', '11-24-484-03882-518269', '11-24-484-03882-518265', '11-24-484-03882-518270', '11-24-484-03882-518267']",6,,
11-24-484-03882-518265,"['11-24-484-03882-518266', '11-24-484-03882-518256', '11-24-484-03881-518072', '11-24-484-03882-518269', '11-24-484-03882-518270', '11-24-484-03882-518267']",6,,
11-24-484-03882-518266,"['11-24-484-03882-518256', '11-24-484-03881-518072', '11-24-484-03882-518269', '11-24-484-03882-518265', '11-24-484-03882-518270', '11-24-484-03882-518267']",6,,
11-24-484-03882-518267,"['11-24-484-03882-518266', '11-24-484-03882-518256', '11-24-484-03881-518072', '11-24-484-03882-518269', '11-24-484-03882-518265', '11-24-484-03882-518270']",6,,
11-24-484-03882-518269,"['11-24-484-03882-518266', '11-24-484-03882-518256', '11-24-484-03881-518072', '11-24-484-03882-518265', '11-24-484-03882-518270', '11-24-484-03882-518267']",6,,
11-24-484-03882-518270,"['11-24-484-03882-518266', '11-24-484-03882-518256', '11-24-484-03881-518072', '11-24-484-03882-518269', '11-24-484-03882-518265', '11-24-484-03882-518267']",6,,
11-24-484-03882-518278,['11-24-484-03882-518303'],1,,
11-24-484-03882-518303,['11-24-484-03882-518278'],1,,
11-24-484-03882-518322,['11-24-484-03882-518323'],1,,
11-24-484-03882-518323,['11-24-484-03882-518322'],1,,
11-24-484-03883-518394,[],0,[nan],0.0
11-24-484-03883-518401,['11-24-484-03883-518411'],1,['3459.0'],1.0
11-24-484-03883-518405,"['11-24-484-03883-518410', '11-24-484-03883-518406', '11-24-484-03883-518409']",3,"['1012.0', '2274.0', '2174.0']",0.0
11-24-484-03883-518406,"['11-24-484-03883-518405', '11-24-484-03883-518410', '11-24-484-03883-518409']",3,"['389.0', '1012.0', '2174.0']",0.0
11-24-484-03883-518409,"['11-24-484-03883-518405', '11-24-484-03883-518410', '11-24-484-03883-518406']",3,"['389.0', '1012.0', '2274.0']",0.0
11-24-484-03883-518410,"['11-24-484-03883-518405', '11-24-484-03883-518406', '11-24-484-03883-518409']",3,"['389.0', '2274.0', '2174.0']",0.0
11-24-484-03883-518411,['11-24-484-03883-518401'],1,,
11-24-484-03883-518452,['11-24-484-03885-518537'],1,['5822.0'],1.0
11-24-484-03883-518453,[],0,[nan],0.0
11-24-484-03883-518454,[],0,[nan],0.0
11-24-484-03883-518455,"['11-24-484-03883-518456', '11-24-484-03883-518468']",2,"['4721.0', '1360.0']",1.0
11-24-484-03883-518456,['11-24-484-03883-518455'],1,['4091.0'],1.0
11-24-484-03883-518468,['11-24-484-03883-518455'],1,['4091.0'],1.0
11-24-484-03883-518469,[],0,[nan],0.0
11-24-484-03883-518474,[],0,,
11-24-484-03883-518479,"['11-24-484-03885-518542', '11-24-484-03885-518543']",2,"['3891.0', '4166.0']",2.0
11-24-484-03884-518483,['11-24-484-03884-518484'],1,['2120.0'],0.0
11-24-484-03884-518484,['11-24-484-03884-518483'],1,['1654.0'],0.0
11-24-484-03884-518490,"['11-24-484-03884-518491', '11-24-484-03884-518532', '11-24-484-03884-518493', '11-24-484-03884-518495']",4,"['1720.0', '293.0', '5763.0', '3331.0']",2.0
11-24-484-03884-518491,"['11-24-484-03884-518532', '11-24-484-03884-518490', '11-24-484-03884-518495', '11-24-484-03884-518493']",4,"['293.0', '2177.0', '3331.0', '5763.0']",2.0
11-24-484-03884-518493,"['11-24-484-03884-518491', '11-24-484-03884-518532', '11-24-484-03884-518490', '11-24-484-03884-518495']",4,"['1720.0', '293.0', '2177.0', '3331.0']",1.0
11-24-484-03884-518495,"['11-24-484-03884-518491', '11-24-484-03884-518532', '11-24-484-03884-518490', '11-24-484-03884-518493']",4,"['1720.0', '293.0', '2177.0', '5763.0']",1.0
11-24-484-03884-518499,[],0,[nan],0.0
11-24-484-03884-518503,['11-24-485-03892-519238'],1,['7842.0'],1.0
11-24-484-03884-518514,"['11-24-484-03884-518519', '11-24-484-03884-518520', '11-24-484-03884-518515']",3,"['750.0', '6064.0', '9040.0']",2.0
11-24-484-03884-518515,"['11-24-484-03884-518520', '11-24-484-03884-518514', '11-24-484-03884-518519']",3,"['6064.0', '2861.0', '750.0']",2.0
11-24-484-03884-518519,"['11-24-484-03884-518514', '11-24-484-03884-518520', '11-24-484-03884-518515']",3,"['2861.0', '6064.0', '9040.0']",3.0
11-24-484-03884-518520,"['11-24-484-03884-518514', '11-24-484-03884-518519', '11-24-484-03884-518515']",3,,
11-24-484-03884-518521,"['11-24-484-03884-518524', '11-24-484-03884-518522']",2,,
11-24-484-03884-518522,"['11-24-484-03884-518521', '11-24-484-03884-518524']",2,"['2432.0', '6330.0']",1.0
11-24-484-03884-518524,"['11-24-484-03884-518521', '11-24-484-03884-518522']",2,"['2432.0', '5063.0']",1.0
11-24-484-03884-518526,['11-24-485-03895-519512'],1,['2782.0'],1.0
11-24-484-03884-518527,['11-24-485-03895-519512'],1,['2782.0'],1.0
11-24-484-03884-518528,"['11-24-484-03884-518529', '11-24-484-03885-518545']",2,"['7041.0', '7723.0']",2.0
11-24-484-03884-518529,"['11-24-484-03884-518528', '11-24-484-03885-518545']",2,"['6491.0', '7723.0']",2.0
11-24-484-03884-518532,"['11-24-484-03884-518491', '11-24-484-03884-518490', '11-24-484-03884-518495', '11-24-484-03884-518493']",4,,
11-24-484-03885-518537,['11-24-484-03883-518452'],1,,
11-24-484-03885-518541,['11-24-484-03885-518546'],1,['2739.0'],1.0
11-24-484-03885-518542,"['11-24-484-03885-518543', '11-24-484-03883-518479']",2,"['4166.0', '7155.0']",2.0
11-24-484-03885-518543,"['11-24-484-03885-518542', '11-24-484-03883-518479']",2,"['3891.0', '7155.0']",2.0
11-24-484-03885-518545,"['11-24-484-03884-518528', '11-24-484-03884-518529']",2,"['6491.0', '7041.0']",2.0
11-24-484-03885-518546,"['11-24-484-03885-518573', '11-24-484-03885-518541']",2,"['8269.0', '4500.0']",2.0
11-24-484-03885-518573,"['11-24-484-03885-518546', '11-24-484-03885-518574']",2,"['2739.0', '3018.0']",2.0
11-24-484-03885-518574,['11-24-484-03885-518573'],1,['8269.0'],1.0
11-24-484-03885-518591,['11-24-484-03885-518605'],1,['1545.0'],0.0
11-24-484-03885-518597,[],0,,
11-24-484-03885-518603,['11-24-484-03885-518639'],1,,
11-24-484-03885-518604,"['11-24-484-03885-518628', '11-24-484-03885-518639']",2,"['957.0', '2168.0']",0.0
11-24-484-03885-518605,['11-24-484-03885-518591'],1,,
11-24-484-03885-518628,"['11-24-484-03885-518639', '11-24-484-03885-518604']",2,,
11-24-484-03885-518635,"['11-24-485-03895-519543', '11-24-485-03895-519535']",2,"['3130.0', '1087.0']",1.0
11-24-484-03885-518639,"['11-24-484-03885-518628', '11-24-484-03885-518603', '11-24-484-03885-518604']",3,,
11-24-484-03886-518667,"['11-24-484-03886-518668', '11-24-486-03897-519728']",2,,
11-24-484-03886-518668,"['11-24-484-03886-518667', '11-24-486-03897-519728']",2,,
11-24-484-03886-518703,['11-24-484-03887-518734'],1,,
11-24-484-03887-518725,['11-24-484-03887-518743'],1,['4701.0'],1.0
11-24-484-03887-518734,['11-24-484-03886-518703'],1,['6997.0'],1.0
11-24-484-03887-518743,['11-24-484-03887-518725'],1,['3387.0'],1.0
11-24-484-03887-518744,[],0,[nan],0.0
11-24-484-03887-518761,[],0,[nan],0.0
11-24-484-03887-518776,[],0,,
11-24-484-03887-518786,['11-24-484-03887-518787'],1,['1456.0'],0.0
11-24-484-03887-518787,['11-24-484-03887-518786'],1,['3568.0'],1.0
11-24-484-03888-518816,['11-24-484-03888-518822'],1,,
11-24-484-03888-518817,['11-24-484-03888-518822'],1,['2569.0'],1.0
11-24-484-03888-518822,"['11-24-484-03888-518817', '11-24-484-03888-518816']",2,,
11-24-484-03888-518844,"['11-24-484-03888-518845', '11-24-484-03888-518862', '11-24-484-03888-518859', '11-24-484-03888-802588']",4,,
11-24-484-03888-518845,"['11-24-484-03888-802588', '11-24-484-03888-518862', '11-24-484-03888-518859', '11-24-484-03888-518844']",4,"['8099.0', '2655.0', '1206.0', '1234.0', '837.0']",2.0
11-24-484-03888-518850,"['11-24-484-03888-518871', '11-24-484-03888-518869', '11-24-484-03888-518873']",3,,
11-24-484-03888-518852,['11-24-484-03888-518853'],1,,
11-24-484-03888-518853,['11-24-484-03888-518852'],1,,
11-24-484-03888-518859,"['11-24-484-03888-802588', '11-24-484-03888-518845', '11-24-484-03888-518862', '11-24-484-03888-518844']",4,,
11-24-484-03888-518862,"['11-24-484-03888-518859', '11-24-484-03888-802588', '11-24-484-03888-518844', '11-24-484-03888-518863', '11-24-484-03888-518881', '11-24-484-03888-518882', '11-24-484-03888-518845']",7,,
11-24-484-03888-518863,"['11-24-484-03888-518881', '11-24-484-03888-518862', '11-24-484-03888-518882']",3,,
11-24-484-03888-518869,"['11-24-484-03888-518871', '11-24-484-03888-518850', '11-24-484-03888-518873']",3,"['6044.0', '3178.0', '577.0']",2.0
11-24-484-03888-518871,"['11-24-484-03888-518873', '11-24-484-03888-518850', '11-24-484-03888-518869']",3,"['577.0', '3178.0', '1425.0']",1.0
11-24-484-03888-518873,"['11-24-484-03888-518871', '11-24-484-03888-518850', '11-24-484-03888-518869']",3,"['6044.0', '3178.0', '1425.0']",2.0
11-24-484-03888-518881,"['11-24-484-03888-518882', '11-24-484-03888-518862', '11-24-484-03888-518863']",3,"['1257.0', '1206.0', '2703.0']",1.0
11-24-484-03888-518882,"['11-24-484-03888-518881', '11-24-484-03888-518862', '11-24-484-03888-518863']",3,,
11-24-484-03888-518902,[],0,,
11-24-484-03888-518933,[],0,,
11-24-484-03888-802588,"['11-24-484-03888-518845', '11-24-484-03888-518862', '11-24-484-03888-518859', '11-24-484-03888-518844']",4,,
11-24-484-03889-518948,"['11-24-484-03889-518954', '11-24-484-03889-518956']",2,,
11-24-484-03889-518952,['11-24-484-03889-518953'],1,,
11-24-484-03889-518953,['11-24-484-03889-518952'],1,['444.0'],0.0
11-24-484-03889-518954,"['11-24-484-03889-518948', '11-24-484-03889-518956']",2,"['475.0', '376.0']",0.0
11-24-484-03889-518956,"['11-24-484-03889-518948', '11-24-484-03889-518954']",2,,
11-24-484-03889-518964,"['11-24-484-03889-518969', '11-24-486-03900-520091', '11-24-484-03889-518965', '11-24-486-03900-520104', '11-24-484-03889-518967']",5,,
11-24-484-03889-518965,"['11-24-484-03889-518969', '11-24-486-03900-520091', '11-24-484-03889-518964', '11-24-486-03900-520104', '11-24-484-03889-518967']",5,,
11-24-484-03889-518967,"['11-24-484-03889-518969', '11-24-486-03900-520091', '11-24-484-03889-518964', '11-24-484-03889-518965', '11-24-486-03900-520104']",5,,
11-24-484-03889-518968,"['11-24-484-03889-518975', '11-24-486-03904-520737', '11-24-484-03889-518973', '11-24-484-03889-518974']",4,,
11-24-484-03889-518969,"['11-24-486-03900-520091', '11-24-484-03889-518964', '11-24-484-03889-518965', '11-24-486-03900-520104', '11-24-484-03889-518967']",5,,
11-24-484-03889-518973,"['11-24-484-03889-518975', '11-24-484-03889-518968', '11-24-484-03889-518974', '11-24-486-03904-520737']",4,,
11-24-484-03889-518974,"['11-24-484-03889-518975', '11-24-484-03889-518968', '11-24-484-03889-518973', '11-24-486-03904-520737']",4,,
11-24-484-03889-518975,"['11-24-486-03904-520737', '11-24-484-03889-518968', '11-24-484-03889-518973', '11-24-484-03889-518974']",4,,
11-24-484-03889-518989,[],0,,
11-24-485-03890-518992,['11-24-484-03881-518005'],1,['1080.0'],0.0
11-24-485-03890-519001,['11-24-485-03890-519003'],1,['5119.0'],1.0
11-24-485-03890-519003,['11-24-485-03890-519001'],1,['3939.0'],1.0
11-24-485-03890-519004,[],0,[nan],0.0
11-24-485-03890-519011,[],0,,
11-24-485-03890-519020,[],0,[nan],0.0
11-24-485-03890-519022,"['11-24-485-03890-519024', '11-24-485-03890-519023']",2,,
11-24-485-03890-519023,"['11-24-485-03890-519024', '11-24-485-03890-519022']",2,,
11-24-485-03890-519024,"['11-24-485-03890-519027', '11-24-485-03890-519022', '11-24-485-03890-519023']",3,,
11-24-485-03890-519025,"['11-24-484-03881-518018', '11-24-484-03881-518017']",2,"['3065.0', '9022.0']",2.0
11-24-485-03890-519026,['11-24-485-03890-519042'],1,,
11-24-485-03890-519027,['11-24-485-03890-519024'],1,['722.0'],0.0
11-24-485-03890-519032,"['11-24-485-03890-519033', '11-24-485-03890-519035', '11-24-485-03890-519049']",3,"['3555.0', '2420.0', '1499.0']",1.0
11-24-485-03890-519033,"['11-24-485-03890-519032', '11-24-485-03890-519035', '11-24-485-03890-519049']",3,"['7798.0', '2420.0', '1499.0']",1.0
11-24-485-03890-519035,"['11-24-485-03890-519033', '11-24-485-03890-519032', '11-24-485-03890-519049']",3,"['3555.0', '7798.0', '1499.0']",2.0
11-24-485-03890-519042,['11-24-485-03890-519026'],1,['1027.0'],0.0
11-24-485-03890-519046,"['11-24-485-03890-519047', '11-24-485-03890-519048', '11-24-485-03890-519056', '11-24-485-03890-519049']",4,"['1030.0', '3184.0', '6001.0', '1499.0']",2.0
11-24-485-03890-519047,"['11-24-485-03890-519046', '11-24-485-03890-519056', '11-24-485-03890-519048', '11-24-485-03890-519049']",4,,
11-24-485-03890-519048,"['11-24-485-03890-519046', '11-24-485-03890-519047', '11-24-485-03890-519056', '11-24-485-03890-519049']",4,"['7081.0', '1030.0', '6001.0', '1499.0']",2.0
11-24-485-03890-519049,"['11-24-485-03890-519033', '11-24-485-03890-519047', '11-24-485-03890-519048', '11-24-485-03890-519046', '11-24-485-03890-519032', '11-24-485-03890-519035']",6,"['3555.0', '1030.0', '3184.0', '7081.0', '7798.0', '2420.0']",4.0
11-24-485-03890-519053,[],0,[nan],0.0
11-24-485-03890-519056,"['11-24-485-03890-519047', '11-24-485-03890-519048', '11-24-485-03890-519073', '11-24-485-03890-519046', '11-24-485-03890-519063']",5,"['1030.0', '3184.0', '4127.0', '7081.0', '2011.0']",3.0
11-24-485-03890-519063,"['11-24-485-03890-519056', '11-24-485-03890-519073']",2,"['6001.0', '4127.0']",2.0
11-24-485-03890-519073,"['11-24-485-03890-519056', '11-24-485-03890-519063']",2,"['6001.0', '2011.0']",1.0
11-24-485-03890-519074,['11-24-485-03890-519077'],1,['4594.0'],1.0
11-24-485-03890-519077,['11-24-485-03890-519074'],1,['4602.0'],1.0
11-24-485-03890-519080,"['11-24-485-03890-519087', '11-24-485-03890-519082']",2,"['3909.0', '1617.0']",1.0
11-24-485-03890-519081,['11-24-485-03891-519104'],1,['3093.0'],1.0
11-24-485-03890-519082,"['11-24-485-03890-519087', '11-24-485-03890-519080']",2,"['3909.0', '1582.0']",1.0
11-24-485-03890-519087,"['11-24-485-03890-519080', '11-24-485-03890-519082']",2,"['1582.0', '1617.0']",0.0
11-24-485-03891-519088,[],0,[nan],0.0
11-24-485-03891-519089,"['11-24-485-03891-519090', '11-24-485-03891-519092']",2,"['2747.0', '1557.0']",1.0
11-24-485-03891-519090,"['11-24-485-03891-519089', '11-24-485-03891-519092']",2,,
11-24-485-03891-519092,"['11-24-485-03891-519089', '11-24-485-03891-519090']",2,,
11-24-485-03891-519097,"['11-24-485-03891-519108', '11-24-485-03891-519120', '11-24-485-03891-519111', '11-24-485-03891-519121', '11-24-485-03891-519112']",5,,
11-24-485-03891-519099,[],0,,
11-24-485-03891-519104,['11-24-485-03890-519081'],1,,
11-24-485-03891-519108,"['11-24-485-03891-519120', '11-24-485-03891-519111', '11-24-485-03891-519121', '11-24-485-03891-519112', '11-24-485-03891-519097']",5,"['7521.0', '1533.0', '1436.0', '5357.0', '1321.0']",2.0
11-24-485-03891-519111,"['11-24-485-03891-519108', '11-24-485-03891-519120', '11-24-485-03891-519121', '11-24-485-03891-519112', '11-24-485-03891-519097']",5,"['4465.0', '7521.0', '1436.0', '5357.0', '1321.0']",3.0
11-24-485-03891-519112,"['11-24-485-03891-519108', '11-24-485-03891-519120', '11-24-485-03891-519111', '11-24-485-03891-519121', '11-24-485-03891-519097']",5,"['4465.0', '7521.0', '1533.0', '1436.0', '1321.0']",2.0
11-24-485-03891-519119,"['11-24-485-03891-519120', '11-24-485-03891-802589']",2,"['7521.0', nan]",1.0
11-24-485-03891-519120,"['11-24-485-03891-519108', '11-24-485-03891-519111', '11-24-485-03891-519121', '11-24-485-03891-519122', '11-24-485-03891-519112', '11-24-485-03891-519097', '11-24-485-03891-519119', '11-24-485-03891-802589']",8,"['4465.0', '1533.0', '1436.0', '1166.0', '5357.0', '1321.0', '7253.0', nan]",3.0
11-24-485-03891-519121,"['11-24-485-03891-519108', '11-24-485-03891-519120', '11-24-485-03891-519111', '11-24-485-03891-519122', '11-24-485-03891-519112', '11-24-485-03891-519097']",6,"['4465.0', '7521.0', '1533.0', '1166.0', '5357.0', '1321.0']",3.0
11-24-485-03891-519122,"['11-24-485-03891-519121', '11-24-485-03891-519120']",2,,
11-24-485-03891-519124,"['11-24-485-03891-519182', '11-24-485-03891-519125', '11-24-485-03891-519183']",3,"['4992.0', '11015.0', '2968.0']",3.0
11-24-485-03891-519125,"['11-24-485-03891-519182', '11-24-485-03891-519124', '11-24-485-03891-519183', '11-24-485-03891-519126']",4,"['4992.0', '4616.0', '2968.0', '9040.0']",4.0
11-24-485-03891-519126,"['11-24-485-03891-519179', '11-24-485-03891-519125', '11-24-485-03891-519180']",3,"['1315.0', '11015.0', '7552.0']",2.0
11-24-485-03891-519133,"['11-24-485-03891-519147', '11-24-485-03891-519148']",2,,
11-24-485-03891-519135,"['11-24-485-03891-519152', '11-24-485-03891-519147', '11-24-485-03891-519143', '11-24-485-03891-519145', '11-24-485-03891-519146', '11-24-485-03891-519150', '11-24-485-03891-519156', '11-24-485-03891-519139', '11-24-485-03891-519148']",9,,
11-24-485-03891-519139,"['11-24-485-03891-519152', '11-24-485-03891-519135', '11-24-485-03891-519143', '11-24-485-03891-519147', '11-24-485-03891-519145', '11-24-485-03891-519146', '11-24-485-03891-519150', '11-24-485-03891-519156', '11-24-485-03891-519148']",9,,
11-24-485-03891-519141,"['11-24-485-03891-519152', '11-24-485-03891-519153', '11-24-485-03891-519142', '11-24-485-03891-519159', '11-24-485-03891-519144', '11-24-485-03891-519154']",6,,
11-24-485-03891-519142,"['11-24-485-03891-519152', '11-24-485-03891-519153', '11-24-485-03891-519159', '11-24-485-03891-519141', '11-24-485-03891-519144', '11-24-485-03891-519154']",6,,
11-24-485-03891-519143,"['11-24-485-03891-519152', '11-24-485-03891-519135', '11-24-485-03891-519147', '11-24-485-03891-519145', '11-24-485-03891-519146', '11-24-485-03891-519150', '11-24-485-03891-519156', '11-24-485-03891-519139', '11-24-485-03891-519148']",9,,
11-24-485-03891-519144,"['11-24-485-03891-519152', '11-24-485-03891-519153', '11-24-485-03891-519142', '11-24-485-03891-519159', '11-24-485-03891-519141', '11-24-485-03891-519154']",6,,
11-24-485-03891-519145,"['11-24-485-03891-519152', '11-24-485-03891-519147', '11-24-485-03891-519135', '11-24-485-03891-519143', '11-24-485-03891-519146', '11-24-485-03891-519150', '11-24-485-03891-519156', '11-24-485-03891-519139', '11-24-485-03891-519148']",9,"['664.0', '2352.0', '2270.0', '624.0', '1859.0', '1839.0', '2503.0', '1584.0', '869.0']",1.0
11-24-485-03891-519146,"['11-24-485-03891-519152', '11-24-485-03891-519135', '11-24-485-03891-519143', '11-24-485-03891-519147', '11-24-485-03891-519145', '11-24-485-03891-519150', '11-24-485-03891-519156', '11-24-485-03891-519139', '11-24-485-03891-519148']",9,,
11-24-485-03891-519147,"['11-24-485-03891-519133', '11-24-485-03891-519152', '11-24-485-03891-519135', '11-24-485-03891-519143', '11-24-485-03891-519145', '11-24-485-03891-519146', '11-24-485-03891-519150', '11-24-485-03891-519156', '11-24-485-03891-519139', '11-24-485-03891-519148']",10,"['1125.0', '664.0', '2270.0', '624.0', '825.0', '1859.0', '1839.0', '2503.0', '1584.0', '869.0']",1.0
11-24-485-03891-519148,"['11-24-485-03891-519133', '11-24-485-03891-519152', '11-24-485-03891-519147', '11-24-485-03891-519143', '11-24-485-03891-519135', '11-24-485-03891-519145', '11-24-485-03891-519146', '11-24-485-03891-519150', '11-24-485-03891-519156', '11-24-485-03891-519139']",10,,
11-24-485-03891-519150,"['11-24-485-03891-519152', '11-24-485-03891-519135', '11-24-485-03891-519143', '11-24-485-03891-519147', '11-24-485-03891-519145', '11-24-485-03891-519146', '11-24-485-03891-519156', '11-24-485-03891-519139', '11-24-485-03891-519148']",9,"['664.0', '2270.0', '624.0', '2352.0', '825.0', '1859.0', '2503.0', '1584.0', '869.0']",1.0
11-24-485-03891-519152,"['11-24-485-03891-519139', '11-24-485-03891-519153', '11-24-485-03891-519135', '11-24-485-03891-519143', '11-24-485-03891-519142', '11-24-485-03891-519147', '11-24-485-03891-519145', '11-24-485-03891-519159', '11-24-485-03891-519146', '11-24-485-03891-519150', '11-24-485-03891-519141', '11-24-485-03891-519148', '11-24-485-03891-519156', '11-24-485-03891-519144', '11-24-485-03891-519154']",15,"['1584.0', '620.0', '2270.0', '624.0', '313.0', '2352.0', '825.0', '1663.0', '1859.0', '1839.0', '677.0', '869.0', '2503.0', '515.0', '1949.0']",1.0
11-24-485-03891-519153,"['11-24-485-03891-519152', '11-24-485-03891-519142', '11-24-485-03891-519159', '11-24-485-03891-519141', '11-24-485-03891-519144', '11-24-485-03891-519154']",6,,
11-24-485-03891-519154,"['11-24-485-03891-519152', '11-24-485-03891-519153', '11-24-485-03891-519142', '11-24-485-03891-519159', '11-24-485-03891-519144', '11-24-485-03891-519141']",6,"['664.0', '620.0', '313.0', '1663.0', '515.0', '677.0']",0.0
11-24-485-03891-519156,"['11-24-485-03891-519152', '11-24-485-03891-519135', '11-24-485-03891-519143', '11-24-485-03891-519147', '11-24-485-03891-519145', '11-24-485-03891-519146', '11-24-485-03891-519150', '11-24-485-03891-519139', '11-24-485-03891-519148']",9,"['664.0', '2270.0', '624.0', '2352.0', '825.0', '1859.0', '1839.0', '1584.0', '869.0']",0.0
11-24-485-03891-519159,"['11-24-485-03891-519152', '11-24-485-03891-519153', '11-24-485-03891-519142', '11-24-485-03891-519154', '11-24-485-03891-519144', '11-24-485-03891-519141']",6,"['664.0', '620.0', '313.0', '1949.0', '515.0', '677.0']",0.0
11-24-485-03891-519167,"['11-24-485-03892-519257', '11-24-485-03891-519169', '11-24-485-03892-519251', '11-24-485-03891-519168', '11-24-485-03892-519254', '11-24-485-03892-519239']",6,,
11-24-485-03891-519168,"['11-24-485-03891-519167', '11-24-485-03891-519169', '11-24-485-03892-519251', '11-24-485-03892-519254', '11-24-485-03892-519239']",5,,
11-24-485-03891-519169,"['11-24-485-03891-519167', '11-24-485-03892-519251', '11-24-485-03891-519168', '11-24-485-03892-519254', '11-24-485-03892-519239']",5,"['938.0', '1757.0', '501.0', '2173.0', '1449.0']",0.0
11-24-485-03891-519179,"['11-24-485-03891-519126', '11-24-485-03891-519180']",2,,
11-24-485-03891-519180,"['11-24-485-03891-519179', '11-24-485-03891-519126']",2,"['1315.0', '9040.0']",1.0
11-24-485-03891-519182,"['11-24-485-03891-519124', '11-24-485-03891-519125', '11-24-485-03891-519183']",3,"['4616.0', '11015.0', '2968.0']",3.0
11-24-485-03891-519183,"['11-24-485-03891-519182', '11-24-485-03891-519124', '11-24-485-03891-519125']",3,"['4992.0', '4616.0', '11015.0']",3.0
11-24-485-03891-519187,[],0,[nan],0.0
11-24-485-03891-519188,['11-24-485-03891-519189'],1,['5053.0'],1.0
11-24-485-03891-519189,['11-24-485-03891-519188'],1,['6512.0'],1.0
11-24-485-03891-519209,"['11-24-485-03891-519211', '11-24-485-03891-519224', '11-24-485-03891-519226', '11-24-485-03891-519225', '11-24-485-03891-519210']",5,"['15285.0', '850.0', '2833.0', '4688.0', '3166.0']",4.0
11-24-485-03891-519210,"['11-24-485-03891-519211', '11-24-485-03891-519209']",2,"['15285.0', '4012.0']",2.0
11-24-485-03891-519211,"['11-24-485-03891-519209', '11-24-485-03891-519224', '11-24-485-03891-519226', '11-24-485-03891-519225', '11-24-485-03891-519210']",5,"['4012.0', '850.0', '2833.0', '4688.0', '3166.0']",4.0
11-24-485-03891-519214,"['11-24-485-03891-519216', '11-24-485-03891-519217', '11-24-485-03892-519312', '11-24-485-03891-519218', '11-24-485-03891-519219']",5,"['3153.0', '4528.0', '2868.0', '1360.0', '7847.0']",4.0
11-24-485-03891-519216,['11-24-485-03891-519214'],1,['4345.0'],1.0
11-24-485-03891-519217,"['11-24-485-03891-519214', '11-24-485-03891-519218', '11-24-485-03891-519219', '11-24-485-03892-519312']",4,"['4345.0', '1360.0', '7847.0', '2868.0']",3.0
11-24-485-03891-519218,"['11-24-485-03891-519217', '11-24-485-03891-519214', '11-24-485-03891-519219', '11-24-485-03892-519312']",4,,
11-24-485-03891-519219,"['11-24-485-03891-519217', '11-24-485-03891-519214', '11-24-485-03891-519218', '11-24-485-03892-519312']",4,"['4528.0', '4345.0', '1360.0', '2868.0']",3.0
11-24-485-03891-519224,"['11-24-485-03891-519225', '11-24-485-03891-519211', '11-24-485-03891-519209', '11-24-485-03891-519226']",4,,
11-24-485-03891-519225,"['11-24-485-03891-519211', '11-24-485-03891-519209', '11-24-485-03891-519224', '11-24-485-03891-519226', '11-24-485-03891-519229']",5,"['15285.0', '4012.0', '850.0', '2833.0', '2396.0']",3.0
11-24-485-03891-519226,"['11-24-485-03891-519224', '11-24-485-03891-519225', '11-24-485-03891-519211', '11-24-485-03891-519209']",4,"['850.0', '4688.0', '15285.0', '4012.0']",3.0
11-24-485-03891-519228,[],0,[nan],0.0
11-24-485-03891-519229,['11-24-485-03891-519225'],1,['4688.0'],1.0
11-24-485-03891-802589,"['11-24-485-03891-519119', '11-24-485-03891-519120']",2,,
11-24-485-03892-519238,"['11-24-485-03892-519252', '11-24-484-03884-518503', '11-24-485-03892-519254', '11-24-485-03892-519253']",4,"['652.0', '14781.0', '2173.0', '955.0']",1.0
11-24-485-03892-519239,"['11-24-485-03892-519257', '11-24-485-03891-519167', '11-24-485-03891-519169', '11-24-485-03892-519251', '11-24-485-03891-519168', '11-24-485-03892-519254']",6,"['3177.0', '938.0', '3572.0', '1757.0', '501.0', '2173.0']",2.0
11-24-485-03892-519249,['11-24-485-03892-519250'],1,['2444.0'],0.0
11-24-485-03892-519250,['11-24-485-03892-519249'],1,,
11-24-485-03892-519251,"['11-24-485-03892-519257', '11-24-485-03891-519167', '11-24-485-03891-519169', '11-24-485-03891-519168', '11-24-485-03892-519254', '11-24-485-03892-519239']",6,"['3177.0', '938.0', '3572.0', '501.0', '2173.0', '1449.0']",2.0
11-24-485-03892-519252,"['11-24-485-03892-519238', '11-24-485-03892-519254', '11-24-485-03892-519253']",3,,
11-24-485-03892-519253,"['11-24-485-03892-519252', '11-24-485-03892-519238', '11-24-485-03892-519254']",3,,
11-24-485-03892-519254,"['11-24-485-03892-519238', '11-24-485-03892-519257', '11-24-485-03891-519167', '11-24-485-03891-519169', '11-24-485-03892-519252', '11-24-485-03892-519251', '11-24-485-03891-519168', '11-24-485-03892-519239', '11-24-485-03892-519253']",9,,
11-24-485-03892-519257,"['11-24-485-03892-519239', '11-24-485-03892-519251', '11-24-485-03892-519254', '11-24-485-03891-519167']",4,"['1449.0', '1757.0', '2173.0', '938.0']",0.0
11-24-485-03892-519260,['11-24-485-03892-519272'],1,['1124.0'],0.0
11-24-485-03892-519272,"['11-24-485-03892-519276', '11-24-485-03892-519260']",2,,
11-24-485-03892-519275,['11-24-485-03892-519276'],1,,
11-24-485-03892-519276,"['11-24-485-03892-519272', '11-24-485-03892-519275', '11-24-485-03892-519283']",3,,
11-24-485-03892-519283,['11-24-485-03892-519276'],1,,
11-24-485-03892-519292,"['11-24-485-03892-519329', '11-24-485-03892-519330', '11-24-485-03892-519312', '11-24-485-03892-519293', '11-24-485-03892-519335']",5,,
11-24-485-03892-519293,"['11-24-485-03892-519329', '11-24-485-03892-519330', '11-24-485-03892-519312', '11-24-485-03892-519292', '11-24-485-03892-519335']",5,"['1021.0', '1015.0', '2868.0', '979.0', '1373.0']",1.0
11-24-485-03892-519301,"['11-24-485-03892-519303', '11-24-485-03892-519319', '11-24-485-03892-519318']",3,"['363.0', '1038.0', '1403.0']",0.0
11-24-485-03892-519303,"['11-24-485-03892-519319', '11-24-485-03892-519301', '11-24-485-03892-519318']",3,,
11-24-485-03892-519312,"['11-24-485-03892-519329', '11-24-485-03892-519330', '11-24-485-03891-519217', '11-24-485-03892-519292', '11-24-485-03891-519214', '11-24-485-03892-519293', '11-24-485-03892-519335', '11-24-485-03891-519218', '11-24-485-03891-519219']",9,"['1021.0', '1015.0', '4528.0', '979.0', '4345.0', '1431.0', '1373.0', '1360.0', '7847.0']",3.0
11-24-485-03892-519318,"['11-24-485-03892-519303', '11-24-485-03892-519301', '11-24-485-03892-519319']",3,"['363.0', '1211.0', '1038.0']",0.0
11-24-485-03892-519319,"['11-24-485-03892-519303', '11-24-485-03892-519301', '11-24-485-03892-519318']",3,,
11-24-485-03892-519323,"['11-24-485-03892-519341', '11-24-485-03892-519342']",2,"['1674.0', '3218.0']",1.0
11-24-485-03892-519324,"['11-24-485-03892-519325', '11-24-485-03892-519337']",2,,
11-24-485-03892-519325,"['11-24-485-03892-519337', '11-24-485-03892-519324']",2,"['912.0', '2783.0']",1.0
11-24-485-03892-519329,"['11-24-485-03892-519330', '11-24-485-03892-519312', '11-24-485-03892-519292', '11-24-485-03892-519293', '11-24-485-03892-519335']",5,"['1015.0', '2868.0', '979.0', '1431.0', '1373.0']",1.0
11-24-485-03892-519330,"['11-24-485-03892-519329', '11-24-485-03892-519312', '11-24-485-03892-519292', '11-24-485-03892-519293', '11-24-485-03892-519335']",5,"['1021.0', '2868.0', '979.0', '1431.0', '1373.0']",1.0
11-24-485-03892-519335,"['11-24-485-03892-519329', '11-24-485-03892-519330', '11-24-485-03892-519312', '11-24-485-03892-519292', '11-24-485-03892-519293']",5,"['1021.0', '1015.0', '2868.0', '979.0', '1431.0']",1.0
11-24-485-03892-519337,"['11-24-485-03892-519325', '11-24-485-03892-519324']",2,,
11-24-485-03892-519341,"['11-24-485-03892-519342', '11-24-485-03892-519323']",2,"['3218.0', '4303.0']",2.0
11-24-485-03892-519342,"['11-24-485-03892-519341', '11-24-485-03892-519353', '11-24-485-03892-519354', '11-24-485-03892-519323']",4,,
11-24-485-03892-519350,['11-24-485-03892-519351'],1,['2583.0'],1.0
11-24-485-03892-519351,['11-24-485-03892-519350'],1,,
11-24-485-03892-519353,"['11-24-485-03892-519354', '11-24-485-03892-519342']",2,,
11-24-485-03892-519354,"['11-24-485-03892-519353', '11-24-485-03892-519342']",2,"['1263.0', '3218.0']",1.0
11-24-485-03892-519356,"['11-24-485-03892-519357', '11-24-485-03892-519370', '11-24-485-03892-519363']",3,"['4612.0', '3841.0', '4523.0']",3.0
11-24-485-03892-519357,"['11-24-485-03892-519356', '11-24-485-03892-519370', '11-24-485-03892-519363']",3,"['2451.0', '3841.0', '4523.0']",2.0
11-24-485-03892-519363,"['11-24-485-03892-519356', '11-24-485-03892-519357', '11-24-485-03892-519377', '11-24-485-03892-519370']",4,,
11-24-485-03892-519366,[],0,[nan],0.0
11-24-485-03892-519370,"['11-24-485-03892-519356', '11-24-485-03892-519357', '11-24-485-03892-519377', '11-24-485-03892-519363']",4,"['2451.0', '4612.0', '4976.0', '4523.0']",3.0
11-24-485-03892-519374,"['11-24-485-03892-519387', '11-24-485-03892-519385', '11-24-485-03892-519384', '11-24-485-03892-519388']",4,"['3032.0', '1604.0', '1687.0', '12816.0']",2.0
11-24-485-03892-519377,"['11-24-485-03892-519370', '11-24-485-03892-519363']",2,"['3841.0', '4523.0']",2.0
11-24-485-03892-519379,[],0,[nan],0.0
11-24-485-03892-519380,"['11-24-485-03896-519612', '11-24-485-03896-519609', '11-24-485-03892-519381']",3,"['3495.0', '1523.0', '2874.0']",2.0
11-24-485-03892-519381,['11-24-485-03892-519380'],1,['5815.0'],1.0
11-24-485-03892-519384,"['11-24-485-03892-519387', '11-24-485-03892-519374', '11-24-485-03892-519385', '11-24-485-03892-519388']",4,"['3032.0', '2728.0', '1604.0', '12816.0']",3.0
11-24-485-03892-519385,"['11-24-485-03892-519387', '11-24-485-03892-519374', '11-24-485-03892-519384', '11-24-485-03892-519388']",4,,
11-24-485-03892-519387,"['11-24-485-03892-519385', '11-24-485-03892-519374', '11-24-485-03892-519384', '11-24-485-03892-519388']",4,,
11-24-485-03892-519388,"['11-24-485-03892-519387', '11-24-485-03892-519385', '11-24-485-03892-519374', '11-24-485-03892-519384']",4,"['3032.0', '1604.0', '2728.0', '1687.0']",2.0
11-24-485-03893-519393,[],0,[nan],0.0
11-24-485-03893-519429,"['11-24-485-03893-519451', '11-24-485-03893-519432', '11-24-485-03893-519450']",3,"['4956.0', '1833.0', '6950.0']",2.0
11-24-485-03893-519432,"['11-24-485-03893-519451', '11-24-485-03893-519429', '11-24-485-03893-519450']",3,,
11-24-485-03893-519433,"['11-24-485-03893-519449', '11-24-485-03893-519457', '11-24-485-03893-519434']",3,"['12581.0', '5420.0', '9957.0']",3.0
11-24-485-03893-519434,"['11-24-485-03893-519449', '11-24-485-03893-519433', '11-24-485-03893-519457']",3,,
11-24-485-03893-519449,"['11-24-485-03893-519433', '11-24-485-03893-519434', '11-24-485-03893-519457']",3,,
11-24-485-03893-519450,"['11-24-485-03893-519451', '11-24-485-03893-519429', '11-24-485-03893-519432']",3,"['4956.0', '6263.0', '1833.0']",2.0
11-24-485-03893-519451,"['11-24-485-03893-519429', '11-24-485-03893-519450', '11-24-485-03893-519432']",3,,
11-24-485-03893-519457,"['11-24-485-03893-519449', '11-24-485-03893-519433', '11-24-485-03893-519434']",3,"['12581.0', '3277.0', '9957.0']",3.0
11-24-485-03893-519471,"['11-24-485-03893-519474', '11-24-485-03893-519472', '11-24-485-03893-519473']",3,,
11-24-485-03893-519472,"['11-24-485-03893-519473', '11-24-485-03893-519474', '11-24-485-03893-519471']",3,,
11-24-485-03893-519473,"['11-24-485-03893-519474', '11-24-485-03893-519472', '11-24-485-03893-519471']",3,,
11-24-485-03893-519474,"['11-24-485-03893-519473', '11-24-485-03893-519472', '11-24-485-03893-519471']",3,,
11-24-485-03893-802590,[],0,,
11-24-485-03894-519479,['11-24-485-03894-519480'],1,,
11-24-485-03894-519480,['11-24-485-03894-519479'],1,['5077.0'],1.0
11-24-485-03894-519496,"['11-24-485-03894-519506', '11-24-485-03894-519497']",2,,
11-24-485-03894-519497,"['11-24-485-03894-519496', '11-24-485-03894-519506']",2,"['3845.0', '2746.0']",2.0
11-24-485-03894-519498,['11-24-485-03894-519507'],1,,
11-24-485-03894-519499,"['11-24-485-03894-519501', '11-24-485-03894-519503']",2,,
11-24-485-03894-519501,"['11-24-485-03894-519499', '11-24-485-03894-519503']",2,,
11-24-485-03894-519503,"['11-24-485-03894-519501', '11-24-485-03894-519499']",2,,
11-24-485-03894-519505,['11-24-485-03894-519511'],1,['14329.0'],1.0
11-24-485-03894-519506,"['11-24-485-03894-519496', '11-24-485-03894-519497']",2,,
11-24-485-03894-519507,['11-24-485-03894-519498'],1,['3977.0'],1.0
11-24-485-03894-519511,['11-24-485-03894-519505'],1,['22691.0'],1.0
11-24-485-03895-519512,"['11-24-484-03884-518527', '11-24-484-03884-518526']",2,"['3125.0', '5381.0']",2.0
11-24-485-03895-519516,[],0,[nan],0.0
11-24-485-03895-519528,"['11-24-485-03895-519538', '11-24-485-03895-519534', '11-24-485-03895-802591']",3,"['2928.0', '830.0', nan]",1.0
11-24-485-03895-519532,[],0,[nan],0.0
11-24-485-03895-519534,"['11-24-485-03895-519538', '11-24-485-03895-519528', '11-24-485-03895-802591']",3,"['2928.0', '3604.0', nan]",2.0
11-24-485-03895-519535,"['11-24-484-03885-518635', '11-24-485-03895-519543']",2,"['12262.0', '3130.0']",2.0
11-24-485-03895-519538,"['11-24-485-03895-519541', '11-24-485-03895-519534', '11-24-485-03895-519528', '11-24-485-03895-802591']",4,"['2547.0', '830.0', '3604.0', nan]",2.0
11-24-485-03895-519541,['11-24-485-03895-519538'],1,['2928.0'],1.0
11-24-485-03895-519543,"['11-24-484-03885-518635', '11-24-485-03895-519535']",2,"['12262.0', '1087.0']",1.0
11-24-485-03895-519546,"['11-24-485-03895-519557', '11-24-485-03895-519561']",2,"['2568.0', '2777.0']",2.0
11-24-485-03895-519553,"['11-24-485-03895-519563', '11-24-485-03895-519555', '11-24-485-03895-519564', '11-24-485-03895-519554']",4,"['3569.0', '2558.0', '4678.0', '2946.0']",4.0
11-24-485-03895-519554,"['11-24-485-03895-519564', '11-24-485-03895-519563', '11-24-485-03895-519555', '11-24-485-03895-519553']",4,"['4678.0', '3569.0', '2558.0', '2193.0']",3.0
11-24-485-03895-519555,"['11-24-485-03895-519563', '11-24-485-03895-519564', '11-24-485-03895-519553', '11-24-485-03895-519554']",4,"['3569.0', '4678.0', '2193.0', '2946.0']",3.0
11-24-485-03895-519557,"['11-24-485-03895-519561', '11-24-485-03895-519546']",2,"['2777.0', '3672.0']",2.0
11-24-485-03895-519561,"['11-24-485-03895-519557', '11-24-485-03895-519546']",2,"['2568.0', '3672.0']",2.0
11-24-485-03895-519563,"['11-24-485-03895-519572', '11-24-485-03895-519555', '11-24-485-03895-519564', '11-24-485-03895-519573', '11-24-485-03895-519571', '11-24-485-03895-519554', '11-24-485-03895-519553']",7,"['2758.0', '2558.0', '4678.0', '1806.0', '824.0', '2946.0', '2193.0']",4.0
11-24-485-03895-519564,"['11-24-485-03895-519563', '11-24-485-03895-519555', '11-24-485-03895-519553', '11-24-485-03895-519554']",4,"['3569.0', '2558.0', '2193.0', '2946.0']",3.0
11-24-485-03895-519565,"['11-24-485-03895-519570', '11-24-485-03895-519566']",2,"['2040.0', '3222.0']",1.0
11-24-485-03895-519566,"['11-24-485-03895-519565', '11-24-485-03895-519570']",2,"['2995.0', '2040.0']",1.0
11-24-485-03895-519570,"['11-24-485-03895-519565', '11-24-485-03895-519571', '11-24-485-03895-519583', '11-24-485-03895-519566']",4,"['2995.0', '824.0', '7609.0', '3222.0']",3.0
11-24-485-03895-519571,"['11-24-485-03895-519570', '11-24-485-03895-519572', '11-24-485-03895-519573', '11-24-485-03895-519583', '11-24-485-03895-519563']",5,,
11-24-485-03895-519572,"['11-24-485-03895-519573', '11-24-485-03895-519563', '11-24-485-03895-519571']",3,"['1806.0', '3569.0', '824.0']",1.0
11-24-485-03895-519573,"['11-24-485-03895-519563', '11-24-485-03895-519572', '11-24-485-03895-519571']",3,"['3569.0', '2758.0', '824.0']",2.0
11-24-485-03895-519583,"['11-24-485-03895-519570', '11-24-485-03895-519571']",2,"['2040.0', '824.0']",0.0
11-24-485-03895-519588,"['11-24-485-03895-519591', '11-24-485-03895-519589']",2,"['2053.0', '2746.0']",1.0
11-24-485-03895-519589,"['11-24-485-03895-519588', '11-24-485-03895-519591']",2,"['1266.0', '2053.0']",0.0
11-24-485-03895-519591,"['11-24-485-03895-519588', '11-24-485-03895-519589']",2,,
11-24-485-03895-802591,"['11-24-485-03895-519538', '11-24-485-03895-519534', '11-24-485-03895-519528']",3,,
11-24-485-03896-519606,['11-24-485-03896-519607'],1,['5255.0'],1.0
11-24-485-03896-519607,['11-24-485-03896-519606'],1,['1386.0'],0.0
11-24-485-03896-519609,"['11-24-485-03896-519612', '11-24-485-03892-519380']",2,"['3495.0', '5815.0']",2.0
11-24-485-03896-519612,"['11-24-485-03896-519609', '11-24-485-03892-519380']",2,"['1523.0', '5815.0']",1.0
11-24-485-03896-519624,['11-24-485-03896-519625'],1,['5351.0'],1.0
11-24-485-03896-519625,['11-24-485-03896-519624'],1,['3750.0'],1.0
11-24-485-03896-519632,"['11-24-485-03896-519635', '11-24-485-03896-519633']",2,,
11-24-485-03896-519633,"['11-24-485-03896-519635', '11-24-485-03896-519632']",2,"['1768.0', '636.0']",0.0
11-24-485-03896-519635,"['11-24-485-03896-519632', '11-24-485-03896-519633']",2,"['636.0', '1648.0']",0.0
11-24-485-03896-519641,['11-24-485-03896-519654'],1,,
11-24-485-03896-519642,['11-24-485-03896-519649'],1,,
11-24-485-03896-519645,['11-24-485-03896-519646'],1,['282.0'],0.0
11-24-485-03896-519646,['11-24-485-03896-519645'],1,,
11-24-485-03896-519649,['11-24-485-03896-519642'],1,,
11-24-485-03896-519651,[],0,,
11-24-485-03896-519654,['11-24-485-03896-519641'],1,['2810.0'],1.0
11-24-485-03896-519656,['11-24-485-03896-519657'],1,['1850.0'],0.0
11-24-485-03896-519657,"['11-24-485-03896-519656', '11-24-485-03896-519666']",2,,
11-24-485-03896-519658,[],0,[nan],0.0
11-24-485-03896-519661,"['11-24-485-03896-519662', '11-24-485-03896-519663']",2,"['1914.0', '1794.0']",0.0
11-24-485-03896-519662,"['11-24-485-03896-519661', '11-24-485-03896-519663']",2,"['1326.0', '1794.0']",0.0
11-24-485-03896-519663,"['11-24-485-03896-519661', '11-24-485-03896-519662']",2,,
11-24-485-03896-519664,"['11-24-485-03896-519679', '11-24-485-03896-519681']",2,,
11-24-485-03896-519666,['11-24-485-03896-519657'],1,,
11-24-485-03896-519679,"['11-24-485-03896-519664', '11-24-485-03896-519681']",2,,
11-24-485-03896-519681,"['11-24-485-03896-519679', '11-24-485-03896-519664']",2,,
11-24-486-03897-519725,"['11-24-486-03897-519730', '11-24-486-03897-519734']",2,,
11-24-486-03897-519728,"['11-24-484-03886-518667', '11-24-484-03886-518668']",2,,
11-24-486-03897-519730,"['11-24-486-03897-519725', '11-24-486-03897-519734']",2,,
11-24-486-03897-519734,"['11-24-486-03897-519725', '11-24-486-03897-519730']",2,,
11-24-486-03897-519768,"['11-24-482-03863-516905', '11-24-482-03864-516919', '11-24-482-03863-516907']",3,,
11-24-486-03897-519786,['11-24-486-03897-519794'],1,,
11-24-486-03897-519787,['11-24-486-03897-519788'],1,,
11-24-486-03897-519788,"['11-24-486-03897-519789', '11-24-486-03897-519790', '11-24-486-03897-519787']",3,,
11-24-486-03897-519789,"['11-24-486-03897-519790', '11-24-486-03897-519788']",2,,
11-24-486-03897-519790,"['11-24-486-03897-519789', '11-24-486-03897-519788']",2,,
11-24-486-03897-519794,['11-24-486-03897-519786'],1,,
11-24-486-03897-519811,['11-24-486-03897-519812'],1,,
11-24-486-03897-519812,['11-24-486-03897-519811'],1,,
11-24-486-03898-519844,[],0,,
11-24-486-03898-519870,['11-24-486-03898-519871'],1,,
11-24-486-03898-519871,['11-24-486-03898-519870'],1,,
11-24-486-03899-519941,['11-24-486-03899-519955'],1,['1353.0'],0.0
11-24-486-03899-519955,['11-24-486-03899-519941'],1,,
11-24-486-03899-519974,['11-24-486-03899-519986'],1,,
11-24-486-03899-519985,[],0,,
11-24-486-03899-519986,['11-24-486-03899-519974'],1,,
11-24-486-03899-520018,['11-24-486-03899-520020'],1,,
11-24-486-03899-520020,['11-24-486-03899-520018'],1,,
11-24-486-03900-520045,['11-24-486-03900-520046'],1,,
11-24-486-03900-520046,['11-24-486-03900-520045'],1,,
11-24-486-03900-520091,"['11-24-484-03889-518969', '11-24-484-03889-518964', '11-24-484-03889-518965', '11-24-486-03900-520104', '11-24-484-03889-518967']",5,,
11-24-486-03900-520103,"['11-24-486-03900-520106', '11-24-486-03900-520105']",2,,
11-24-486-03900-520104,"['11-24-484-03889-518969', '11-24-486-03900-520091', '11-24-484-03889-518964', '11-24-484-03889-518965', '11-24-484-03889-518967']",5,,
11-24-486-03900-520105,"['11-24-486-03900-520103', '11-24-486-03900-520106']",2,,
11-24-486-03900-520106,"['11-24-486-03900-520103', '11-24-486-03900-520105']",2,,
11-24-486-03900-520109,['11-24-486-03900-520122'],1,,
11-24-486-03900-520122,['11-24-486-03900-520109'],1,,
11-24-486-03900-520139,"['11-24-486-03900-520157', '11-24-486-03900-520147']",2,,
11-24-486-03900-520147,"['11-24-486-03900-520157', '11-24-486-03900-520139']",2,,
11-24-486-03900-520157,"['11-24-486-03900-520147', '11-24-486-03900-520139']",2,,
11-24-486-03900-520166,"['11-24-486-03900-520190', '11-24-486-03900-520181']",2,,
11-24-486-03900-520181,"['11-24-486-03900-520166', '11-24-486-03900-520190']",2,,
11-24-486-03900-520190,"['11-24-486-03900-520166', '11-24-486-03900-520181']",2,,
11-24-486-03901-520239,"['11-24-486-03901-520245', '11-24-486-03901-520240', '11-24-486-03901-520241', '11-24-486-03901-520243']",4,,
11-24-486-03901-520240,"['11-24-486-03901-520245', '11-24-486-03901-520239', '11-24-486-03901-520243']",3,,
11-24-486-03901-520241,"['11-24-486-03901-520245', '11-24-486-03901-520239']",2,,
11-24-486-03901-520243,"['11-24-486-03901-520245', '11-24-486-03901-520239', '11-24-486-03901-520240']",3,,
11-24-486-03901-520245,"['11-24-486-03901-520239', '11-24-486-03901-520240', '11-24-486-03901-520241', '11-24-486-03901-520243']",4,,
11-24-486-03901-520251,"['11-24-486-03901-520253', '11-24-486-03901-520258']",2,,
11-24-486-03901-520253,"['11-24-486-03901-520251', '11-24-486-03901-520258']",2,,
11-24-486-03901-520256,"['11-24-486-03901-520264', '11-24-486-03901-520265', '11-24-486-03901-520272', '11-24-486-03901-520257', '11-24-486-03901-520258']",5,,
11-24-486-03901-520257,"['11-24-486-03901-520264', '11-24-486-03901-520265', '11-24-486-03901-520256', '11-24-486-03901-520272', '11-24-486-03901-520258']",5,,
11-24-486-03901-520258,"['11-24-486-03901-520264', '11-24-486-03901-520265', '11-24-486-03901-520256', '11-24-486-03901-520272', '11-24-486-03901-520253', '11-24-486-03901-520251', '11-24-486-03901-520257']",7,,
11-24-486-03901-520259,[],0,,
11-24-486-03901-520261,['11-24-486-03901-520262'],1,,
11-24-486-03901-520262,['11-24-486-03901-520261'],1,,
11-24-486-03901-520264,"['11-24-486-03901-520265', '11-24-486-03901-520256', '11-24-486-03901-520272', '11-24-486-03901-520257', '11-24-486-03901-520258']",5,,
11-24-486-03901-520265,"['11-24-486-03901-520264', '11-24-486-03901-520256', '11-24-486-03901-520272', '11-24-486-03901-520257', '11-24-486-03901-520258']",5,,
11-24-486-03901-520267,"['11-24-486-03901-520268', '11-24-486-03901-520269']",2,,
11-24-486-03901-520268,"['11-24-486-03901-520269', '11-24-486-03901-520267']",2,,
11-24-486-03901-520269,"['11-24-486-03901-520268', '11-24-486-03901-520267']",2,,
11-24-486-03901-520272,"['11-24-486-03901-520264', '11-24-486-03901-520265', '11-24-486-03901-520256', '11-24-486-03901-520257', '11-24-486-03901-520258']",5,,
11-24-486-03901-520286,"['11-24-486-03901-520288', '11-24-486-03901-520299', '11-24-486-03901-520297', '11-24-486-03901-520300', '11-24-486-03901-520322', '11-24-486-03901-520296', '11-24-486-03901-520289']",7,,
11-24-486-03901-520288,"['11-24-486-03901-520299', '11-24-486-03901-520297', '11-24-486-03901-520286', '11-24-486-03901-520300', '11-24-486-03901-520322', '11-24-486-03901-520296', '11-24-486-03901-520289']",7,,
11-24-486-03901-520289,"['11-24-486-03901-520288', '11-24-486-03901-520299', '11-24-486-03901-520297', '11-24-486-03901-520286', '11-24-486-03901-520300', '11-24-486-03901-520322', '11-24-486-03901-520296']",7,,
11-24-486-03901-520296,"['11-24-486-03901-520288', '11-24-486-03901-520299', '11-24-486-03901-520297', '11-24-486-03901-520300', '11-24-486-03901-520322', '11-24-486-03901-520286', '11-24-486-03901-520289']",7,,
11-24-486-03901-520297,"['11-24-486-03901-520288', '11-24-486-03901-520299', '11-24-486-03901-520286', '11-24-486-03901-520300', '11-24-486-03901-520322', '11-24-486-03901-520296', '11-24-486-03901-520289']",7,,
11-24-486-03901-520299,"['11-24-486-03901-520288', '11-24-486-03901-520297', '11-24-486-03901-520286', '11-24-486-03901-520300', '11-24-486-03901-520322', '11-24-486-03901-520296', '11-24-486-03901-520289']",7,,
11-24-486-03901-520300,"['11-24-486-03901-520288', '11-24-486-03901-520299', '11-24-486-03901-520297', '11-24-486-03901-520286', '11-24-486-03901-520322', '11-24-486-03901-520296', '11-24-486-03901-520289']",7,,
11-24-486-03901-520320,['11-24-486-03901-520335'],1,,
11-24-486-03901-520322,"['11-24-486-03901-520288', '11-24-486-03901-520299', '11-24-486-03901-520297', '11-24-486-03901-520286', '11-24-486-03901-520300', '11-24-486-03901-520296', '11-24-486-03901-520289']",7,,
11-24-486-03901-520335,['11-24-486-03901-520320'],1,,
11-24-486-03901-520356,['11-24-486-03901-520366'],1,,
11-24-486-03901-520363,[],0,,
11-24-486-03901-520366,['11-24-486-03901-520356'],1,,
11-24-486-03901-520377,[],0,,
11-24-486-03902-520386,['11-24-486-03902-520387'],1,,
11-24-486-03902-520387,['11-24-486-03902-520386'],1,,
11-24-486-03902-520412,['11-24-486-03902-520414'],1,,
11-24-486-03902-520414,['11-24-486-03902-520412'],1,,
11-24-486-03902-520444,"['11-24-486-03902-520446', '11-24-486-03902-520463', '11-24-486-03902-520462']",3,,
11-24-486-03902-520446,"['11-24-486-03902-520463', '11-24-486-03902-520444', '11-24-486-03902-520462']",3,,
11-24-486-03902-520451,"['11-24-486-03902-520468', '11-24-486-03902-520459']",2,,
11-24-486-03902-520453,['11-24-486-03902-520454'],1,,
11-24-486-03902-520454,['11-24-486-03902-520453'],1,,
11-24-486-03902-520456,"['11-24-486-03902-520481', '11-24-486-03902-520457', '11-24-486-03902-520473']",3,,
11-24-486-03902-520457,"['11-24-486-03902-520481', '11-24-486-03902-520456', '11-24-486-03902-520473']",3,,
11-24-486-03902-520459,"['11-24-486-03902-520468', '11-24-486-03902-520451']",2,,
11-24-486-03902-520462,"['11-24-486-03902-520446', '11-24-486-03902-520463', '11-24-486-03902-520444']",3,,
11-24-486-03902-520463,"['11-24-486-03902-520446', '11-24-486-03902-520444', '11-24-486-03902-520462']",3,,
11-24-486-03902-520466,['11-24-486-03902-520485'],1,,
11-24-486-03902-520468,"['11-24-486-03902-520459', '11-24-486-03902-520451']",2,,
11-24-486-03902-520469,"['11-24-486-03902-520484', '11-24-486-03902-520491']",2,,
11-24-486-03902-520473,"['11-24-486-03902-520456', '11-24-486-03902-520457', '11-24-486-03902-520481']",3,,
11-24-486-03902-520479,"['11-24-486-03902-520496', '11-24-486-03902-520494', '11-24-486-03902-520495']",3,,
11-24-486-03902-520481,"['11-24-486-03902-520456', '11-24-486-03902-520457', '11-24-486-03902-520473']",3,,
11-24-486-03902-520484,"['11-24-486-03902-520469', '11-24-486-03902-520491']",2,,
11-24-486-03902-520485,['11-24-486-03902-520466'],1,,
11-24-486-03902-520486,"['11-24-486-03903-520620', '11-24-486-03902-520487']",2,,
11-24-486-03902-520487,"['11-24-486-03902-520486', '11-24-486-03903-520620']",2,,
11-24-486-03902-520488,['11-24-486-03902-520500'],1,,
11-24-486-03902-520490,"['11-24-486-03902-520492', '11-24-486-03902-520491', '11-24-486-03902-520493']",3,,
11-24-486-03902-520491,"['11-24-486-03902-520493', '11-24-486-03902-520469', '11-24-486-03902-520490', '11-24-486-03902-520484', '11-24-486-03902-520492']",5,,
11-24-486-03902-520492,"['11-24-486-03902-520491', '11-24-486-03902-520490', '11-24-486-03902-520493']",3,,
11-24-486-03902-520493,"['11-24-486-03902-520492', '11-24-486-03902-520491', '11-24-486-03902-520490']",3,,
11-24-486-03902-520494,"['11-24-486-03902-520479', '11-24-486-03902-520496', '11-24-486-03902-520495']",3,,
11-24-486-03902-520495,"['11-24-486-03902-520479', '11-24-486-03902-520494', '11-24-486-03902-520496']",3,,
11-24-486-03902-520496,"['11-24-486-03902-520479', '11-24-486-03902-520494', '11-24-486-03902-520495']",3,,
11-24-486-03902-520500,"['11-24-486-03902-520501', '11-24-486-03902-520488']",2,,
11-24-486-03902-520501,['11-24-486-03902-520500'],1,,
11-24-486-03903-520521,"['11-24-486-03903-520522', '11-24-486-03903-520524']",2,,
11-24-486-03903-520522,"['11-24-486-03903-520524', '11-24-486-03903-520521']",2,,
11-24-486-03903-520524,"['11-24-486-03903-520522', '11-24-486-03903-520521']",2,,
11-24-486-03903-520552,['11-24-486-03903-520583'],1,,
11-24-486-03903-520556,"['11-24-486-03903-520580', '11-24-486-03903-520591', '11-24-486-03903-520590', '11-24-486-03903-520579']",4,,
11-24-486-03903-520570,"['11-24-486-03903-520603', '11-24-487-03910-521364']",2,,
11-24-486-03903-520579,"['11-24-486-03903-520580', '11-24-486-03903-520591', '11-24-486-03903-520590', '11-24-486-03903-520556']",4,,
11-24-486-03903-520580,"['11-24-486-03903-520591', '11-24-486-03903-520590', '11-24-486-03903-520579', '11-24-486-03903-520556']",4,,
11-24-486-03903-520583,['11-24-486-03903-520552'],1,,
11-24-486-03903-520584,"['11-24-486-03903-520618', '11-24-486-03903-520621', '11-24-486-03903-520586', '11-24-486-03903-520585']",4,,
11-24-486-03903-520585,"['11-24-486-03903-520618', '11-24-486-03903-520621', '11-24-486-03903-520584', '11-24-486-03903-520586']",4,,
11-24-486-03903-520586,"['11-24-486-03903-520618', '11-24-486-03903-520621', '11-24-486-03903-520584', '11-24-486-03903-520585']",4,,
11-24-486-03903-520589,"['11-24-486-03903-520591', '11-24-486-03903-520590']",2,,
11-24-486-03903-520590,"['11-24-486-03903-520614', '11-24-486-03903-520650', '11-24-486-03903-520641', '11-24-486-03903-520579', '11-24-486-03903-520580', '11-24-486-03903-520623', '11-24-486-03903-520589', '11-24-486-03903-520556', '11-24-486-03903-520672', '11-24-486-03903-520591', '11-24-486-03903-520642', '11-24-486-03903-520615']",12,"['1631.0', '706.0', '337.0', '619.0', '540.0', '326.0', '1013.0', '141.0', '246.0', '871.0', '935.0', '840.0']",0.0
11-24-486-03903-520591,"['11-24-486-03903-520614', '11-24-486-03903-520650', '11-24-486-03903-520641', '11-24-486-03903-520579', '11-24-486-03903-520642', '11-24-486-03903-520580', '11-24-486-03903-520623', '11-24-486-03903-520589', '11-24-486-03903-520556', '11-24-486-03903-520672', '11-24-486-03903-520590', '11-24-486-03903-520615']",12,,
11-24-486-03903-520601,[],0,,
11-24-486-03903-520603,"['11-24-487-03910-521364', '11-24-486-03903-520570']",2,,
11-24-486-03903-520614,"['11-24-486-03903-520650', '11-24-486-03903-520641', '11-24-486-03903-520642', '11-24-486-03903-520623', '11-24-486-03903-520672', '11-24-486-03903-520591', '11-24-486-03903-520590', '11-24-486-03903-520615']",8,,
11-24-486-03903-520615,"['11-24-486-03903-520614', '11-24-486-03903-520650', '11-24-486-03903-520641', '11-24-486-03903-520642', '11-24-486-03903-520623', '11-24-486-03903-520672', '11-24-486-03903-520591', '11-24-486-03903-520590']",8,,
11-24-486-03903-520618,"['11-24-486-03903-520621', '11-24-486-03903-520584', '11-24-486-03903-520586', '11-24-486-03903-520585']",4,,
11-24-486-03903-520620,"['11-24-486-03902-520486', '11-24-486-03902-520487']",2,,
11-24-486-03903-520621,"['11-24-486-03903-520618', '11-24-486-03903-520584', '11-24-486-03903-520586', '11-24-486-03903-520585']",4,,
11-24-486-03903-520623,"['11-24-486-03903-520614', '11-24-486-03903-520650', '11-24-486-03903-520641', '11-24-486-03903-520642', '11-24-486-03903-520672', '11-24-486-03903-520591', '11-24-486-03903-520590', '11-24-486-03903-520615']",8,,
11-24-486-03903-520629,"['11-24-486-03903-520631', '11-24-486-03903-520630', '11-24-486-03903-520659', '11-24-486-03903-520660']",4,,
11-24-486-03903-520630,"['11-24-486-03903-520629', '11-24-486-03903-520631']",2,,
11-24-486-03903-520631,"['11-24-486-03903-520629', '11-24-486-03903-520630']",2,,
11-24-486-03903-520635,"['11-24-486-03903-520666', '11-24-486-03903-520656', '11-24-486-03903-520636']",3,,
11-24-486-03903-520636,"['11-24-486-03903-520666', '11-24-486-03903-520635', '11-24-486-03903-520656']",3,,
11-24-486-03903-520640,"['11-24-486-03903-520653', '11-24-486-03903-520656', '11-24-486-03903-520652', '11-24-486-03903-520669', '11-24-486-03903-520654', '11-24-486-03903-520655']",6,,
11-24-486-03903-520641,"['11-24-486-03903-520614', '11-24-486-03903-520650', '11-24-486-03903-520642', '11-24-486-03903-520623', '11-24-486-03903-520672', '11-24-486-03903-520591', '11-24-486-03903-520590', '11-24-486-03903-520615']",8,,
11-24-486-03903-520642,"['11-24-486-03903-520614', '11-24-486-03903-520650', '11-24-486-03903-520641', '11-24-486-03903-520623', '11-24-486-03903-520672', '11-24-486-03903-520591', '11-24-486-03903-520590', '11-24-486-03903-520615']",8,,
11-24-486-03903-520650,"['11-24-486-03903-520614', '11-24-486-03903-520641', '11-24-486-03903-520642', '11-24-486-03903-520623', '11-24-486-03903-520672', '11-24-486-03903-520591', '11-24-486-03903-520590', '11-24-486-03903-520615']",8,,
11-24-486-03903-520652,"['11-24-486-03903-520653', '11-24-486-03903-520656', '11-24-486-03903-520669', '11-24-486-03903-520640', '11-24-486-03903-520654', '11-24-486-03903-520655']",6,,
11-24-486-03903-520653,"['11-24-486-03903-520656', '11-24-486-03903-520652', '11-24-486-03903-520669', '11-24-486-03903-520640', '11-24-486-03903-520654', '11-24-486-03903-520655']",6,,
11-24-486-03903-520654,"['11-24-486-03903-520653', '11-24-486-03903-520656', '11-24-486-03903-520652', '11-24-486-03903-520669', '11-24-486-03903-520640', '11-24-486-03903-520655']",6,,
11-24-486-03903-520655,"['11-24-486-03903-520656', '11-24-486-03903-520653', '11-24-486-03903-520652', '11-24-486-03903-520669', '11-24-486-03903-520640', '11-24-486-03903-520654']",6,,
11-24-486-03903-520656,"['11-24-486-03903-520635', '11-24-486-03903-520653', '11-24-486-03903-520652', '11-24-486-03903-520669', '11-24-486-03903-520666', '11-24-486-03903-520640', '11-24-486-03903-520636', '11-24-486-03903-520654', '11-24-486-03903-520655']",9,,
11-24-486-03903-520659,"['11-24-486-03903-520629', '11-24-486-03903-520660']",2,,
11-24-486-03903-520660,"['11-24-486-03903-520629', '11-24-486-03903-520688', '11-24-486-03903-520662', '11-24-486-03903-520659', '11-24-486-03903-520661', '11-24-486-03903-520689']",6,,
11-24-486-03903-520661,"['11-24-486-03903-520688', '11-24-486-03903-520662', '11-24-486-03903-520660', '11-24-486-03903-520689']",4,,
11-24-486-03903-520662,"['11-24-486-03903-520661', '11-24-486-03903-520688', '11-24-486-03903-520660', '11-24-486-03903-520689']",4,,
11-24-486-03903-520666,"['11-24-486-03903-520635', '11-24-486-03903-520656', '11-24-486-03903-520636']",3,,
11-24-486-03903-520669,"['11-24-486-03903-520653', '11-24-486-03903-520656', '11-24-486-03903-520652', '11-24-486-03903-520640', '11-24-486-03903-520654', '11-24-486-03903-520655']",6,,
11-24-486-03903-520672,"['11-24-486-03903-520614', '11-24-486-03903-520650', '11-24-486-03903-520641', '11-24-486-03903-520642', '11-24-486-03903-520623', '11-24-486-03903-520591', '11-24-486-03903-520590', '11-24-486-03903-520615']",8,,
11-24-486-03903-520675,"['11-24-486-03903-520680', '11-24-486-03903-520679']",2,,
11-24-486-03903-520679,"['11-24-486-03903-520680', '11-24-486-03903-520675']",2,,
11-24-486-03903-520680,"['11-24-486-03903-520679', '11-24-486-03903-520675']",2,,
11-24-486-03903-520688,"['11-24-486-03903-520661', '11-24-486-03903-520662', '11-24-486-03903-520660', '11-24-486-03903-520689']",4,,
11-24-486-03903-520689,"['11-24-486-03903-520661', '11-24-486-03903-520688', '11-24-486-03903-520662', '11-24-486-03903-520660']",4,,
11-24-486-03903-520693,"['11-24-487-03910-521406', '11-24-487-03910-521405']",2,,
11-24-486-03903-520707,"['11-24-486-03903-520716', '11-24-486-03903-520708']",2,,
11-24-486-03903-520708,"['11-24-486-03903-520707', '11-24-486-03903-520716']",2,,
11-24-486-03903-520716,"['11-24-486-03903-520707', '11-24-486-03903-520708']",2,"['466.0', '1109.0']",0.0
11-24-486-03904-520734,"['11-24-486-03904-520737', '11-24-486-03904-520738', '11-24-486-03904-520735', '11-24-486-03904-520736']",4,,
11-24-486-03904-520735,"['11-24-486-03904-520737', '11-24-486-03904-520734', '11-24-486-03904-520738', '11-24-486-03904-520736']",4,,
11-24-486-03904-520736,"['11-24-486-03904-520738', '11-24-486-03904-520734', '11-24-486-03904-520735', '11-24-486-03904-520737']",4,,
11-24-486-03904-520737,"['11-24-484-03889-518973', '11-24-486-03904-520735', '11-24-486-03904-520736', '11-24-486-03904-520738', '11-24-484-03889-518968', '11-24-484-03889-518974', '11-24-484-03889-518975', '11-24-486-03904-520734']",8,,
11-24-486-03904-520738,"['11-24-486-03904-520737', '11-24-486-03904-520734', '11-24-486-03904-520735', '11-24-486-03904-520736']",4,,
11-24-486-03904-520749,[],0,,
11-24-486-03904-520767,"['11-24-486-03904-520786', '11-24-486-03904-520785']",2,,
11-24-486-03904-520770,[],0,,
11-24-486-03904-520785,"['11-24-486-03904-520767', '11-24-486-03904-520786']",2,,
11-24-486-03904-520786,"['11-24-486-03904-520767', '11-24-486-03904-520785']",2,,
11-24-486-03904-520801,[],0,,
11-24-486-03904-520809,"['11-24-486-03904-520819', '11-24-486-03904-520815', '11-24-486-03904-520817', '11-24-486-03904-520816']",4,,
11-24-486-03904-520815,"['11-24-486-03904-520809', '11-24-486-03904-520817', '11-24-486-03904-520816', '11-24-486-03904-520819']",4,,
11-24-486-03904-520816,"['11-24-486-03904-520809', '11-24-486-03904-520815', '11-24-486-03904-520817', '11-24-486-03904-520819']",4,,
11-24-486-03904-520817,"['11-24-486-03904-520809', '11-24-486-03904-520815', '11-24-486-03904-520819', '11-24-486-03904-520816']",4,,
11-24-486-03904-520819,"['11-24-486-03904-520809', '11-24-486-03904-520815', '11-24-486-03904-520817', '11-24-486-03904-520816']",4,,
11-24-486-03904-520851,"['11-24-486-03904-520881', '11-24-486-03904-520880']",2,,
11-24-486-03904-520865,"['11-24-486-03904-520868', '11-24-486-03904-520869']",2,,
11-24-486-03904-520868,"['11-24-486-03904-520865', '11-24-486-03904-520869']",2,,
11-24-486-03904-520869,"['11-24-486-03904-520868', '11-24-486-03904-520865']",2,,
11-24-486-03904-520880,"['11-24-486-03904-520851', '11-24-486-03904-520881']",2,,
11-24-486-03904-520881,"['11-24-486-03904-520851', '11-24-486-03904-520882', '11-24-486-03904-520880']",3,,
11-24-486-03904-520882,['11-24-486-03904-520881'],1,,
11-24-486-03905-520957,"['11-24-486-03905-520980', '11-24-486-03905-520991', '11-24-486-03905-520981', '11-24-486-03905-520974']",4,,
11-24-486-03905-520961,['11-24-486-03905-520970'],1,,
11-24-486-03905-520970,['11-24-486-03905-520961'],1,,
11-24-486-03905-520974,"['11-24-486-03905-520957', '11-24-486-03905-520980', '11-24-486-03905-520991', '11-24-486-03905-520981']",4,,
11-24-486-03905-520980,"['11-24-486-03905-520957', '11-24-486-03905-520991', '11-24-486-03905-520981', '11-24-486-03905-520974']",4,,
11-24-486-03905-520981,"['11-24-486-03905-520957', '11-24-486-03905-520980', '11-24-486-03905-520991', '11-24-486-03905-520974']",4,,
11-24-486-03905-520989,['11-24-486-03905-520990'],1,,
11-24-486-03905-520990,['11-24-486-03905-520989'],1,,
11-24-486-03905-520991,"['11-24-486-03905-520957', '11-24-486-03905-520980', '11-24-486-03905-520981', '11-24-486-03905-520974']",4,,
11-24-486-03905-520995,['11-24-486-03905-521017'],1,,
11-24-486-03905-521016,['11-24-486-03905-521017'],1,,
11-24-486-03905-521017,"['11-24-486-03905-521016', '11-24-486-03905-520995']",2,,
11-24-486-03905-521021,['11-24-486-03905-521027'],1,,
11-24-486-03905-521022,['11-24-486-03905-521023'],1,,
11-24-486-03905-521023,['11-24-486-03905-521022'],1,,
11-24-486-03905-521027,['11-24-486-03905-521021'],1,,
11-24-486-03906-521038,"['11-24-486-03906-521047', '11-24-486-03906-521046']",2,,
11-24-486-03906-521046,"['11-24-486-03906-521047', '11-24-486-03906-521038']",2,,
11-24-486-03906-521047,"['11-24-486-03906-521046', '11-24-486-03906-521038']",2,,
11-24-486-03906-521048,[],0,,
11-24-486-03906-521049,['11-24-486-03906-521052'],1,,
11-24-486-03906-521052,['11-24-486-03906-521049'],1,,
11-24-486-03906-521058,['11-24-486-03906-521063'],1,,
11-24-486-03906-521063,['11-24-486-03906-521058'],1,,
11-24-486-03906-521096,[],0,,
11-24-486-03907-521159,"['11-24-486-03907-521172', '11-24-486-03907-521171']",2,,
11-24-486-03907-521170,"['11-24-486-03907-521185', '11-24-486-03907-521175', '11-24-486-03907-521186']",3,,
11-24-486-03907-521171,"['11-24-486-03907-521172', '11-24-486-03907-521159']",2,,
11-24-486-03907-521172,"['11-24-486-03907-521171', '11-24-486-03907-521159']",2,,
11-24-486-03907-521175,"['11-24-486-03907-521170', '11-24-486-03907-521186', '11-24-486-03907-521185']",3,,
11-24-486-03907-521185,"['11-24-486-03907-521170', '11-24-486-03907-521175', '11-24-486-03907-521186']",3,,
11-24-486-03907-521186,"['11-24-486-03907-521170', '11-24-486-03907-521175', '11-24-486-03907-521185']",3,,
11-24-487-03909-521264,"['11-24-487-03909-521283', '11-24-487-03909-521274']",2,,
11-24-487-03909-521266,['11-24-487-03909-521272'],1,['1132.0'],0.0
11-24-487-03909-521268,['11-24-487-03909-521270'],1,['677.0'],0.0
11-24-487-03909-521270,['11-24-487-03909-521268'],1,,
11-24-487-03909-521272,['11-24-487-03909-521266'],1,,
11-24-487-03909-521274,"['11-24-487-03909-521264', '11-24-487-03909-521283']",2,,
11-24-487-03909-521283,"['11-24-487-03909-521264', '11-24-487-03909-521274']",2,"['962.0', '591.0']",0.0
11-24-487-03909-521294,['11-24-487-03909-521304'],1,,
11-24-487-03909-521304,['11-24-487-03909-521294'],1,,
11-24-487-03909-521328,[],0,,
11-24-487-03909-521335,"['11-24-487-03909-521338', '11-24-487-03909-521340', '11-24-487-03909-521343', '11-24-487-03909-521337', '11-24-487-03909-521339']",5,,
11-24-487-03909-521337,"['11-24-487-03909-521338', '11-24-487-03909-521340', '11-24-487-03909-521335', '11-24-487-03909-521343', '11-24-487-03909-521339']",5,,
11-24-487-03909-521338,"['11-24-487-03909-521340', '11-24-487-03909-521335', '11-24-487-03909-521343', '11-24-487-03909-521339', '11-24-487-03909-521337']",5,,
11-24-487-03909-521339,"['11-24-487-03909-521338', '11-24-487-03909-521340', '11-24-487-03909-521335', '11-24-487-03909-521343', '11-24-487-03909-521337', '11-24-487-03909-521344']",6,"['925.0', '264.0', '938.0', '1223.0', '515.0', '346.0']",0.0
11-24-487-03909-521340,"['11-24-487-03909-521338', '11-24-487-03909-521335', '11-24-487-03909-521343', '11-24-487-03909-521339', '11-24-487-03909-521337']",5,,
11-24-487-03909-521342,[],0,,
11-24-487-03909-521343,"['11-24-487-03909-521338', '11-24-487-03909-521340', '11-24-487-03909-521335', '11-24-487-03909-521339', '11-24-487-03909-521337', '11-24-487-03909-521344']",6,,
11-24-487-03909-521344,"['11-24-487-03909-521339', '11-24-487-03909-521343']",2,,
11-24-487-03910-521364,"['11-24-486-03903-520603', '11-24-486-03903-520570']",2,,
11-24-487-03910-521404,"['11-24-487-03910-521407', '11-24-487-03910-521408']",2,,
11-24-487-03910-521405,"['11-24-486-03903-520693', '11-24-487-03910-521406']",2,"['654.0', '1553.0']",0.0
11-24-487-03910-521406,"['11-24-486-03903-520693', '11-24-487-03910-521405']",2,,
11-24-487-03910-521407,"['11-24-487-03910-521408', '11-24-487-03910-521404']",2,,
11-24-487-03910-521408,"['11-24-487-03910-521407', '11-24-487-03910-521404']",2,,
11-24-487-03910-521409,"['11-24-487-03910-521411', '11-24-487-03910-521410']",2,"['536.0', '2248.0']",0.0
11-24-487-03910-521410,"['11-24-487-03910-521411', '11-24-487-03910-521409']",2,,
11-24-487-03910-521411,"['11-24-487-03910-521410', '11-24-487-03910-521409']",2,,
11-24-487-03910-521413,"['11-24-487-03910-521453', '11-24-487-03910-521452']",2,"['950.0', '1042.0']",0.0
11-24-487-03910-521415,"['11-24-487-03910-521416', '11-24-487-03910-521417']",2,,
11-24-487-03910-521416,"['11-24-487-03910-521417', '11-24-487-03910-521415']",2,,
11-24-487-03910-521417,"['11-24-487-03910-521416', '11-24-487-03910-521415']",2,"['1359.0', '2452.0']",0.0
11-24-487-03910-521452,"['11-24-487-03910-521453', '11-24-487-03910-521413']",2,,
11-24-487-03910-521453,"['11-24-487-03910-521452', '11-24-487-03910-521413']",2,,
11-24-487-03910-521459,"['11-24-487-03910-521460', '11-24-487-03910-521462', '11-24-487-03910-521463']",3,,
11-24-487-03910-521460,"['11-24-487-03910-521462', '11-24-487-03910-521463', '11-24-487-03910-521459']",3,"['914.0', '808.0', '723.0']",0.0
11-24-487-03910-521462,"['11-24-487-03910-521460', '11-24-487-03910-521463', '11-24-487-03910-521459']",3,,
11-24-487-03910-521463,"['11-24-487-03910-521460', '11-24-487-03910-521462', '11-24-487-03910-521459']",3,"['1920.0', '914.0', '723.0']",0.0
11-24-487-03910-521470,['11-24-487-03910-521472'],1,,
11-24-487-03910-521472,['11-24-487-03910-521470'],1,,
11-24-487-03910-521493,"['11-24-487-03910-521494', '11-24-487-03910-521510']",2,,
11-24-487-03910-521494,['11-24-487-03910-521493'],1,,
11-24-487-03910-521510,['11-24-487-03910-521493'],1,['149.0'],0.0
11-24-487-03910-521526,['11-24-487-03910-521527'],1,['345.0'],0.0
11-24-487-03910-521527,['11-24-487-03910-521526'],1,,
11-24-487-03910-521537,"['11-24-487-03910-521539', '11-24-487-03910-521538']",2,"['983.0', '605.0']",0.0
11-24-487-03910-521538,"['11-24-487-03910-521537', '11-24-487-03910-521539']",2,"['951.0', '983.0']",0.0
11-24-487-03910-521539,"['11-24-487-03910-521537', '11-24-487-03910-521538']",2,,
11-24-487-03910-521543,"['11-24-488-03917-522271', '11-24-487-03910-521545', '11-24-487-03910-521544']",3,"['963.0', '1261.0', '778.0']",0.0
11-24-487-03910-521544,"['11-24-488-03917-522271', '11-24-487-03910-521545', '11-24-487-03910-521543']",3,"['963.0', '1261.0', '1479.0']",0.0
11-24-487-03910-521545,"['11-24-488-03917-522271', '11-24-487-03910-521544', '11-24-487-03910-521543']",3,"['963.0', '778.0', '1479.0']",0.0
11-24-487-03910-521553,"['11-24-487-03911-521559', '11-24-487-03911-521575', '11-24-487-03910-521554']",3,,
11-24-487-03910-521554,"['11-24-487-03911-521559', '11-24-487-03910-521553', '11-24-487-03911-521575']",3,,
11-24-487-03911-521559,"['11-24-487-03911-521575', '11-24-487-03910-521553', '11-24-487-03910-521554']",3,,
11-24-487-03911-521571,['11-24-487-03911-521741'],1,,
11-24-487-03911-521575,"['11-24-487-03911-521599', '11-24-487-03911-521600', '11-24-487-03911-521559', '11-24-487-03910-521553', '11-24-487-03910-521554', '11-24-487-03911-521740']",6,"['1770.0', '1479.0', '1232.0', '201.0', '281.0', '188.0']",0.0
11-24-487-03911-521591,['11-24-487-03911-521618'],1,,
11-24-487-03911-521599,"['11-24-487-03911-521600', '11-24-487-03911-521740', '11-24-487-03911-521575']",3,,
11-24-487-03911-521600,"['11-24-487-03911-521740', '11-24-487-03911-521575', '11-24-487-03911-521599']",3,"['188.0', '714.0', '1770.0']",0.0
11-24-487-03911-521602,[],0,,
11-24-487-03911-521605,"['11-24-487-03911-521631', '11-24-487-03911-521607', '11-24-487-03911-521606', '11-24-487-03911-521630', '11-24-487-03911-521634', '11-24-487-03911-521632', '11-24-487-03911-521629']",7,,
11-24-487-03911-521606,"['11-24-487-03911-521631', '11-24-487-03911-521607', '11-24-487-03911-521630', '11-24-487-03911-521634', '11-24-487-03911-521605', '11-24-487-03911-521632', '11-24-487-03911-521629']",7,,
11-24-487-03911-521607,"['11-24-487-03911-521631', '11-24-487-03911-521606', '11-24-487-03911-521630', '11-24-487-03911-521634', '11-24-487-03911-521605', '11-24-487-03911-521632', '11-24-487-03911-521629']",7,"['318.0', '570.0', '1332.0', '368.0', '2179.0', '2141.0', '611.0']",0.0
11-24-487-03911-521612,"['11-24-487-03911-521756', '11-24-487-03911-521613', '11-24-487-03911-521769']",3,,
11-24-487-03911-521613,"['11-24-487-03911-521756', '11-24-487-03911-521612', '11-24-487-03911-521623', '11-24-487-03911-521769']",4,"['328.0', '1066.0', '1998.0', nan]",0.0
11-24-487-03911-521617,['11-24-487-03911-521747'],1,,
11-24-487-03911-521618,['11-24-487-03911-521591'],1,['2066.0'],0.0
11-24-487-03911-521623,"['11-24-487-03911-521756', '11-24-487-03911-521613']",2,,
11-24-487-03911-521629,"['11-24-487-03911-521631', '11-24-487-03911-521607', '11-24-487-03911-521606', '11-24-487-03911-521630', '11-24-487-03911-521634', '11-24-487-03911-521605', '11-24-487-03911-521632']",7,,
11-24-487-03911-521630,"['11-24-487-03911-521631', '11-24-487-03911-521607', '11-24-487-03911-521606', '11-24-487-03911-521634', '11-24-487-03911-521605', '11-24-487-03911-521632', '11-24-487-03911-521629']",7,,
11-24-487-03911-521631,"['11-24-487-03911-521607', '11-24-487-03911-521606', '11-24-487-03911-521630', '11-24-487-03911-521634', '11-24-487-03911-521605', '11-24-487-03911-521632', '11-24-487-03911-521629']",7,,
11-24-487-03911-521632,"['11-24-487-03911-521631', '11-24-487-03911-521607', '11-24-487-03911-521606', '11-24-487-03911-521630', '11-24-487-03911-521634', '11-24-487-03911-521605', '11-24-487-03911-521629']",7,,
11-24-487-03911-521634,"['11-24-487-03911-521631', '11-24-487-03911-521607', '11-24-487-03911-521606', '11-24-487-03911-521630', '11-24-487-03911-521605', '11-24-487-03911-521632', '11-24-487-03911-521629']",7,,
11-24-487-03911-521650,"['11-24-487-03911-521687', '11-24-487-03911-521711', '11-24-487-03911-521651', '11-24-487-03911-521766', '11-24-487-03911-521679', '11-24-487-03911-521680', '11-24-487-03911-521681']",7,,
11-24-487-03911-521651,"['11-24-487-03911-521687', '11-24-487-03911-521711', '11-24-487-03911-521766', '11-24-487-03911-521650', '11-24-487-03911-521679', '11-24-487-03911-521680', '11-24-487-03911-521681']",7,,
11-24-487-03911-521663,['11-24-487-03911-521664'],1,,
11-24-487-03911-521664,['11-24-487-03911-521663'],1,['1790.0'],0.0
11-24-487-03911-521665,"['11-24-487-03911-521669', '11-24-487-03911-521666', '11-24-487-03911-521667', '11-24-487-03911-521668', '11-24-487-03911-521699', '11-24-487-03911-521700']",6,,
11-24-487-03911-521666,"['11-24-487-03911-521669', '11-24-487-03911-521665', '11-24-487-03911-521667', '11-24-487-03911-521760', '11-24-487-03911-521668', '11-24-487-03911-521699', '11-24-487-03911-521700']",7,,
11-24-487-03911-521667,"['11-24-487-03911-521669', '11-24-487-03911-521665', '11-24-487-03911-521666', '11-24-487-03911-521668', '11-24-487-03911-521699', '11-24-487-03911-521700']",6,,
11-24-487-03911-521668,"['11-24-487-03911-521669', '11-24-487-03911-521665', '11-24-487-03911-521666', '11-24-487-03911-521667', '11-24-487-03911-521699', '11-24-487-03911-521700']",6,,
11-24-487-03911-521669,"['11-24-487-03911-521665', '11-24-487-03911-521666', '11-24-487-03911-521667', '11-24-487-03911-521668', '11-24-487-03911-521699', '11-24-487-03911-521700']",6,"['2847.0', '433.0', '1862.0', '240.0', '819.0', '841.0']",1.0
11-24-487-03911-521679,"['11-24-487-03911-521687', '11-24-487-03911-521711', '11-24-487-03911-521651', '11-24-487-03911-521766', '11-24-487-03911-521650', '11-24-487-03911-521680', '11-24-487-03911-521681']",7,,
11-24-487-03911-521680,"['11-24-487-03911-521687', '11-24-487-03911-521711', '11-24-487-03911-521651', '11-24-487-03911-521766', '11-24-487-03911-521650', '11-24-487-03911-521679', '11-24-487-03911-521681']",7,,
11-24-487-03911-521681,"['11-24-487-03911-521687', '11-24-487-03911-521711', '11-24-487-03911-521651', '11-24-487-03911-521650', '11-24-487-03911-521679', '11-24-487-03911-521680', '11-24-487-03911-521766']",7,,
11-24-487-03911-521687,"['11-24-487-03911-521711', '11-24-487-03911-521651', '11-24-487-03911-521766', '11-24-487-03911-521650', '11-24-487-03911-521679', '11-24-487-03911-521680', '11-24-487-03911-521681']",7,,
11-24-487-03911-521695,"['11-24-487-03911-521699', '11-24-487-03911-521696', '11-24-487-03911-521697', '11-24-487-03911-521706']",4,,
11-24-487-03911-521696,"['11-24-487-03911-521699', '11-24-487-03911-521697', '11-24-487-03911-521695', '11-24-487-03911-521706']",4,"['819.0', '536.0', '1998.0', '1148.0']",0.0
11-24-487-03911-521697,"['11-24-487-03911-521699', '11-24-487-03911-521696', '11-24-487-03911-521706', '11-24-487-03911-521695']",4,,
11-24-487-03911-521699,"['11-24-487-03911-521669', '11-24-487-03911-521697', '11-24-487-03911-521706', '11-24-487-03911-521695', '11-24-487-03911-521665', '11-24-487-03911-521666', '11-24-487-03911-521667', '11-24-487-03911-521696', '11-24-487-03911-521668', '11-24-487-03911-521700']",10,,
11-24-487-03911-521700,"['11-24-487-03911-521669', '11-24-487-03911-521665', '11-24-487-03911-521666', '11-24-487-03911-521667', '11-24-487-03911-521668', '11-24-487-03911-521699']",6,,
11-24-487-03911-521706,"['11-24-487-03911-521697', '11-24-487-03911-521695', '11-24-487-03911-521717', '11-24-487-03911-521696', '11-24-487-03911-521722', '11-24-487-03911-521699']",6,"['536.0', '1998.0', '669.0', '1758.0', '621.0', '819.0']",0.0
11-24-487-03911-521709,"['11-24-487-03911-521727', '11-24-487-03911-521714', '11-24-487-03911-521715', '11-24-487-03911-521724', '11-24-487-03911-521713', '11-24-487-03911-521716']",6,,
11-24-487-03911-521711,"['11-24-487-03911-521687', '11-24-487-03911-521651', '11-24-487-03911-521766', '11-24-487-03911-521650', '11-24-487-03911-521679', '11-24-487-03911-521680', '11-24-487-03911-521681']",7,,
11-24-487-03911-521713,"['11-24-487-03911-521714', '11-24-487-03911-521715', '11-24-487-03911-521724', '11-24-487-03911-521709', '11-24-487-03911-521716']",5,,
11-24-487-03911-521714,"['11-24-487-03911-521715', '11-24-487-03911-521724', '11-24-487-03911-521709', '11-24-487-03911-521713', '11-24-487-03911-521716']",5,,
11-24-487-03911-521715,"['11-24-487-03911-521714', '11-24-487-03911-521724', '11-24-487-03911-521709', '11-24-487-03911-521713', '11-24-487-03911-521716']",5,"['912.0', '287.0', '3921.0', '666.0', '1083.0']",1.0
11-24-487-03911-521716,"['11-24-487-03911-521714', '11-24-487-03911-521715', '11-24-487-03911-521724', '11-24-487-03911-521709', '11-24-487-03911-521713']",5,"['912.0', '1483.0', '287.0', '3921.0', '666.0']",1.0
11-24-487-03911-521717,"['11-24-487-03911-521706', '11-24-487-03911-521722']",2,,
11-24-487-03911-521722,"['11-24-487-03911-521717', '11-24-487-03911-521706']",2,,
11-24-487-03911-521724,"['11-24-487-03911-521714', '11-24-487-03911-521715', '11-24-487-03911-521709', '11-24-487-03911-521713', '11-24-487-03911-521716']",5,,
11-24-487-03911-521727,['11-24-487-03911-521709'],1,,
11-24-487-03911-521740,"['11-24-487-03911-521600', '11-24-487-03911-521575', '11-24-487-03911-521599']",3,,
11-24-487-03911-521741,['11-24-487-03911-521571'],1,,
11-24-487-03911-521747,['11-24-487-03911-521617'],1,,
11-24-487-03911-521756,"['11-24-487-03911-521613', '11-24-487-03911-521612', '11-24-487-03911-521623']",3,,
11-24-487-03911-521760,['11-24-487-03911-521666'],1,,
11-24-487-03911-521766,"['11-24-487-03911-521687', '11-24-487-03911-521711', '11-24-487-03911-521651', '11-24-487-03911-521650', '11-24-487-03911-521679', '11-24-487-03911-521680', '11-24-487-03911-521681']",7,,
11-24-487-03911-521767,"['11-24-492-03934-523907', '11-24-492-03934-523909', '11-24-492-03934-523932', '11-24-492-03934-523937', '11-24-492-03934-523929', '11-24-492-03934-523908', '11-24-492-03934-523930']",7,,
11-24-487-03911-521769,"['11-24-487-03911-521613', '11-24-487-03911-521612']",2,,
11-24-487-03912-521787,[],0,,
11-24-487-03912-521790,"['11-24-487-03912-521800', '11-24-487-03912-521791', '11-24-487-03912-521799', '11-24-487-03912-521792']",4,"['182.0', '1328.0', '1027.0', '575.0']",0.0
11-24-487-03912-521791,"['11-24-487-03912-521790', '11-24-487-03912-521792']",2,,
11-24-487-03912-521792,"['11-24-487-03912-521790', '11-24-487-03912-521791']",2,,
11-24-487-03912-521799,"['11-24-487-03912-521790', '11-24-487-03912-521800']",2,"['1653.0', '182.0']",0.0
11-24-487-03912-521800,"['11-24-487-03912-521790', '11-24-487-03912-521799']",2,,
11-24-487-03912-521803,[],0,[nan],0.0
11-24-487-03912-521815,"['11-24-487-03912-521826', '11-24-487-03912-521825']",2,,
11-24-487-03912-521825,"['11-24-487-03912-521815', '11-24-487-03912-521826']",2,"['993.0', '1654.0']",0.0
11-24-487-03912-521826,"['11-24-487-03912-521815', '11-24-487-03912-521825']",2,"['993.0', '903.0']",0.0
11-24-487-03912-521841,"['11-24-487-03912-521855', '11-24-487-03912-521852']",2,,
11-24-487-03912-521851,"['11-24-487-03912-521862', '11-24-487-03912-521863', '11-24-487-03912-521861']",3,,
11-24-487-03912-521852,"['11-24-487-03912-521855', '11-24-487-03912-521841']",2,"['1221.0', '184.0']",0.0
11-24-487-03912-521855,"['11-24-487-03912-521857', '11-24-487-03912-521841', '11-24-487-03912-521856', '11-24-487-03912-521852']",4,"['1028.0', '184.0', '551.0', '352.0']",0.0
11-24-487-03912-521856,"['11-24-487-03912-521857', '11-24-487-03912-521855']",2,,
11-24-487-03912-521857,"['11-24-487-03912-521856', '11-24-487-03912-521855']",2,,
11-24-487-03912-521861,"['11-24-487-03912-521863', '11-24-487-03912-521862', '11-24-487-03912-521851']",3,,
11-24-487-03912-521862,"['11-24-487-03912-521863', '11-24-487-03912-521861', '11-24-487-03912-521851']",3,,
11-24-487-03912-521863,"['11-24-487-03912-521862', '11-24-487-03912-521861', '11-24-487-03912-521851']",3,,
11-24-488-03913-521869,['11-24-488-03913-521871'],1,['10428.0'],1.0
11-24-488-03913-521871,"['11-24-488-03913-521896', '11-24-488-03913-521887', '11-24-488-03913-521869', '11-24-488-03913-521894', '11-24-488-03913-521911', '11-24-488-03913-521889', '11-24-488-03913-521888']",7,,
11-24-488-03913-521887,"['11-24-488-03913-521896', '11-24-488-03913-521894', '11-24-488-03913-521871', '11-24-488-03913-521911', '11-24-488-03913-521889', '11-24-488-03913-521888']",6,,
11-24-488-03913-521888,"['11-24-488-03913-521896', '11-24-488-03913-521887', '11-24-488-03913-521894', '11-24-488-03913-521871', '11-24-488-03913-521911', '11-24-488-03913-521889']",6,,
11-24-488-03913-521889,"['11-24-488-03913-521896', '11-24-488-03913-521887', '11-24-488-03913-521894', '11-24-488-03913-521871', '11-24-488-03913-521911', '11-24-488-03913-521888']",6,,
11-24-488-03913-521894,"['11-24-488-03913-521896', '11-24-488-03913-521887', '11-24-488-03913-521871', '11-24-488-03913-521911', '11-24-488-03913-521889', '11-24-488-03913-521888']",6,,
11-24-488-03913-521896,"['11-24-488-03913-521887', '11-24-488-03913-521894', '11-24-488-03913-521871', '11-24-488-03913-521911', '11-24-488-03913-521889', '11-24-488-03913-521888']",6,"['1521.0', '468.0', '10428.0', '2535.0', '873.0', '367.0']",2.0
11-24-488-03913-521899,"['11-24-488-03913-521900', '11-24-488-03913-521908']",2,"['991.0', '781.0']",0.0
11-24-488-03913-521900,"['11-24-488-03913-521899', '11-24-488-03913-521908']",2,"['1585.0', '781.0']",0.0
11-24-488-03913-521908,"['11-24-488-03913-521900', '11-24-488-03913-521899']",2,,
11-24-488-03913-521911,"['11-24-488-03913-521896', '11-24-488-03913-521887', '11-24-488-03913-521894', '11-24-488-03913-521871', '11-24-488-03913-521889', '11-24-488-03913-521888']",6,,
11-24-488-03913-521916,"['11-24-488-03913-521927', '11-24-488-03913-521937', '11-24-488-03913-521935', '11-24-488-03913-521938', '11-24-488-03913-521928', '11-24-488-03913-521929', '11-24-488-03913-521936']",7,"['281.0', '508.0', '429.0', '2203.0', '76.0', '345.0', '411.0']",0.0
11-24-488-03913-521927,"['11-24-488-03913-521937', '11-24-488-03913-521916', '11-24-488-03913-521935', '11-24-488-03913-521938', '11-24-488-03913-521928', '11-24-488-03913-521929', '11-24-488-03913-521936']",7,,
11-24-488-03913-521928,"['11-24-488-03913-521927', '11-24-488-03913-521937', '11-24-488-03913-521916', '11-24-488-03913-521935', '11-24-488-03913-521938', '11-24-488-03913-521929', '11-24-488-03913-521936']",7,,
11-24-488-03913-521929,"['11-24-488-03913-521927', '11-24-488-03913-521937', '11-24-488-03913-521916', '11-24-488-03913-521935', '11-24-488-03913-521938', '11-24-488-03913-521928', '11-24-488-03913-521936']",7,,
11-24-488-03913-521935,"['11-24-488-03913-521927', '11-24-488-03913-521937', '11-24-488-03913-521916', '11-24-488-03913-521938', '11-24-488-03913-521928', '11-24-488-03913-521929', '11-24-488-03913-521936']",7,,
11-24-488-03913-521936,"['11-24-488-03913-521927', '11-24-488-03913-521937', '11-24-488-03913-521916', '11-24-488-03913-521935', '11-24-488-03913-521938', '11-24-488-03913-521928', '11-24-488-03913-521929']",7,,
11-24-488-03913-521937,"['11-24-488-03913-521927', '11-24-488-03913-521916', '11-24-488-03913-521935', '11-24-488-03913-521938', '11-24-488-03913-521928', '11-24-488-03913-521929', '11-24-488-03913-521936']",7,,
11-24-488-03913-521938,"['11-24-488-03913-521927', '11-24-488-03913-521937', '11-24-488-03913-521916', '11-24-488-03913-521935', '11-24-488-03913-521928', '11-24-488-03913-521929', '11-24-488-03913-521936']",7,,
11-24-488-03914-521951,"['11-24-488-03914-521968', '11-24-488-03914-521956', '11-24-488-03914-521953', '11-24-488-03914-521952']",4,"['4296.0', '792.0', '993.0', '972.0']",1.0
11-24-488-03914-521952,"['11-24-488-03914-521968', '11-24-488-03914-521956', '11-24-488-03914-521953', '11-24-488-03914-521951']",4,"['4296.0', '792.0', '993.0', '1152.0']",1.0
11-24-488-03914-521953,"['11-24-488-03914-521968', '11-24-488-03914-521956', '11-24-488-03914-521951', '11-24-488-03914-521952']",4,"['4296.0', '792.0', '1152.0', '972.0']",1.0
11-24-488-03914-521956,"['11-24-488-03914-521968', '11-24-488-03914-521953', '11-24-488-03914-521951', '11-24-488-03914-521952']",4,"['4296.0', '993.0', '1152.0', '972.0']",1.0
11-24-488-03914-521959,['11-24-488-03914-802605'],1,[nan],0.0
11-24-488-03914-521960,[],0,[nan],0.0
11-24-488-03914-521966,"['11-24-488-03914-521989', '11-24-488-03914-521976', '11-24-488-03914-521979', '11-24-488-03914-521988', '11-24-488-03914-521968']",5,,
11-24-488-03914-521968,"['11-24-488-03914-521989', '11-24-488-03914-521976', '11-24-488-03914-521952', '11-24-488-03914-521956', '11-24-488-03914-521979', '11-24-488-03914-521988', '11-24-488-03914-521953', '11-24-488-03914-521951', '11-24-488-03914-521966']",9,,
11-24-488-03914-521976,"['11-24-488-03914-521989', '11-24-488-03914-521979', '11-24-488-03914-521988', '11-24-488-03914-521968', '11-24-488-03914-521966']",5,"['1841.0', '752.0', '2268.0', '4296.0', '851.0']",1.0
11-24-488-03914-521979,"['11-24-488-03914-521989', '11-24-488-03914-521976', '11-24-488-03914-521988', '11-24-488-03914-521968', '11-24-488-03914-521966']",5,"['1841.0', '771.0', '2268.0', '4296.0', '851.0']",1.0
11-24-488-03914-521981,['11-24-488-03914-521984'],1,,
11-24-488-03914-521984,['11-24-488-03914-521981'],1,,
11-24-488-03914-521988,"['11-24-488-03914-521989', '11-24-488-03914-521976', '11-24-488-03914-521979', '11-24-488-03914-521968', '11-24-488-03914-521966']",5,,
11-24-488-03914-521989,"['11-24-488-03914-521976', '11-24-488-03914-521979', '11-24-488-03914-521988', '11-24-488-03914-521968', '11-24-488-03914-521966']",5,"['771.0', '752.0', '2268.0', '4296.0', '851.0']",1.0
11-24-488-03914-802605,['11-24-488-03914-521959'],1,,
11-24-488-03915-522009,"['11-24-488-03915-522030', '11-24-488-03915-522029', '11-24-488-03915-522048']",3,,
11-24-488-03915-522014,['11-24-488-03915-522019'],1,['721.0'],0.0
11-24-488-03915-522018,"['11-24-488-03915-522037', '11-24-488-03915-522041', '11-24-488-03915-522054', '11-24-488-03915-522062', '11-24-488-03915-522064', '11-24-488-03915-522036', '11-24-488-03915-522040', '11-24-488-03915-522038', '11-24-488-03915-522055']",9,"['647.0', '729.0', '611.0', '1442.0', '1694.0', '692.0', '416.0', '1995.0', '367.0']",0.0
11-24-488-03915-522019,['11-24-488-03915-522014'],1,['543.0'],0.0
11-24-488-03915-522029,"['11-24-488-03915-522009', '11-24-488-03915-522030', '11-24-488-03915-522048']",3,,
11-24-488-03915-522030,"['11-24-488-03915-522009', '11-24-488-03915-522048', '11-24-488-03915-522029']",3,,
11-24-488-03915-522036,"['11-24-488-03915-522037', '11-24-488-03915-522041', '11-24-488-03915-522054', '11-24-488-03915-522062', '11-24-488-03915-522064', '11-24-488-03915-522018', '11-24-488-03915-522040', '11-24-488-03915-522038', '11-24-488-03915-522055']",9,,
11-24-488-03915-522037,"['11-24-488-03915-522041', '11-24-488-03915-522054', '11-24-488-03915-522062', '11-24-488-03915-522064', '11-24-488-03915-522018', '11-24-488-03915-522036', '11-24-488-03915-522040', '11-24-488-03915-522038', '11-24-488-03915-522055']",9,,
11-24-488-03915-522038,"['11-24-488-03915-522037', '11-24-488-03915-522041', '11-24-488-03915-522054', '11-24-488-03915-522062', '11-24-488-03915-522064', '11-24-488-03915-522018', '11-24-488-03915-522036', '11-24-488-03915-522040', '11-24-488-03915-522055']",9,,
11-24-488-03915-522040,"['11-24-488-03915-522037', '11-24-488-03915-522041', '11-24-488-03915-522054', '11-24-488-03915-522062', '11-24-488-03915-522064', '11-24-488-03915-522018', '11-24-488-03915-522036', '11-24-488-03915-522038', '11-24-488-03915-522055']",9,"['647.0', '729.0', '611.0', '1442.0', '1694.0', '890.0', '692.0', '1995.0', '367.0']",0.0
11-24-488-03915-522041,"['11-24-488-03915-522037', '11-24-488-03915-522054', '11-24-488-03915-522062', '11-24-488-03915-522064', '11-24-488-03915-522018', '11-24-488-03915-522036', '11-24-488-03915-522040', '11-24-488-03915-522038', '11-24-488-03915-522055']",9,,
11-24-488-03915-522042,['11-24-488-03915-522053'],1,['1150.0'],0.0
11-24-488-03915-522048,"['11-24-488-03915-522009', '11-24-488-03915-522030', '11-24-488-03915-522029']",3,"['7724.0', '1346.0', '443.0']",1.0
11-24-488-03915-522053,['11-24-488-03915-522042'],1,,
11-24-488-03915-522054,"['11-24-488-03915-522037', '11-24-488-03915-522041', '11-24-488-03915-522062', '11-24-488-03915-522064', '11-24-488-03915-522018', '11-24-488-03915-522036', '11-24-488-03915-522040', '11-24-488-03915-522038', '11-24-488-03915-522055']",9,"['647.0', '729.0', '1442.0', '1694.0', '890.0', '692.0', '416.0', '1995.0', '367.0']",0.0
11-24-488-03915-522055,"['11-24-488-03915-522037', '11-24-488-03915-522041', '11-24-488-03915-522054', '11-24-488-03915-522062', '11-24-488-03915-522064', '11-24-488-03915-522018', '11-24-488-03915-522036', '11-24-488-03915-522040', '11-24-488-03915-522038']",9,"['647.0', '729.0', '611.0', '1442.0', '1694.0', '890.0', '692.0', '416.0', '1995.0']",0.0
11-24-488-03915-522062,"['11-24-488-03915-522037', '11-24-488-03915-522041', '11-24-488-03915-522054', '11-24-488-03915-522064', '11-24-488-03915-522018', '11-24-488-03915-522036', '11-24-488-03915-522040', '11-24-488-03915-522038', '11-24-488-03915-522055']",9,,
11-24-488-03915-522064,"['11-24-488-03915-522037', '11-24-488-03915-522041', '11-24-488-03915-522054', '11-24-488-03915-522062', '11-24-488-03915-522018', '11-24-488-03915-522036', '11-24-488-03915-522040', '11-24-488-03915-522038', '11-24-488-03915-522055']",9,,
11-24-488-03917-522172,['11-24-488-03917-522173'],1,,
11-24-488-03917-522173,['11-24-488-03917-522172'],1,,
11-24-488-03917-522200,['11-24-488-03917-522201'],1,,
11-24-488-03917-522201,['11-24-488-03917-522200'],1,,
11-24-488-03917-522271,"['11-24-487-03910-521545', '11-24-487-03910-521544', '11-24-487-03910-521543']",3,,
11-24-488-03917-522296,['11-24-488-03917-522297'],1,,
11-24-488-03917-522297,['11-24-488-03917-522296'],1,,
11-24-488-03917-522325,['11-24-488-03917-522327'],1,['997.0'],0.0
11-24-488-03917-522327,['11-24-488-03917-522325'],1,['1065.0'],0.0
11-24-488-03918-522336,"['11-24-488-03918-522337', '11-24-488-03918-522338']",2,"['1176.0', '4121.0', '4680.0']",2.0
11-24-488-03918-522337,"['11-24-488-03918-522338', '11-24-488-03918-522336']",2,,
11-24-488-03918-522338,"['11-24-488-03918-522337', '11-24-488-03918-522336']",2,,
11-24-488-03918-522352,[],0,,
11-24-488-03918-522362,"['11-24-488-03918-522383', '11-24-488-03919-522420', '11-24-488-03918-522376', '11-24-488-03919-522408']",4,,
11-24-488-03918-522376,"['11-24-488-03919-522421', '11-24-488-03918-522377', '11-24-488-03918-522384', '11-24-488-03918-522362', '11-24-488-03919-522408', '11-24-488-03919-522420', '11-24-488-03918-522383', '11-24-492-03933-802627']",8,"['1014.0', '945.0', '961.0', '513.0', '705.0', '530.0', '1840.0', nan]",0.0
11-24-488-03918-522377,"['11-24-488-03918-522384', '11-24-488-03919-522421', '11-24-488-03918-522376', '11-24-492-03933-802627']",4,"['961.0', '1014.0', '1238.0', nan]",0.0
11-24-488-03918-522378,['11-24-488-03918-802610'],1,[nan],0.0
11-24-488-03918-522383,"['11-24-488-03919-522408', '11-24-488-03918-522362', '11-24-488-03918-522376', '11-24-488-03919-522420']",4,"['705.0', '513.0', '1238.0', '530.0']",0.0
11-24-488-03918-522384,"['11-24-488-03918-522377', '11-24-488-03919-522421', '11-24-488-03918-522376', '11-24-492-03933-802627']",4,"['945.0', '1014.0', '1238.0', nan]",0.0
11-24-488-03918-802610,['11-24-488-03918-522378'],1,,
11-24-488-03919-522392,"['11-24-488-03919-522405', '11-24-488-03919-522404', '11-24-488-03919-522394']",3,,
11-24-488-03919-522394,"['11-24-488-03919-522405', '11-24-488-03919-522392', '11-24-488-03919-522404']",3,,
11-24-488-03919-522402,"['11-24-488-03919-522413', '11-24-488-03919-522418', '11-24-488-03919-522419']",3,,
11-24-488-03919-522404,"['11-24-488-03919-522405', '11-24-488-03919-522392', '11-24-488-03919-522394']",3,,
11-24-488-03919-522405,"['11-24-488-03919-522392', '11-24-488-03919-522404', '11-24-488-03919-522394']",3,,
11-24-488-03919-522408,"['11-24-488-03918-522383', '11-24-488-03918-522362', '11-24-488-03918-522376', '11-24-488-03919-522420']",4,,
11-24-488-03919-522413,"['11-24-488-03919-522402', '11-24-488-03919-522418', '11-24-488-03919-522419']",3,,
11-24-488-03919-522418,"['11-24-488-03919-522402', '11-24-488-03919-522413', '11-24-488-03919-522419']",3,"['2206.0', '875.0', '501.0']",0.0
11-24-488-03919-522419,"['11-24-488-03919-522402', '11-24-488-03919-522413', '11-24-488-03919-522418']",3,,
11-24-488-03919-522420,"['11-24-488-03918-522383', '11-24-488-03918-522362', '11-24-488-03918-522376', '11-24-488-03919-522408']",4,,
11-24-488-03919-522421,"['11-24-488-03918-522377', '11-24-488-03918-522376', '11-24-488-03918-522384', '11-24-492-03933-802627']",4,,
11-24-488-03920-522456,[],0,[nan],0.0
11-24-488-03920-522462,[],0,[nan],0.0
11-24-488-03920-522473,['11-24-488-03920-522480'],1,['1431.0'],0.0
11-24-488-03920-522480,['11-24-488-03920-522473'],1,,
11-24-488-03920-522483,[],0,,
11-24-488-03920-522531,[],0,[nan],0.0
11-24-489-03921-522542,"['11-24-489-03921-522558', '11-24-489-03921-522557', '11-24-489-03921-522544', '11-24-489-03921-522570', '11-24-489-03921-522556', '11-24-489-03921-522574', '11-24-489-03921-522545', '11-24-489-03921-522572', '11-24-489-03921-522543', '11-24-489-03921-522546', '11-24-489-03921-522577', '11-24-489-03921-522571', '11-24-489-03921-522573']",13,,
11-24-489-03921-522543,"['11-24-489-03921-522546', '11-24-489-03921-522542', '11-24-489-03921-522545', '11-24-489-03921-522544']",4,,
11-24-489-03921-522544,"['11-24-489-03921-522546', '11-24-489-03921-522543', '11-24-489-03921-522542', '11-24-489-03921-522545']",4,,
11-24-489-03921-522545,"['11-24-489-03921-522546', '11-24-489-03921-522543', '11-24-489-03921-522542', '11-24-489-03921-522544']",4,,
11-24-489-03921-522546,"['11-24-489-03921-522543', '11-24-489-03921-522542', '11-24-489-03921-522545', '11-24-489-03921-522544']",4,,
11-24-489-03921-522547,"['11-24-493-03944-524697', '11-24-489-03921-522548', '11-24-493-03944-524698', '11-24-493-03944-524659']",4,,
11-24-489-03921-522548,"['11-24-493-03944-524697', '11-24-489-03921-522547', '11-24-493-03944-524698', '11-24-493-03944-524659']",4,,
11-24-489-03921-522556,"['11-24-489-03921-522576', '11-24-489-03921-522558', '11-24-489-03921-522557', '11-24-489-03921-522570', '11-24-489-03921-522574', '11-24-489-03921-522572', '11-24-489-03921-522542', '11-24-489-03921-522589', '11-24-489-03921-522577', '11-24-489-03921-522571', '11-24-489-03921-522573']",11,,
11-24-489-03921-522557,"['11-24-489-03921-522558', '11-24-489-03921-522570', '11-24-489-03921-522556', '11-24-489-03921-522574', '11-24-489-03921-522572', '11-24-489-03921-522542', '11-24-489-03921-522577', '11-24-489-03921-522571', '11-24-489-03921-522573']",9,,
11-24-489-03921-522558,"['11-24-489-03921-522557', '11-24-489-03921-522570', '11-24-489-03921-522556', '11-24-489-03921-522574', '11-24-489-03921-522572', '11-24-489-03921-522542', '11-24-489-03921-522577', '11-24-489-03921-522571', '11-24-489-03921-522573']",9,,
11-24-489-03921-522561,"['11-24-489-03921-522641', '11-24-489-03921-522681', '11-24-489-03921-522598', '11-24-489-03921-522640', '11-24-493-03945-524860', '11-24-489-03921-522600', '11-24-489-03921-522597', '11-24-489-03921-522842', '11-24-489-03921-522599', '11-24-493-03945-524839', '11-24-493-03945-524850', '11-24-490-03926-523162', '11-24-493-03945-524840']",13,,
11-24-489-03921-522570,"['11-24-489-03921-522558', '11-24-489-03921-522557', '11-24-489-03921-522556', '11-24-489-03921-522574', '11-24-489-03921-522572', '11-24-489-03921-522542', '11-24-489-03921-522577', '11-24-489-03921-522571', '11-24-489-03921-522573']",9,,
11-24-489-03921-522571,"['11-24-489-03921-522558', '11-24-489-03921-522557', '11-24-489-03921-522570', '11-24-489-03921-522556', '11-24-489-03921-522574', '11-24-489-03921-522572', '11-24-489-03921-522542', '11-24-489-03921-522577', '11-24-489-03921-522573']",9,,
11-24-489-03921-522572,"['11-24-489-03921-522558', '11-24-489-03921-522557', '11-24-489-03921-522570', '11-24-489-03921-522556', '11-24-489-03921-522574', '11-24-489-03921-522542', '11-24-489-03921-522577', '11-24-489-03921-522571', '11-24-489-03921-522573']",9,,
11-24-489-03921-522573,"['11-24-489-03921-522558', '11-24-489-03921-522557', '11-24-489-03921-522570', '11-24-489-03921-522556', '11-24-489-03921-522574', '11-24-489-03921-522572', '11-24-489-03921-522542', '11-24-489-03921-522577', '11-24-489-03921-522571']",9,,
11-24-489-03921-522574,"['11-24-489-03921-522558', '11-24-489-03921-522557', '11-24-489-03921-522570', '11-24-489-03921-522556', '11-24-489-03921-522572', '11-24-489-03921-522542', '11-24-489-03921-522577', '11-24-489-03921-522571', '11-24-489-03921-522573']",9,,
11-24-489-03921-522576,"['11-24-489-03921-522590', '11-24-489-03921-522556', '11-24-489-03921-522589', '11-24-489-03921-522605', '11-24-489-03921-522604']",5,,
11-24-489-03921-522577,"['11-24-489-03921-522608', '11-24-489-03921-522574', '11-24-489-03921-522572', '11-24-489-03921-522542', '11-24-489-03921-522581', '11-24-489-03921-522620', '11-24-489-03921-522615', '11-24-489-03921-522619', '11-24-489-03921-522558', '11-24-489-03921-522582', '11-24-489-03921-522571', '11-24-489-03921-522573', '11-24-489-03921-522612', '11-24-489-03921-522611', '11-24-489-03921-522617', '11-24-489-03921-522609', '11-24-489-03921-522586', '11-24-489-03921-522557', '11-24-489-03921-522570', '11-24-489-03921-522618', '11-24-489-03921-522556']",21,,
11-24-489-03921-522579,"['11-24-489-03921-522616', '11-24-489-03921-522617', '11-24-489-03921-522581']",3,,
11-24-489-03921-522581,"['11-24-489-03921-522617', '11-24-489-03921-522615', '11-24-489-03921-522611', '11-24-489-03921-522586', '11-24-489-03921-522579', '11-24-489-03921-522619', '11-24-489-03921-522618', '11-24-489-03921-522582', '11-24-489-03921-522608', '11-24-489-03921-522620', '11-24-489-03921-522577', '11-24-489-03921-522616', '11-24-489-03921-522612', '11-24-489-03921-522609']",14,,
11-24-489-03921-522582,"['11-24-489-03921-522615', '11-24-489-03921-522617', '11-24-489-03921-522611', '11-24-489-03921-522586', '11-24-489-03921-522619', '11-24-489-03921-522618', '11-24-489-03921-522581', '11-24-489-03921-522608', '11-24-489-03921-522620', '11-24-489-03921-522577', '11-24-489-03921-522612', '11-24-489-03921-522609']",12,,
11-24-489-03921-522586,"['11-24-489-03921-522615', '11-24-489-03921-522617', '11-24-489-03921-522611', '11-24-489-03921-522619', '11-24-489-03921-522618', '11-24-489-03921-522581', '11-24-489-03921-522582', '11-24-489-03921-522608', '11-24-489-03921-522620', '11-24-489-03921-522577', '11-24-489-03921-522612', '11-24-489-03921-522609']",12,,
11-24-489-03921-522589,"['11-24-489-03921-522590', '11-24-489-03921-522576', '11-24-489-03921-522556', '11-24-489-03921-522605', '11-24-489-03921-522604']",5,,
11-24-489-03921-522590,"['11-24-489-03921-522604', '11-24-489-03921-522589', '11-24-489-03921-522605', '11-24-489-03921-522576']",4,,
11-24-489-03921-522594,['11-24-489-03921-522595'],1,,
11-24-489-03921-522595,['11-24-489-03921-522594'],1,,
11-24-489-03921-522597,"['11-24-489-03921-522561', '11-24-489-03921-522641', '11-24-489-03921-522681', '11-24-489-03921-522598', '11-24-489-03921-522640', '11-24-493-03945-524860', '11-24-489-03921-522600', '11-24-489-03921-522842', '11-24-489-03921-522599', '11-24-493-03945-524839', '11-24-493-03945-524850', '11-24-490-03926-523162', '11-24-493-03945-524840']",13,,
11-24-489-03921-522598,"['11-24-489-03921-522561', '11-24-489-03921-522641', '11-24-489-03921-522681', '11-24-489-03921-522640', '11-24-493-03945-524860', '11-24-489-03921-522600', '11-24-489-03921-522597', '11-24-489-03921-522842', '11-24-489-03921-522599', '11-24-493-03945-524839', '11-24-493-03945-524850', '11-24-490-03926-523162', '11-24-493-03945-524840']",13,,
11-24-489-03921-522599,"['11-24-489-03921-522561', '11-24-489-03921-522641', '11-24-489-03921-522681', '11-24-489-03921-522598', '11-24-489-03921-522640', '11-24-493-03945-524860', '11-24-489-03921-522600', '11-24-493-03945-524849', '11-24-489-03921-522597', '11-24-489-03921-522842', '11-24-493-03945-524839', '11-24-493-03945-524850', '11-24-490-03926-523162', '11-24-493-03945-524840']",14,,
11-24-489-03921-522600,"['11-24-489-03921-522561', '11-24-489-03921-522641', '11-24-489-03921-522681', '11-24-489-03921-522598', '11-24-489-03921-522640', '11-24-493-03945-524860', '11-24-489-03921-522597', '11-24-489-03921-522842', '11-24-489-03921-522599', '11-24-493-03945-524839', '11-24-493-03945-524850', '11-24-490-03926-523162', '11-24-493-03945-524840']",13,,
11-24-489-03921-522604,"['11-24-489-03921-522605', '11-24-489-03921-522589', '11-24-489-03921-522590', '11-24-489-03921-522576']",4,,
11-24-489-03921-522605,"['11-24-489-03921-522604', '11-24-489-03921-522589', '11-24-489-03921-522590', '11-24-489-03921-522576']",4,,
11-24-489-03921-522608,"['11-24-489-03921-522615', '11-24-489-03921-522617', '11-24-489-03921-522611', '11-24-489-03921-522586', '11-24-489-03921-522619', '11-24-489-03921-522618', '11-24-489-03921-522581', '11-24-489-03921-522582', '11-24-489-03921-522620', '11-24-489-03921-522577', '11-24-489-03921-522612', '11-24-489-03921-522609']",12,,
11-24-489-03921-522609,"['11-24-489-03921-522615', '11-24-489-03921-522617', '11-24-489-03921-522586', '11-24-489-03921-522619', '11-24-489-03921-522618', '11-24-489-03921-522581', '11-24-489-03921-522582', '11-24-489-03921-522608', '11-24-489-03921-522620', '11-24-489-03921-522577', '11-24-489-03921-522612', '11-24-489-03921-522611']",12,,
11-24-489-03921-522611,"['11-24-489-03921-522615', '11-24-489-03921-522617', '11-24-489-03921-522629', '11-24-489-03921-522586', '11-24-489-03921-522619', '11-24-489-03921-522618', '11-24-489-03921-522581', '11-24-489-03921-522582', '11-24-489-03921-522608', '11-24-489-03921-522620', '11-24-489-03921-522613', '11-24-489-03921-522577', '11-24-489-03921-522612', '11-24-489-03921-522609']",14,,
11-24-489-03921-522612,"['11-24-489-03921-522615', '11-24-489-03921-522617', '11-24-489-03921-522611', '11-24-489-03921-522586', '11-24-489-03921-522619', '11-24-489-03921-522618', '11-24-489-03921-522581', '11-24-489-03921-522582', '11-24-489-03921-522608', '11-24-489-03921-522620', '11-24-489-03921-522577', '11-24-489-03921-522609']",12,,
11-24-489-03921-522613,"['11-24-489-03921-522629', '11-24-489-03921-522611']",2,,
11-24-489-03921-522615,"['11-24-489-03921-522617', '11-24-489-03921-522611', '11-24-489-03921-522586', '11-24-489-03921-522619', '11-24-489-03921-522618', '11-24-489-03921-522581', '11-24-489-03921-522582', '11-24-489-03921-522608', '11-24-489-03921-522620', '11-24-489-03921-522577', '11-24-489-03921-522612', '11-24-489-03921-522609']",12,,
11-24-489-03921-522616,"['11-24-489-03921-522617', '11-24-489-03921-522579', '11-24-489-03921-522581']",3,,
11-24-489-03921-522617,"['11-24-489-03921-522615', '11-24-489-03921-522611', '11-24-489-03921-522586', '11-24-489-03921-522579', '11-24-489-03921-522619', '11-24-489-03921-522618', '11-24-489-03921-522582', '11-24-489-03921-522581', '11-24-489-03921-522608', '11-24-489-03921-522620', '11-24-489-03921-522577', '11-24-489-03921-522616', '11-24-489-03921-522612', '11-24-489-03921-522609']",14,,
11-24-489-03921-522618,"['11-24-489-03921-522615', '11-24-489-03921-522617', '11-24-489-03921-522611', '11-24-489-03921-522586', '11-24-489-03921-522619', '11-24-489-03921-522581', '11-24-489-03921-522582', '11-24-489-03921-522608', '11-24-489-03921-522620', '11-24-489-03921-522577', '11-24-489-03921-522612', '11-24-489-03921-522609']",12,,
11-24-489-03921-522619,"['11-24-489-03921-522615', '11-24-489-03921-522617', '11-24-489-03921-522611', '11-24-489-03921-522586', '11-24-489-03921-522618', '11-24-489-03921-522581', '11-24-489-03921-522582', '11-24-489-03921-522608', '11-24-489-03921-522620', '11-24-489-03921-522577', '11-24-489-03921-522612', '11-24-489-03921-522609']",12,,
11-24-489-03921-522620,"['11-24-489-03921-522615', '11-24-489-03921-522617', '11-24-489-03921-522611', '11-24-489-03921-522586', '11-24-489-03921-522619', '11-24-489-03921-522618', '11-24-489-03921-522581', '11-24-489-03921-522582', '11-24-489-03921-522608', '11-24-489-03921-522577', '11-24-489-03921-522612', '11-24-489-03921-522609']",12,,
11-24-489-03921-522629,"['11-24-489-03921-522613', '11-24-489-03921-522611']",2,,
11-24-489-03921-522640,"['11-24-489-03921-522561', '11-24-489-03921-522641', '11-24-489-03921-522681', '11-24-489-03921-522598', '11-24-493-03945-524860', '11-24-489-03921-522600', '11-24-489-03921-522597', '11-24-489-03921-522842', '11-24-489-03921-522599', '11-24-493-03945-524839', '11-24-493-03945-524850', '11-24-490-03926-523162', '11-24-493-03945-524840']",13,,
11-24-489-03921-522641,"['11-24-489-03921-522561', '11-24-489-03921-522681', '11-24-489-03921-522598', '11-24-489-03921-522640', '11-24-493-03945-524860', '11-24-489-03921-522600', '11-24-489-03921-522597', '11-24-489-03921-522842', '11-24-489-03921-522599', '11-24-493-03945-524839', '11-24-493-03945-524850', '11-24-490-03926-523162', '11-24-493-03945-524840']",13,,
11-24-489-03921-522642,['11-24-489-03921-522645'],1,,
11-24-489-03921-522645,['11-24-489-03921-522642'],1,,
11-24-489-03921-522663,['11-24-489-03921-522664'],1,,
11-24-489-03921-522664,['11-24-489-03921-522663'],1,,
11-24-489-03921-522681,"['11-24-489-03921-522561', '11-24-489-03921-522641', '11-24-489-03921-522598', '11-24-489-03921-522640', '11-24-493-03945-524860', '11-24-489-03921-522600', '11-24-489-03921-522597', '11-24-489-03921-522842', '11-24-489-03921-522599', '11-24-493-03945-524839', '11-24-493-03945-524850', '11-24-490-03926-523162', '11-24-493-03945-524840']",13,,
11-24-489-03921-522682,"['11-24-489-03921-522685', '11-24-489-03921-522683', '11-24-489-03921-522726', '11-24-489-03921-522842', '11-24-489-03921-522684', '11-24-489-03921-522725']",6,,
11-24-489-03921-522683,"['11-24-489-03921-522682', '11-24-489-03921-522685', '11-24-489-03921-522726', '11-24-489-03921-522842', '11-24-489-03921-522684', '11-24-489-03921-522725']",6,,
11-24-489-03921-522684,"['11-24-489-03921-522682', '11-24-489-03921-522685', '11-24-489-03921-522683', '11-24-489-03921-522726', '11-24-489-03921-522842', '11-24-489-03921-522725']",6,,
11-24-489-03921-522685,"['11-24-489-03921-522682', '11-24-489-03921-522683', '11-24-489-03921-522726', '11-24-489-03921-522842', '11-24-489-03921-522684', '11-24-489-03921-522725']",6,,
11-24-489-03921-522686,"['11-24-489-03921-522689', '11-24-489-03921-522724', '11-24-489-03921-522687']",3,,
11-24-489-03921-522687,"['11-24-489-03921-522686', '11-24-489-03921-522724', '11-24-489-03921-522689']",3,,
11-24-489-03921-522689,"['11-24-489-03921-522686', '11-24-489-03921-522724', '11-24-489-03921-522687']",3,,
11-24-489-03921-522724,"['11-24-489-03921-522689', '11-24-489-03921-522686', '11-24-489-03921-522687']",3,,
11-24-489-03921-522725,"['11-24-489-03921-522682', '11-24-489-03921-522685', '11-24-489-03921-522683', '11-24-489-03921-522726', '11-24-489-03921-522842', '11-24-489-03921-522684']",6,,
11-24-489-03921-522726,"['11-24-489-03921-522682', '11-24-489-03921-522685', '11-24-489-03921-522683', '11-24-489-03921-522842', '11-24-489-03921-522684', '11-24-489-03921-522725']",6,,
11-24-489-03921-522775,['11-24-489-03921-522776'],1,,
11-24-489-03921-522776,['11-24-489-03921-522775'],1,,
11-24-489-03921-522779,[],0,,
11-24-489-03921-522787,"['11-24-489-03921-522813', '11-24-489-03921-522814', '11-24-489-03921-522788']",3,,
11-24-489-03921-522788,"['11-24-489-03921-522813', '11-24-489-03921-522814', '11-24-489-03921-522787']",3,,
11-24-489-03921-522803,"['11-24-489-03921-522805', '11-24-489-03921-522825', '11-24-489-03921-522804']",3,,
11-24-489-03921-522804,"['11-24-489-03921-522805', '11-24-489-03921-522825', '11-24-489-03921-522803']",3,,
11-24-489-03921-522805,"['11-24-489-03921-522804', '11-24-489-03921-522825', '11-24-489-03921-522803']",3,,
11-24-489-03921-522813,"['11-24-489-03921-522814', '11-24-489-03921-522787', '11-24-489-03921-522788']",3,,
11-24-489-03921-522814,"['11-24-489-03921-522813', '11-24-489-03921-522787', '11-24-489-03921-522788']",3,,
11-24-489-03921-522825,"['11-24-489-03921-522804', '11-24-489-03921-522805', '11-24-489-03921-522803']",3,,
11-24-489-03921-522842,"['11-24-489-03921-522682', '11-24-489-03921-522598', '11-24-493-03945-524860', '11-24-489-03921-522597', '11-24-489-03921-522599', '11-24-493-03945-524839', '11-24-489-03921-522561', '11-24-489-03921-522641', '11-24-489-03921-522640', '11-24-489-03921-522683', '11-24-489-03921-522726', '11-24-493-03945-524850', '11-24-489-03921-522684', '11-24-489-03921-522725', '11-24-489-03921-522681', '11-24-489-03921-522685', '11-24-489-03921-522600', '11-24-490-03926-523162', '11-24-493-03945-524840']",19,,
11-24-490-03922-522858,['11-24-490-03922-522859'],1,,
11-24-490-03922-522859,['11-24-490-03922-522858'],1,,
11-24-490-03922-522865,"['11-24-490-03922-522881', '11-24-490-03922-522874', '11-24-490-03922-522880', '11-24-490-03922-522875']",4,,
11-24-490-03922-522870,[],0,,
11-24-490-03922-522874,"['11-24-490-03922-522865', '11-24-490-03922-522880', '11-24-490-03922-522881', '11-24-490-03922-522875']",4,,
11-24-490-03922-522875,"['11-24-490-03922-522865', '11-24-490-03922-522874', '11-24-490-03922-522881', '11-24-490-03922-522880']",4,,
11-24-490-03922-522880,"['11-24-490-03922-522865', '11-24-490-03922-522874', '11-24-490-03922-522881', '11-24-490-03922-522875']",4,,
11-24-490-03922-522881,"['11-24-490-03922-522865', '11-24-490-03922-522874', '11-24-490-03922-522880', '11-24-490-03922-522875']",4,,
11-24-490-03922-522891,"['11-24-490-03922-522905', '11-24-490-03922-522906', '11-24-490-03922-522907']",3,,
11-24-490-03922-522895,['11-24-490-03922-522896'],1,,
11-24-490-03922-522896,['11-24-490-03922-522895'],1,,
11-24-490-03922-522905,"['11-24-490-03922-522891', '11-24-490-03922-522906', '11-24-490-03922-522907']",3,,
11-24-490-03922-522906,"['11-24-490-03922-522891', '11-24-490-03922-522905', '11-24-490-03922-522907']",3,"['3170.0', '209.0', '719.0']",1.0
11-24-490-03922-522907,"['11-24-490-03922-522891', '11-24-490-03922-522905', '11-24-490-03922-522906']",3,,
11-24-490-03922-522908,['11-24-490-03923-522920'],1,,
11-24-490-03923-522920,['11-24-490-03922-522908'],1,,
11-24-490-03923-522925,['11-24-490-03923-522927'],1,,
11-24-490-03923-522927,['11-24-490-03923-522925'],1,,
11-24-490-03923-522943,[],0,,
11-24-490-03923-522944,['11-24-490-03923-522957'],1,,
11-24-490-03923-522957,['11-24-490-03923-522944'],1,,
11-24-490-03923-522980,[],0,,
11-24-490-03923-522984,"['11-24-490-03924-523013', '11-24-490-03924-523014']",2,,
11-24-490-03924-522991,['11-24-490-03924-522992'],1,,
11-24-490-03924-522992,['11-24-490-03924-522991'],1,,
11-24-490-03924-522993,['11-24-490-03924-522995'],1,,
11-24-490-03924-522994,[],0,[nan],0.0
11-24-490-03924-522995,['11-24-490-03924-522993'],1,,
11-24-490-03924-523003,['11-24-490-03924-523008'],1,['2626.0'],1.0
11-24-490-03924-523004,[],0,[nan],0.0
11-24-490-03924-523005,"['11-24-490-03924-523006', '11-24-490-03924-523019']",2,,
11-24-490-03924-523006,"['11-24-490-03924-523005', '11-24-490-03924-523019']",2,,
11-24-490-03924-523008,['11-24-490-03924-523003'],1,,
11-24-490-03924-523013,"['11-24-490-03923-522984', '11-24-490-03924-523014']",2,,
11-24-490-03924-523014,"['11-24-490-03924-523013', '11-24-490-03923-522984']",2,,
11-24-490-03924-523016,[],0,,
11-24-490-03924-523019,"['11-24-490-03924-523005', '11-24-490-03924-523006']",2,,
11-24-490-03924-523023,"['11-24-490-03924-523024', '11-24-490-03924-523032', '11-24-490-03924-523033', '11-24-490-03924-802616']",4,,
11-24-490-03924-523024,"['11-24-490-03924-523033', '11-24-490-03925-523092', '11-24-490-03924-523023', '11-24-490-03924-523039', '11-24-490-03924-802616', '11-24-490-03924-523043', '11-24-490-03924-523032', '11-24-490-03924-523040', '11-24-490-03924-523031']",9,,
11-24-490-03924-523025,['11-24-490-03924-523030'],1,,
11-24-490-03924-523030,['11-24-490-03924-523025'],1,['2602.0'],1.0
11-24-490-03924-523031,"['11-24-490-03925-523092', '11-24-490-03924-523039', '11-24-490-03924-523043', '11-24-490-03924-523024', '11-24-490-03924-523040']",5,,
11-24-490-03924-523032,"['11-24-490-03924-802616', '11-24-490-03924-523023', '11-24-490-03925-523076', '11-24-490-03924-523024', '11-24-490-03924-523033']",5,,
11-24-490-03924-523033,"['11-24-490-03924-802616', '11-24-490-03924-523023', '11-24-490-03925-523076', '11-24-490-03924-523024', '11-24-490-03924-523032']",5,,
11-24-490-03924-523035,[],0,,
11-24-490-03924-523039,"['11-24-491-03927-523233', '11-24-490-03925-523092', '11-24-490-03924-523043', '11-24-490-03924-523024', '11-24-490-03924-523040', '11-24-490-03924-523031']",6,,
11-24-490-03924-523040,"['11-24-491-03927-523233', '11-24-490-03925-523092', '11-24-490-03924-523039', '11-24-490-03924-523043', '11-24-490-03924-523024', '11-24-490-03924-523031']",6,,
11-24-490-03924-523043,"['11-24-490-03925-523092', '11-24-490-03924-523039', '11-24-490-03924-523024', '11-24-490-03924-523040', '11-24-490-03924-523031']",5,,
11-24-490-03924-802616,"['11-24-490-03924-523023', '11-24-490-03924-523032', '11-24-490-03924-523033', '11-24-490-03924-523024']",4,,
11-24-490-03925-523054,['11-24-490-03925-523065'],1,,
11-24-490-03925-523056,[],0,,
11-24-490-03925-523059,['11-24-492-03941-524411'],1,,
11-24-490-03925-523062,"['11-24-490-03925-523066', '11-24-490-03925-523063']",2,,
11-24-490-03925-523063,"['11-24-490-03925-523066', '11-24-490-03925-523062']",2,,
11-24-490-03925-523065,['11-24-490-03925-523054'],1,,
11-24-490-03925-523066,"['11-24-490-03925-523063', '11-24-490-03925-523062']",2,,
11-24-490-03925-523071,[],0,,
11-24-490-03925-523076,"['11-24-490-03924-523032', '11-24-490-03924-523033']",2,,
11-24-490-03925-523077,[],0,[nan],0.0
11-24-490-03925-523082,[],0,,
11-24-490-03925-523083,[],0,,
11-24-490-03925-523088,['11-24-490-03925-523089'],1,,
11-24-490-03925-523089,"['11-24-490-03925-523090', '11-24-490-03925-523088']",2,,
11-24-490-03925-523090,"['11-24-490-03925-523105', '11-24-490-03925-523089', '11-24-490-03925-523096']",3,,
11-24-490-03925-523092,"['11-24-490-03924-523039', '11-24-490-03924-523043', '11-24-490-03924-523024', '11-24-490-03924-523040', '11-24-490-03924-523031']",5,,
11-24-490-03925-523096,"['11-24-490-03925-523090', '11-24-490-03925-523105']",2,"['4627.0', '6090.0']",2.0
11-24-490-03925-523097,[],0,,
11-24-490-03925-523098,['11-24-490-03925-523101'],1,['5658.0'],1.0
11-24-490-03925-523101,"['11-24-490-03925-523098', '11-24-490-03925-523113']",2,"['7257.0', '2451.0']",1.0
11-24-490-03925-523102,"['11-24-490-03925-523111', '11-24-490-03925-523110']",2,"['1276.0', '837.0']",0.0
11-24-490-03925-523103,['11-24-490-03925-523110'],1,,
11-24-490-03925-523105,"['11-24-490-03925-523090', '11-24-490-03925-523096']",2,,
11-24-490-03925-523108,['11-24-490-03925-523120'],1,,
11-24-490-03925-523109,"['11-24-490-03925-523119', '11-24-490-03925-523120']",2,"['2378.0', '14851.0']",1.0
11-24-490-03925-523110,"['11-24-490-03925-523103', '11-24-490-03925-523102', '11-24-490-03925-523111']",3,,
11-24-490-03925-523111,"['11-24-490-03925-523115', '11-24-490-03925-523102', '11-24-490-03925-523110']",3,"['3106.0', '1713.0', '837.0']",1.0
11-24-490-03925-523113,['11-24-490-03925-523101'],1,['5658.0'],1.0
11-24-490-03925-523115,['11-24-490-03925-523111'],1,,
11-24-490-03925-523117,"['11-24-490-03925-523125', '11-24-490-03925-523127', '11-24-490-03925-523118']",3,"['3677.0', '1364.0', '1463.0']",1.0
11-24-490-03925-523118,"['11-24-490-03925-523125', '11-24-490-03925-523127', '11-24-490-03925-523117']",3,"['3677.0', '1364.0', '3482.0']",2.0
11-24-490-03925-523119,"['11-24-490-03925-523109', '11-24-490-03925-523120']",2,,
11-24-490-03925-523120,"['11-24-490-03925-523108', '11-24-490-03925-523119', '11-24-490-03925-523109']",3,,
11-24-490-03925-523121,['11-24-490-03925-523122'],1,,
11-24-490-03925-523122,['11-24-490-03925-523121'],1,,
11-24-490-03925-523123,['11-24-490-03925-523125'],1,,
11-24-490-03925-523125,"['11-24-490-03925-523127', '11-24-490-03925-523123', '11-24-491-03928-523324', '11-24-490-03925-523117', '11-24-490-03925-523118', '11-24-490-03925-523126']",6,"['1364.0', '1603.0', '1538.0', '3482.0', '1463.0', '1011.0']",1.0
11-24-490-03925-523126,"['11-24-490-03925-523125', '11-24-490-03925-523127', '11-24-491-03928-523324']",3,"['3677.0', '1364.0', '1538.0']",1.0
11-24-490-03925-523127,"['11-24-490-03925-523125', '11-24-491-03928-523324', '11-24-490-03925-523117', '11-24-490-03925-523118', '11-24-490-03925-523126']",5,,
11-24-490-03925-523130,['11-24-491-03928-523327'],1,,
11-24-490-03926-523134,"['11-24-490-03926-523135', '11-24-490-03926-523141', '11-24-490-03926-523138', '11-24-490-03926-523170', '11-24-490-03926-523139', '11-24-490-03926-523169', '11-24-490-03926-523157']",7,,
11-24-490-03926-523135,"['11-24-490-03926-523134', '11-24-490-03926-523141', '11-24-490-03926-523138', '11-24-490-03926-523170', '11-24-490-03926-523139', '11-24-490-03926-523169', '11-24-490-03926-523157']",7,"['1881.0', '3033.0', '5494.0', '1652.0', '1329.0', '1397.0', '2015.0']",2.0
11-24-490-03926-523138,"['11-24-490-03926-523135', '11-24-490-03926-523134', '11-24-490-03926-523141', '11-24-490-03926-523170', '11-24-490-03926-523139', '11-24-490-03926-523169', '11-24-490-03926-523157']",7,,
11-24-490-03926-523139,"['11-24-490-03926-523135', '11-24-490-03926-523134', '11-24-490-03926-523141', '11-24-490-03926-523138', '11-24-490-03926-523170', '11-24-490-03926-523169', '11-24-490-03926-523157']",7,"['6104.0', '1881.0', '3033.0', '5494.0', '1652.0', '1397.0', '2015.0']",3.0
11-24-490-03926-523141,"['11-24-490-03926-523135', '11-24-490-03926-523134', '11-24-490-03926-523138', '11-24-490-03926-523170', '11-24-490-03926-523139', '11-24-490-03926-523169', '11-24-490-03926-523157']",7,,
11-24-490-03926-523144,"['11-24-490-03926-523145', '11-24-490-03926-523152']",2,,
11-24-490-03926-523145,"['11-24-490-03926-523152', '11-24-490-03926-523146', '11-24-490-03926-523144', '11-24-492-03941-524414']",4,,
11-24-490-03926-523146,"['11-24-492-03941-524414', '11-24-490-03926-523149', '11-24-490-03926-523145']",3,,
11-24-490-03926-523148,"['11-24-490-03926-523150', '11-24-490-03926-523176']",2,"['1354.0', '1881.0']",0.0
11-24-490-03926-523149,['11-24-490-03926-523146'],1,,
11-24-490-03926-523150,"['11-24-490-03926-523148', '11-24-490-03926-523176', '11-24-490-03926-523151']",3,"['3241.0', '1881.0', '1055.0']",1.0
11-24-490-03926-523151,"['11-24-490-03926-523150', '11-24-490-03926-523175', '11-24-490-03926-523152']",3,,
11-24-490-03926-523152,"['11-24-490-03926-523145', '11-24-490-03926-523144', '11-24-490-03926-523175', '11-24-490-03926-523151']",4,,
11-24-490-03926-523154,['11-24-490-03926-523155'],1,['3801.0'],1.0
11-24-490-03926-523155,['11-24-490-03926-523154'],1,['2003.0'],0.0
11-24-490-03926-523156,"['11-24-490-03926-523157', '11-24-490-03926-523171']",2,,
11-24-490-03926-523157,"['11-24-490-03926-523156', '11-24-490-03926-523135', '11-24-490-03926-523134', '11-24-490-03926-523141', '11-24-490-03926-523138', '11-24-490-03926-523170', '11-24-490-03926-523139', '11-24-490-03926-523169', '11-24-490-03926-523171']",9,"['1226.0', '6104.0', '1881.0', '3033.0', '5494.0', '1652.0', '1329.0', '1397.0', '3166.0']",4.0
11-24-490-03926-523159,"['11-24-490-03926-523161', '11-24-490-03926-523160', '11-24-490-03926-523168', '11-24-490-03926-523170', '11-24-490-03926-523162']",5,"['562.0', '1589.0', '1606.0', '1652.0', '845.0']",0.0
11-24-490-03926-523160,"['11-24-490-03926-523161', '11-24-490-03926-523168', '11-24-490-03926-523166', '11-24-490-03926-523165', '11-24-490-03926-523170', '11-24-490-03926-523159', '11-24-490-03926-523162']",7,"['562.0', '1606.0', '2170.0', '1483.0', '1652.0', '2911.0', '845.0']",1.0
11-24-490-03926-523161,"['11-24-490-03926-523160', '11-24-490-03926-523168', '11-24-490-03926-523170', '11-24-490-03926-523159', '11-24-490-03926-523162']",5,,
11-24-490-03926-523162,"['11-24-489-03921-522561', '11-24-490-03926-523161', '11-24-490-03926-523160', '11-24-489-03921-522641', '11-24-489-03921-522681', '11-24-489-03921-522598', '11-24-489-03921-522640', '11-24-493-03945-524860', '11-24-489-03921-522600', '11-24-489-03921-522597', '11-24-489-03921-522842', '11-24-490-03926-523168', '11-24-490-03926-523170', '11-24-489-03921-522599', '11-24-493-03945-524839', '11-24-490-03926-523159', '11-24-493-03945-524850', '11-24-493-03945-524840']",18,"['1310.0', '562.0', '1589.0', '989.0', '937.0', '1258.0', '1530.0', '1386.0', '1031.0', '424.0', nan, '1606.0', '1652.0', '707.0', '672.0', '2911.0', '1775.0', '690.0']",1.0
11-24-490-03926-523164,"['11-24-490-03926-523186', '11-24-490-03926-523166', '11-24-490-03926-523189', '11-24-490-03926-523187']",4,,
11-24-490-03926-523165,"['11-24-490-03926-523166', '11-24-490-03926-523160']",2,"['2170.0', '1589.0']",0.0
11-24-490-03926-523166,"['11-24-490-03926-523164', '11-24-490-03926-523186', '11-24-490-03926-523165', '11-24-490-03926-523160']",4,"['1459.0', '1530.0', '1483.0', '1589.0']",0.0
11-24-490-03926-523167,[],0,,
11-24-490-03926-523168,"['11-24-490-03926-523161', '11-24-490-03926-523160', '11-24-490-03926-523170', '11-24-490-03926-523159', '11-24-490-03926-523162']",5,,
11-24-490-03926-523169,"['11-24-490-03926-523135', '11-24-490-03926-523134', '11-24-490-03926-523141', '11-24-490-03926-523138', '11-24-490-03926-523170', '11-24-490-03926-523139', '11-24-490-03926-523157']",7,,
11-24-490-03926-523170,"['11-24-490-03926-523135', '11-24-490-03926-523161', '11-24-490-03926-523160', '11-24-490-03926-523157', '11-24-490-03926-523134', '11-24-490-03926-523141', '11-24-490-03926-523138', '11-24-490-03926-523168', '11-24-490-03926-523139', '11-24-490-03926-523169', '11-24-490-03926-523159', '11-24-490-03926-523162']",12,"['6104.0', '562.0', '1589.0', '2015.0', '1881.0', '3033.0', '5494.0', '1606.0', '1329.0', '1397.0', '2911.0', '845.0']",4.0
11-24-490-03926-523171,"['11-24-490-03926-523156', '11-24-490-03926-523157', '11-24-490-03926-523173']",3,"['1226.0', '2015.0', '2566.0']",1.0
11-24-490-03926-523172,[],0,[nan],0.0
11-24-490-03926-523173,['11-24-490-03926-523171'],1,['3166.0'],1.0
11-24-490-03926-523175,"['11-24-490-03926-523152', '11-24-490-03926-523151']",2,,
11-24-490-03926-523176,"['11-24-490-03926-523150', '11-24-490-03926-523148']",2,,
11-24-490-03926-523177,[],0,[nan],0.0
11-24-490-03926-523179,[],0,,
11-24-490-03926-523183,['11-24-490-03926-523184'],1,,
11-24-490-03926-523184,"['11-24-490-03926-523226', '11-24-490-03926-523203', '11-24-490-03926-523183']",3,,
11-24-490-03926-523185,[],0,,
11-24-490-03926-523186,"['11-24-490-03926-523164', '11-24-490-03926-523166', '11-24-490-03926-523189', '11-24-490-03926-523187']",4,,
11-24-490-03926-523187,"['11-24-490-03926-523164', '11-24-490-03926-523186', '11-24-490-03926-523189']",3,,
11-24-490-03926-523189,"['11-24-490-03926-523164', '11-24-490-03926-523186', '11-24-490-03926-523187', '11-24-490-03926-523206']",4,,
11-24-490-03926-523193,"['11-24-490-03926-523204', '11-24-490-03926-523194']",2,,
11-24-490-03926-523194,"['11-24-490-03926-523203', '11-24-490-03926-523204', '11-24-490-03926-523193']",3,"['3082.0', '1169.0', '1028.0']",1.0
11-24-490-03926-523196,"['11-24-490-03926-523209', '11-24-490-03926-523203', '11-24-490-03926-523202', '11-24-490-03926-523197']",4,,
11-24-490-03926-523197,"['11-24-490-03926-523201', '11-24-490-03926-523196']",2,"['1768.0', '2558.0']",1.0
11-24-490-03926-523198,[],0,,
11-24-490-03926-523201,['11-24-490-03926-523197'],1,,
11-24-490-03926-523202,"['11-24-490-03926-523209', '11-24-490-03926-523196', '11-24-490-03926-523210']",3,,
11-24-490-03926-523203,"['11-24-490-03926-523226', '11-24-490-03926-523196', '11-24-490-03926-523184', '11-24-490-03926-523194']",4,"[nan, '2558.0', '2194.0', '1937.0']",1.0
11-24-490-03926-523204,"['11-24-490-03926-523194', '11-24-490-03926-523193']",2,"['1937.0', '1028.0']",0.0
11-24-490-03926-523206,['11-24-490-03926-523189'],1,,
11-24-490-03926-523209,"['11-24-490-03926-523202', '11-24-490-03926-523196']",2,,
11-24-490-03926-523210,['11-24-490-03926-523202'],1,['1988.0'],0.0
11-24-490-03926-523215,[],0,,
11-24-490-03926-523216,['11-24-490-03926-523223'],1,,
11-24-490-03926-523219,[],0,,
11-24-490-03926-523223,['11-24-490-03926-523216'],1,,
11-24-490-03926-523226,"['11-24-490-03926-523203', '11-24-490-03926-523184']",2,,
11-24-491-03927-523228,['11-24-491-03927-523229'],1,,
11-24-491-03927-523229,['11-24-491-03927-523228'],1,,
11-24-491-03927-523231,[],0,,
11-24-491-03927-523233,"['11-24-490-03924-523039', '11-24-490-03924-523040']",2,,
11-24-491-03927-523305,['11-24-491-03928-523351'],1,,
11-24-491-03927-523310,['11-24-491-03927-523312'],1,,
11-24-491-03927-523312,['11-24-491-03927-523310'],1,,
11-24-491-03928-523324,"['11-24-490-03925-523125', '11-24-490-03925-523127', '11-24-490-03925-523126']",3,"['3677.0', '1364.0', '1011.0']",1.0
11-24-491-03928-523327,"['11-24-491-03928-523328', '11-24-490-03925-523130']",2,"['2074.0', '3476.0']",1.0
11-24-491-03928-523328,['11-24-491-03928-523327'],1,,
11-24-491-03928-523330,[],0,[nan],0.0
11-24-491-03928-523331,['11-24-491-03928-523346'],1,,
11-24-491-03928-523332,[],0,[nan],0.0
11-24-491-03928-523333,[],0,[nan],0.0
11-24-491-03928-523335,[],0,,
11-24-491-03928-523336,"['11-24-491-03928-523337', '11-24-491-03928-523338']",2,"['618.0', '1611.0']",0.0
11-24-491-03928-523337,"['11-24-491-03928-523336', '11-24-491-03928-523338']",2,"['3119.0', '1611.0']",1.0
11-24-491-03928-523338,"['11-24-491-03928-523336', '11-24-491-03928-523337']",2,"['3119.0', '618.0']",1.0
11-24-491-03928-523341,"['11-24-491-03928-523343', '11-24-491-03928-523342']",2,,
11-24-491-03928-523342,"['11-24-491-03928-523343', '11-24-491-03928-523341']",2,"['4628.0', '1373.0']",1.0
11-24-491-03928-523343,"['11-24-491-03928-523341', '11-24-491-03928-523342']",2,,
11-24-491-03928-523344,"['11-24-491-03928-523345', '11-24-491-03928-523354']",2,,
11-24-491-03928-523345,['11-24-491-03928-523344'],1,['2574.0'],1.0
11-24-491-03928-523346,['11-24-491-03928-523331'],1,['3734.0'],1.0
11-24-491-03928-523351,['11-24-491-03927-523305'],1,['5754.0'],1.0
11-24-491-03928-523353,[],0,[nan],0.0
11-24-491-03928-523354,['11-24-491-03928-523344'],1,,
11-24-491-03928-523356,['11-24-491-03928-523358'],1,,
11-24-491-03928-523358,['11-24-491-03928-523356'],1,,
11-24-491-03928-523364,"['11-24-491-03928-523369', '11-24-491-03928-523399', '11-24-491-03928-523372', '11-24-491-03928-523370']",4,"['1256.0', '1458.0', '431.0', '1140.0']",0.0
11-24-491-03928-523365,['11-24-491-03928-523366'],1,,
11-24-491-03928-523366,"['11-24-491-03928-523365', '11-24-491-03928-523369']",2,"['483.0', '1256.0']",0.0
11-24-491-03928-523369,"['11-24-491-03928-523364', '11-24-491-03928-523399', '11-24-491-03928-523370', '11-24-491-03928-523366', '11-24-491-03928-523372']",5,,
11-24-491-03928-523370,"['11-24-491-03928-523399', '11-24-491-03928-523369', '11-24-491-03928-523364', '11-24-491-03928-523372']",4,"['1458.0', '1256.0', '1449.0', '431.0']",0.0
11-24-491-03928-523372,"['11-24-491-03928-523399', '11-24-491-03928-523369', '11-24-491-03928-523364', '11-24-491-03928-523370']",4,"['1458.0', '1256.0', '1449.0', '1140.0']",0.0
11-24-491-03928-523380,['11-24-491-03928-523388'],1,['4470.0'],1.0
11-24-491-03928-523381,['11-24-491-03928-523388'],1,,
11-24-491-03928-523387,['11-24-491-03928-523388'],1,,
11-24-491-03928-523388,"['11-24-491-03928-523387', '11-24-491-03928-523380', '11-24-491-03928-523381']",3,"['2985.0', '1716.0', '3499.0']",2.0
11-24-491-03928-523389,[],0,[nan],0.0
11-24-491-03928-523390,"['11-24-491-03928-523391', '11-24-491-03928-523392']",2,,
11-24-491-03928-523391,"['11-24-491-03928-523392', '11-24-491-03928-523390']",2,,
11-24-491-03928-523392,"['11-24-491-03928-523391', '11-24-491-03928-523390']",2,"['730.0', '1776.0']",0.0
11-24-491-03928-523396,['11-24-491-03928-523404'],1,,
11-24-491-03928-523399,"['11-24-491-03928-523369', '11-24-491-03928-523364', '11-24-491-03928-523372', '11-24-491-03928-523370']",4,,
11-24-491-03928-523404,"['11-24-491-03928-523423', '11-24-491-03928-523422', '11-24-491-03928-523418', '11-24-491-03928-523421', '11-24-491-03928-523396', '11-24-491-03928-523419']",6,"['2079.0', '930.0', '1187.0', '709.0', '1369.0', '295.0']",0.0
11-24-491-03928-523406,"['11-24-491-03928-523413', '11-24-491-03928-523407', '11-24-491-03928-523412', '11-24-491-03928-523414', '11-24-491-03928-523415']",5,,
11-24-491-03928-523407,"['11-24-491-03928-523406', '11-24-491-03928-523413', '11-24-491-03928-523412', '11-24-491-03928-523414', '11-24-491-03928-523415']",5,,
11-24-491-03928-523409,"['11-24-491-03928-523411', '11-24-491-03928-523412']",2,"['3330.0', '2486.0']",1.0
11-24-491-03928-523411,"['11-24-491-03928-523409', '11-24-491-03928-523412']",2,"['839.0', '2486.0']",0.0
11-24-491-03928-523412,"['11-24-491-03928-523406', '11-24-491-03928-523413', '11-24-491-03928-523407', '11-24-491-03928-523409', '11-24-491-03928-523411', '11-24-491-03928-523414', '11-24-491-03928-523415']",7,,
11-24-491-03928-523413,"['11-24-491-03928-523406', '11-24-491-03928-523407', '11-24-491-03928-523412', '11-24-491-03928-523414', '11-24-491-03928-523415']",5,,
11-24-491-03928-523414,"['11-24-491-03928-523406', '11-24-491-03928-523413', '11-24-491-03928-523407', '11-24-491-03928-523412', '11-24-491-03928-523415']",5,,
11-24-491-03928-523415,"['11-24-491-03928-523406', '11-24-491-03928-523413', '11-24-491-03928-523407', '11-24-491-03928-523412', '11-24-491-03928-523414']",5,,
11-24-491-03928-523417,['11-24-491-03928-523418'],1,,
11-24-491-03928-523418,"['11-24-491-03928-523423', '11-24-491-03928-523404', '11-24-491-03928-523422', '11-24-491-03928-523421', '11-24-491-03928-523417', '11-24-491-03928-523419']",6,,
11-24-491-03928-523419,"['11-24-491-03928-523423', '11-24-491-03928-523404', '11-24-491-03928-523422', '11-24-491-03928-523418', '11-24-491-03928-523421']",5,,
11-24-491-03928-523421,"['11-24-491-03928-523423', '11-24-491-03928-523404', '11-24-491-03928-523422', '11-24-491-03928-523418', '11-24-491-03928-523419']",5,"['2079.0', '954.0', '930.0', '1187.0', '295.0']",0.0
11-24-491-03928-523422,"['11-24-491-03928-523423', '11-24-491-03928-523404', '11-24-491-03928-523418', '11-24-491-03928-523421', '11-24-491-03928-523419']",5,"['2079.0', '954.0', '1187.0', '709.0', '295.0']",0.0
11-24-491-03928-523423,"['11-24-491-03928-523404', '11-24-491-03928-523422', '11-24-491-03928-523418', '11-24-491-03928-523421', '11-24-491-03928-523419']",5,"['954.0', '930.0', '1187.0', '709.0', '295.0']",0.0
11-24-491-03928-523424,"['11-24-491-03928-523426', '11-24-491-03928-523427']",2,,
11-24-491-03928-523426,"['11-24-491-03930-523535', '11-24-491-03928-523427', '11-24-491-03930-523536', '11-24-491-03928-523424', '11-24-491-03930-523537']",5,,
11-24-491-03928-523427,"['11-24-491-03928-523426', '11-24-491-03928-523424']",2,,
11-24-491-03928-523428,['11-24-491-03928-523429'],1,,
11-24-491-03928-523429,['11-24-491-03928-523428'],1,,
11-24-491-03929-523436,['11-24-491-03929-523437'],1,,
11-24-491-03929-523437,['11-24-491-03929-523436'],1,,
11-24-491-03929-523457,['11-24-491-03929-523460'],1,,
11-24-491-03929-523459,['11-24-491-03929-523475'],1,,
11-24-491-03929-523460,['11-24-491-03929-523457'],1,,
11-24-491-03929-523463,['11-24-491-03929-523482'],1,,
11-24-491-03929-523473,['11-24-491-03929-523482'],1,['3808.0'],1.0
11-24-491-03929-523475,"['11-24-491-03929-523476', '11-24-491-03929-523459', '11-24-491-03929-523479', '11-24-491-03929-523478']",4,,
11-24-491-03929-523476,"['11-24-491-03929-523478', '11-24-491-03929-523479', '11-24-491-03929-523475']",3,,
11-24-491-03929-523478,"['11-24-491-03929-523476', '11-24-491-03929-523479', '11-24-491-03929-523475']",3,,
11-24-491-03929-523479,"['11-24-491-03929-523476', '11-24-491-03929-523478', '11-24-491-03929-523475']",3,,
11-24-491-03929-523482,"['11-24-491-03929-523463', '11-24-491-03929-523473']",2,,
11-24-491-03929-523484,['11-24-491-03929-523485'],1,,
11-24-491-03929-523485,['11-24-491-03929-523484'],1,,
11-24-491-03929-523496,"['11-24-491-03929-523498', '11-24-491-03929-523506', '11-24-491-03929-523507']",3,,
11-24-491-03929-523498,['11-24-491-03929-523496'],1,,
11-24-491-03929-523506,"['11-24-491-03929-523496', '11-24-491-03929-523507']",2,,
11-24-491-03929-523507,"['11-24-491-03929-523496', '11-24-491-03929-523506']",2,,
11-24-491-03930-523511,[],0,,
11-24-491-03930-523514,"['11-24-491-03930-523523', '11-24-491-03930-523515', '11-24-491-03930-523524', '11-24-491-03930-523525', '11-24-491-03930-523522']",5,,
11-24-491-03930-523515,"['11-24-491-03930-523523', '11-24-491-03930-523514', '11-24-491-03930-523524', '11-24-491-03930-523525', '11-24-491-03930-523522']",5,"['3252.0', '2660.0', '2074.0', '3656.0', '4146.0']",4.0
11-24-491-03930-523521,"['11-24-491-03930-523542', '11-24-491-03930-523545', '11-24-491-03930-523522', '11-24-491-03930-523565']",4,"['2282.0', '1709.0', '4146.0', '2737.0']",2.0
11-24-491-03930-523522,"['11-24-491-03930-523523', '11-24-491-03930-523545', '11-24-491-03930-523542', '11-24-491-03930-523514', '11-24-491-03930-523515', '11-24-491-03930-523521', '11-24-491-03930-523524', '11-24-491-03930-523525', '11-24-491-03930-523565']",9,,
11-24-491-03930-523523,"['11-24-491-03930-523514', '11-24-491-03930-523515', '11-24-491-03930-523524', '11-24-491-03930-523525', '11-24-491-03930-523522']",5,"['2660.0', '2354.0', '2074.0', '3656.0', '4146.0']",3.0
11-24-491-03930-523524,"['11-24-491-03930-523523', '11-24-491-03930-523514', '11-24-491-03930-523515', '11-24-491-03930-523525', '11-24-491-03930-523522']",5,,
11-24-491-03930-523525,"['11-24-491-03930-523523', '11-24-491-03930-523514', '11-24-491-03930-523515', '11-24-491-03930-523524', '11-24-491-03930-523522']",5,"['3252.0', '2660.0', '2354.0', '2074.0', '4146.0']",3.0
11-24-491-03930-523528,"['11-24-491-03930-523538', '11-24-491-03930-523550', '11-24-491-03930-523537']",3,,
11-24-491-03930-523531,"['11-24-491-03930-523554', '11-24-491-03930-523532', '11-24-491-03930-523553']",3,,
11-24-491-03930-523532,"['11-24-491-03930-523531', '11-24-491-03930-523553', '11-24-491-03930-523554']",3,"['1066.0', '2910.0', '2239.0']",1.0
11-24-491-03930-523534,"['11-24-491-03930-523552', '11-24-491-03930-523553', '11-24-491-03930-523535']",3,,
11-24-491-03930-523535,"['11-24-491-03930-523536', '11-24-491-03930-523534', '11-24-491-03930-523537', '11-24-491-03930-523552', '11-24-491-03928-523426', '11-24-491-03930-523553']",6,,
11-24-491-03930-523536,"['11-24-491-03928-523426', '11-24-491-03930-523537', '11-24-491-03930-523535']",3,,
11-24-491-03930-523537,"['11-24-491-03930-523535', '11-24-491-03930-523536', '11-24-491-03930-523550', '11-24-491-03930-523528', '11-24-491-03930-523538', '11-24-491-03928-523426']",6,"['1806.0', '338.0', '3110.0', '3387.0', '2070.0', '1742.0']",2.0
11-24-491-03930-523538,"['11-24-491-03930-523550', '11-24-491-03930-523537', '11-24-491-03930-523528']",3,"['3110.0', '2830.0', '3387.0']",3.0
11-24-491-03930-523539,['11-24-491-03930-523546'],1,['6238.0'],1.0
11-24-491-03930-523540,[],0,[nan],0.0
11-24-491-03930-523542,"['11-24-491-03930-523521', '11-24-491-03930-523545', '11-24-491-03930-523522', '11-24-491-03930-523565']",4,,
11-24-491-03930-523543,['11-24-491-03930-523544'],1,['2896.0'],1.0
11-24-491-03930-523544,['11-24-491-03930-523543'],1,,
11-24-491-03930-523545,"['11-24-491-03930-523521', '11-24-491-03930-523522', '11-24-491-03930-523542', '11-24-491-03930-523565']",4,,
11-24-491-03930-523546,"['11-24-491-03930-523539', '11-24-491-03930-523561', '11-24-491-03930-523562']",3,"['2874.0', '1272.0', '889.0']",1.0
11-24-491-03930-523547,['11-24-491-03930-523558'],1,['1460.0'],0.0
11-24-491-03930-523548,"['11-24-491-03930-523557', '11-24-491-03930-523570', '11-24-491-03930-523571']",3,"['4156.0', '3863.0', '1231.0']",2.0
11-24-491-03930-523550,"['11-24-491-03930-523538', '11-24-491-03930-523537', '11-24-491-03930-523528']",3,"['2070.0', '2830.0', '3387.0']",2.0
11-24-491-03930-523552,"['11-24-491-03930-523534', '11-24-491-03930-523535', '11-24-491-03930-523553', '11-24-491-03930-523573']",4,,
11-24-491-03930-523553,"['11-24-491-03930-523532', '11-24-491-03930-523535', '11-24-491-03930-523534', '11-24-491-03930-523531', '11-24-491-03930-523554', '11-24-491-03930-523552']",6,"['593.0', '1806.0', '474.0', '1066.0', '2239.0', '949.0']",0.0
11-24-491-03930-523554,"['11-24-491-03930-523531', '11-24-491-03930-523532', '11-24-491-03930-523553']",3,"['1066.0', '593.0', '2910.0']",1.0
11-24-491-03930-523557,"['11-24-491-03930-523548', '11-24-491-03930-523570', '11-24-491-03930-523579', '11-24-491-03930-523571']",4,"['2230.0', '3863.0', '2321.0', '1231.0']",1.0
11-24-491-03930-523558,['11-24-491-03930-523547'],1,,
11-24-491-03930-523560,[],0,[nan],0.0
11-24-491-03930-523561,"['11-24-491-03930-523546', '11-24-491-03930-523562']",2,,
11-24-491-03930-523562,"['11-24-491-03930-523563', '11-24-491-03930-523546', '11-24-491-03930-523581', '11-24-491-03930-523569', '11-24-491-03930-523561']",5,,
11-24-491-03930-523563,['11-24-491-03930-523562'],1,,
11-24-491-03930-523565,"['11-24-491-03930-523521', '11-24-491-03930-523545', '11-24-491-03930-523522', '11-24-491-03930-523542']",4,"['2219.0', '1709.0', '4146.0', '2282.0']",1.0
11-24-491-03930-523569,"['11-24-491-03930-523581', '11-24-491-03930-523562']",2,"['5066.0', '889.0']",1.0
11-24-491-03930-523570,"['11-24-491-03930-523548', '11-24-491-03930-523557', '11-24-491-03930-523571']",3,"['2230.0', '4156.0', '1231.0']",1.0
11-24-491-03930-523571,"['11-24-491-03930-523548', '11-24-491-03930-523557', '11-24-491-03930-523580', '11-24-491-03930-523570', '11-24-491-03930-523591']",5,"['2230.0', '4156.0', '2135.0', '3863.0', '812.0']",2.0
11-24-491-03930-523573,['11-24-491-03930-523552'],1,,
11-24-491-03930-523577,['11-24-491-03930-523578'],1,['372.0'],0.0
11-24-491-03930-523578,"['11-24-491-03930-523594', '11-24-491-03930-523595', '11-24-491-03930-523577', '11-24-491-03930-523600']",4,,
11-24-491-03930-523579,['11-24-491-03930-523557'],1,['4156.0'],1.0
11-24-491-03930-523580,"['11-24-491-03930-523571', '11-24-491-03930-523591']",2,"['1231.0', '812.0']",0.0
11-24-491-03930-523581,"['11-24-491-03930-523569', '11-24-491-03930-523562']",2,"['1648.0', '889.0']",0.0
11-24-491-03930-523585,"['11-24-491-03930-523611', '11-24-491-03930-523586', '11-24-491-03930-523605', '11-24-491-03930-523604']",4,"['2534.0', '2239.0', '1450.0', '2707.0']",2.0
11-24-491-03930-523586,"['11-24-491-03930-523611', '11-24-491-03930-523605', '11-24-491-03930-523585', '11-24-491-03930-523604']",4,,
11-24-491-03930-523587,['11-24-491-03930-523604'],1,['2707.0'],1.0
11-24-491-03930-523589,"['11-24-491-03930-523602', '11-24-491-03930-523590']",2,"['1217.0', '1102.0']",0.0
11-24-491-03930-523590,"['11-24-491-03930-523613', '11-24-491-03930-523602', '11-24-491-03930-523623', '11-24-491-03930-523589']",4,"['2593.0', '1217.0', '1197.0', '1974.0']",1.0
11-24-491-03930-523591,"['11-24-491-03930-523580', '11-24-491-03930-523571']",2,,
11-24-491-03930-523594,"['11-24-491-03930-523595', '11-24-491-03930-523578', '11-24-491-03930-523600']",3,,
11-24-491-03930-523595,"['11-24-491-03930-523594', '11-24-491-03930-523578', '11-24-491-03930-523600']",3,,
11-24-491-03930-523598,[],0,[nan],0.0
11-24-491-03930-523599,[],0,[nan],0.0
11-24-491-03930-523600,"['11-24-491-03930-523594', '11-24-491-03930-523595', '11-24-491-03930-523578']",3,,
11-24-491-03930-523601,"['11-24-491-03930-523617', '11-24-491-03930-523616', '11-24-491-03930-523615', '11-24-491-03930-523614', '11-24-491-03930-523622']",5,"['1722.0', '1953.0', '4545.0', '2585.0', '890.0']",2.0
11-24-491-03930-523602,"['11-24-491-03930-523623', '11-24-491-03930-523615', '11-24-491-03930-523590', '11-24-491-03930-523614', '11-24-491-03930-523613', '11-24-491-03930-523589']",6,"['1197.0', '4545.0', '1102.0', '2585.0', '2593.0', '1974.0']",3.0
11-24-491-03930-523604,"['11-24-491-03930-523611', '11-24-491-03930-523586', '11-24-491-03930-523585', '11-24-491-03930-523587']",4,"['2534.0', '2239.0', '2256.0', '874.0']",1.0
11-24-491-03930-523605,"['11-24-491-03930-523586', '11-24-491-03930-523606', '11-24-491-03930-523585']",3,"['2239.0', '1169.0', '2256.0']",0.0
11-24-491-03930-523606,['11-24-491-03930-523605'],1,,
11-24-491-03930-523607,[],0,[nan],0.0
11-24-491-03930-523608,[],0,,
11-24-491-03930-523611,"['11-24-491-03930-523586', '11-24-491-03930-523585', '11-24-491-03930-523604']",3,"['2239.0', '2256.0', '2707.0']",1.0
11-24-491-03930-523612,[],0,,
11-24-491-03930-523613,"['11-24-491-03930-523602', '11-24-491-03930-523623', '11-24-491-03930-523590']",3,,
11-24-491-03930-523614,"['11-24-491-03930-523617', '11-24-491-03930-523602', '11-24-491-03930-523601', '11-24-491-03930-523616', '11-24-491-03930-523615', '11-24-491-03930-523622']",6,"['1722.0', '1217.0', '1743.0', '1953.0', '4545.0', '890.0']",1.0
11-24-491-03930-523615,"['11-24-491-03930-523617', '11-24-491-03930-523602', '11-24-491-03930-523601', '11-24-491-03930-523616', '11-24-491-03930-523614', '11-24-491-03930-523622']",6,,
11-24-491-03930-523616,"['11-24-491-03930-523617', '11-24-491-03930-523601', '11-24-491-03930-523615', '11-24-491-03930-523614', '11-24-491-03930-523622']",5,"['1722.0', '1743.0', '4545.0', '2585.0', '890.0']",2.0
11-24-491-03930-523617,"['11-24-491-03930-523601', '11-24-491-03930-523616', '11-24-491-03930-523615', '11-24-491-03930-523614', '11-24-491-03930-523622']",5,"['1743.0', '1953.0', '4545.0', '2585.0', '890.0']",2.0
11-24-491-03930-523622,"['11-24-491-03930-523617', '11-24-491-03930-523601', '11-24-491-03930-523616', '11-24-491-03930-523615', '11-24-491-03930-523614']",5,,
11-24-491-03930-523623,"['11-24-491-03930-523613', '11-24-491-03930-523602', '11-24-491-03930-523590']",3,,
11-24-491-03930-523632,"['11-24-491-03930-523633', '11-24-491-03930-523634']",2,,
11-24-491-03930-523633,"['11-24-491-03930-523634', '11-24-491-03930-523632']",2,,
11-24-491-03930-523634,"['11-24-491-03930-523633', '11-24-491-03930-523632', '11-24-491-03930-523635']",3,,
11-24-491-03930-523635,['11-24-491-03930-523634'],1,['673.0'],0.0
11-24-491-03931-523636,"['11-24-491-03931-802624', '11-24-491-03931-523679']",2,,
11-24-491-03931-523639,[],0,,
11-24-491-03931-523641,['11-24-491-03931-523643'],1,,
11-24-491-03931-523643,['11-24-491-03931-523641'],1,,
11-24-491-03931-523660,['11-24-491-03931-523667'],1,,
11-24-491-03931-523663,[],0,,
11-24-491-03931-523664,['11-24-491-03931-523665'],1,['2788.0'],1.0
11-24-491-03931-523665,['11-24-491-03931-523664'],1,,
11-24-491-03931-523667,['11-24-491-03931-523660'],1,,
11-24-491-03931-523679,"['11-24-491-03931-523636', '11-24-491-03931-802624', '11-24-491-03931-523681']",3,,
11-24-491-03931-523681,['11-24-491-03931-523679'],1,,
11-24-491-03931-523682,[],0,,
11-24-491-03931-802624,"['11-24-491-03931-523636', '11-24-491-03931-523679']",2,,
11-24-491-03931-802625,['11-24-491-03931-802626'],1,,
11-24-491-03931-802626,['11-24-491-03931-802625'],1,,
11-24-492-03932-523685,['11-24-492-03932-523686'],1,,
11-24-492-03932-523686,"['11-24-492-03932-523688', '11-24-492-03932-523687', '11-24-492-03932-523685']",3,"['940.0', '1526.0', '362.0']",0.0
11-24-492-03932-523687,"['11-24-492-03932-523688', '11-24-492-03932-523686']",2,,
11-24-492-03932-523688,"['11-24-492-03932-523686', '11-24-492-03932-523689', '11-24-492-03932-523687', '11-24-492-03932-523709']",4,,
11-24-492-03932-523689,"['11-24-492-03932-523688', '11-24-492-03932-523709']",2,"['940.0', '1320.0']",0.0
11-24-492-03932-523692,"['11-24-492-03932-523693', '11-24-492-03932-523709']",2,,
11-24-492-03932-523693,"['11-24-492-03932-523692', '11-24-492-03932-523709']",2,,
11-24-492-03932-523699,"['11-24-492-03932-523728', '11-24-492-03932-523700']",2,,
11-24-492-03932-523700,"['11-24-492-03932-523728', '11-24-492-03932-523699']",2,,
11-24-492-03932-523709,"['11-24-492-03932-523688', '11-24-492-03932-523689', '11-24-492-03932-523693', '11-24-492-03932-523692']",4,,
11-24-492-03932-523713,[],0,,
11-24-492-03932-523728,"['11-24-492-03932-523700', '11-24-492-03932-523699']",2,,
11-24-492-03932-523729,"['11-24-492-03932-523752', '11-24-492-03933-523862']",2,,
11-24-492-03932-523734,"['11-24-492-03932-523735', '11-24-492-03932-523736']",2,,
11-24-492-03932-523735,"['11-24-492-03932-523736', '11-24-492-03932-523734']",2,,
11-24-492-03932-523736,"['11-24-492-03932-523735', '11-24-492-03932-523734']",2,,
11-24-492-03932-523738,['11-24-492-03932-523766'],1,['443.0'],0.0
11-24-492-03932-523745,"['11-24-492-03932-523761', '11-24-492-03932-523760']",2,,
11-24-492-03932-523752,"['11-24-492-03932-523729', '11-24-492-03933-523862']",2,,
11-24-492-03932-523760,"['11-24-492-03932-523745', '11-24-492-03932-523761']",2,,
11-24-492-03932-523761,"['11-24-492-03932-523745', '11-24-492-03932-523760']",2,,
11-24-492-03932-523766,['11-24-492-03932-523738'],1,,
11-24-492-03932-523782,['11-24-492-03932-523784'],1,,
11-24-492-03932-523783,[],0,[nan],0.0
11-24-492-03932-523784,"['11-24-492-03932-523782', '11-24-492-03932-523785']",2,,
11-24-492-03932-523785,['11-24-492-03932-523784'],1,,
11-24-492-03932-523786,['11-24-492-03932-523787'],1,,
11-24-492-03932-523787,"['11-24-492-03932-523786', '11-24-492-03938-524165']",2,,
11-24-492-03932-523789,"['11-24-492-03936-524094', '11-24-492-03936-524103', '11-24-492-03936-524096', '11-24-492-03936-524095']",4,,
11-24-492-03933-523813,"['11-24-492-03933-523839', '11-24-492-03933-523848']",2,,
11-24-492-03933-523816,[],0,,
11-24-492-03933-523831,"['11-24-492-03933-523854', '11-24-492-03933-523856']",2,,
11-24-492-03933-523833,['11-24-492-03933-523854'],1,,
11-24-492-03933-523839,"['11-24-492-03933-523813', '11-24-492-03933-523848']",2,,
11-24-492-03933-523848,"['11-24-492-03933-523813', '11-24-492-03933-523839']",2,,
11-24-492-03933-523850,"['11-24-492-03933-523872', '11-24-492-03933-523871', '11-24-492-03935-523950']",3,,
11-24-492-03933-523854,"['11-24-492-03933-523831', '11-24-492-03933-523833']",2,,
11-24-492-03933-523856,['11-24-492-03933-523831'],1,,
11-24-492-03933-523862,"['11-24-492-03932-523752', '11-24-492-03932-523729']",2,,
11-24-492-03933-523871,"['11-24-492-03933-523872', '11-24-492-03933-523850', '11-24-492-03935-523950']",3,,
11-24-492-03933-523872,"['11-24-492-03933-523850', '11-24-492-03933-523871', '11-24-492-03935-523950']",3,,
11-24-492-03933-802627,"['11-24-488-03918-522377', '11-24-488-03919-522421', '11-24-488-03918-522376', '11-24-488-03918-522384']",4,,
11-24-492-03934-523883,"['11-24-492-03934-523893', '11-24-492-03934-523884', '11-24-492-03934-523894']",3,,
11-24-492-03934-523884,"['11-24-492-03934-523883', '11-24-492-03934-523894', '11-24-492-03934-523893', '11-24-492-03934-523885', '11-24-492-03934-523887']",5,"['838.0', '1542.0', '1399.0', '872.0', '1117.0']",0.0
11-24-492-03934-523885,"['11-24-492-03934-523887', '11-24-492-03934-523884']",2,,
11-24-492-03934-523887,"['11-24-492-03934-523884', '11-24-492-03934-523885']",2,,
11-24-492-03934-523892,"['11-24-492-03934-523893', '11-24-492-03934-523900', '11-24-492-03934-523899']",3,,
11-24-492-03934-523893,"['11-24-492-03934-523884', '11-24-492-03934-523883', '11-24-492-03934-523899', '11-24-492-03934-523894', '11-24-492-03934-523900', '11-24-492-03934-523892']",6,,
11-24-492-03934-523894,"['11-24-492-03934-523893', '11-24-492-03934-523883', '11-24-492-03934-523884']",3,,
11-24-492-03934-523898,"['11-24-492-03935-523959', '11-24-492-03934-523922', '11-24-492-03934-523920', '11-24-492-03934-523899']",4,,
11-24-492-03934-523899,"['11-24-492-03934-523898', '11-24-492-03934-523920', '11-24-492-03934-523893', '11-24-492-03934-523900', '11-24-492-03935-523959', '11-24-492-03934-523922', '11-24-492-03934-523892']",7,,
11-24-492-03934-523900,"['11-24-492-03934-523893', '11-24-492-03934-523899', '11-24-492-03934-523892']",3,,
11-24-492-03934-523907,"['11-24-487-03911-521767', '11-24-492-03934-523909', '11-24-492-03934-523932', '11-24-492-03934-523937', '11-24-492-03934-523929', '11-24-492-03934-523908', '11-24-492-03934-523930']",7,,
11-24-492-03934-523908,"['11-24-487-03911-521767', '11-24-492-03934-523907', '11-24-492-03934-523909', '11-24-492-03934-523932', '11-24-492-03934-523937', '11-24-492-03934-523929', '11-24-492-03934-523930']",7,,
11-24-492-03934-523909,"['11-24-487-03911-521767', '11-24-492-03934-523907', '11-24-492-03934-523932', '11-24-492-03934-523937', '11-24-492-03934-523929', '11-24-492-03934-523908', '11-24-492-03934-523930']",7,,
11-24-492-03934-523920,"['11-24-492-03934-523898', '11-24-492-03934-523922', '11-24-492-03935-523959', '11-24-492-03934-523899']",4,,
11-24-492-03934-523922,"['11-24-492-03935-523959', '11-24-492-03934-523898', '11-24-492-03934-523920', '11-24-492-03934-523899']",4,,
11-24-492-03934-523929,"['11-24-487-03911-521767', '11-24-492-03934-523907', '11-24-492-03934-523909', '11-24-492-03934-523932', '11-24-492-03934-523937', '11-24-492-03934-523908', '11-24-492-03934-523930']",7,,
11-24-492-03934-523930,"['11-24-487-03911-521767', '11-24-492-03934-523907', '11-24-492-03934-523909', '11-24-492-03934-523932', '11-24-492-03934-523937', '11-24-492-03934-523929', '11-24-492-03934-523908']",7,,
11-24-492-03934-523932,"['11-24-487-03911-521767', '11-24-492-03934-523907', '11-24-492-03934-523909', '11-24-492-03934-523937', '11-24-492-03934-523929', '11-24-492-03934-523908', '11-24-492-03934-523930']",7,,
11-24-492-03934-523937,"['11-24-487-03911-521767', '11-24-492-03934-523907', '11-24-492-03934-523909', '11-24-492-03934-523932', '11-24-492-03934-523929', '11-24-492-03934-523908', '11-24-492-03934-523930']",7,,
11-24-492-03935-523947,"['11-24-492-03935-523948', '11-24-492-03935-523979']",2,,
11-24-492-03935-523948,"['11-24-492-03935-523979', '11-24-492-03935-523947']",2,,
11-24-492-03935-523949,"['11-24-492-03935-523977', '11-24-492-03935-523950']",2,,
11-24-492-03935-523950,"['11-24-492-03933-523871', '11-24-492-03935-523977', '11-24-492-03933-523850', '11-24-492-03933-523872', '11-24-492-03935-523949']",5,,
11-24-492-03935-523953,"['11-24-492-03935-523989', '11-24-492-03935-523990', '11-24-492-03935-524043', '11-24-492-03935-523975', '11-24-492-03935-524011', '11-24-492-03935-524021']",6,,
11-24-492-03935-523958,"['11-24-492-03935-523969', '11-24-492-03935-523959', '11-24-492-03935-523968']",3,,
11-24-492-03935-523959,"['11-24-492-03934-523898', '11-24-492-03935-523968', '11-24-492-03934-523920', '11-24-492-03935-523958', '11-24-492-03935-523969', '11-24-492-03934-523899', '11-24-492-03934-523922']",7,,
11-24-492-03935-523967,"['11-24-492-03935-523968', '11-24-492-03935-523997']",2,,
11-24-492-03935-523968,"['11-24-492-03935-523958', '11-24-492-03935-523969', '11-24-492-03935-523997', '11-24-492-03935-523967', '11-24-492-03935-523959']",5,,
11-24-492-03935-523969,"['11-24-492-03935-523959', '11-24-492-03935-523968', '11-24-492-03935-523958']",3,,
11-24-492-03935-523972,[],0,,
11-24-492-03935-523974,[],0,,
11-24-492-03935-523975,"['11-24-492-03935-523989', '11-24-492-03935-523990', '11-24-492-03935-524043', '11-24-492-03935-523953', '11-24-492-03935-524011', '11-24-492-03935-524021']",6,,
11-24-492-03935-523977,"['11-24-492-03935-523950', '11-24-492-03935-523949']",2,,
11-24-492-03935-523979,"['11-24-492-03935-523948', '11-24-492-03935-523947']",2,,
11-24-492-03935-523989,"['11-24-492-03935-523990', '11-24-492-03935-524043', '11-24-492-03935-523975', '11-24-492-03935-523953', '11-24-492-03935-524011', '11-24-492-03935-524021']",6,,
11-24-492-03935-523990,"['11-24-492-03935-523989', '11-24-492-03935-524010', '11-24-492-03935-524043', '11-24-492-03935-523975', '11-24-492-03935-523953', '11-24-492-03935-524011', '11-24-492-03935-524021']",7,,
11-24-492-03935-523991,['11-24-492-03935-524009'],1,,
11-24-492-03935-523997,"['11-24-492-03935-523968', '11-24-492-03935-523967']",2,,
11-24-492-03935-524009,"['11-24-492-03935-524040', '11-24-492-03935-524024', '11-24-492-03935-523991', '11-24-492-03935-524010', '11-24-492-03935-802628', '11-24-492-03935-524056']",6,,
11-24-492-03935-524010,"['11-24-492-03935-524040', '11-24-492-03935-524024', '11-24-492-03935-523990', '11-24-492-03935-802628', '11-24-492-03935-524056', '11-24-492-03935-524009', '11-24-492-03935-524011']",7,,
11-24-492-03935-524011,"['11-24-492-03935-523989', '11-24-492-03935-523990', '11-24-492-03935-524010', '11-24-492-03935-524043', '11-24-492-03935-523975', '11-24-492-03935-523953', '11-24-492-03935-524021']",7,,
11-24-492-03935-524013,"['11-24-492-03935-524045', '11-24-492-03935-524047', '11-24-492-03935-524014', '11-24-492-03935-524017', '11-24-492-03935-524019', '11-24-492-03935-524046']",6,,
11-24-492-03935-524014,['11-24-492-03935-524013'],1,,
11-24-492-03935-524017,"['11-24-492-03935-524013', '11-24-492-03935-524045', '11-24-492-03935-524047', '11-24-492-03935-524019', '11-24-492-03935-524046']",5,,
11-24-492-03935-524019,"['11-24-492-03935-524013', '11-24-492-03935-524045', '11-24-492-03935-524047', '11-24-492-03935-524017', '11-24-492-03935-524046']",5,,
11-24-492-03935-524021,"['11-24-492-03935-523989', '11-24-492-03935-523990', '11-24-492-03935-524043', '11-24-492-03935-523975', '11-24-492-03935-523953', '11-24-492-03935-524011']",6,,
11-24-492-03935-524024,"['11-24-492-03935-524040', '11-24-492-03935-524010', '11-24-492-03935-802628', '11-24-492-03935-524056', '11-24-492-03935-524009']",5,,
11-24-492-03935-524034,"['11-24-492-03935-524059', '11-24-492-03935-524060', '11-24-492-03935-524035']",3,,
11-24-492-03935-524035,"['11-24-492-03935-524059', '11-24-492-03935-524060', '11-24-492-03935-524034']",3,,
11-24-492-03935-524038,[],0,,
11-24-492-03935-524040,"['11-24-492-03935-524024', '11-24-492-03935-524010', '11-24-492-03935-802628', '11-24-492-03935-524056', '11-24-492-03935-524009']",5,,
11-24-492-03935-524043,"['11-24-492-03935-523989', '11-24-492-03935-524021', '11-24-492-03935-523990', '11-24-492-03935-523975', '11-24-492-03935-523953', '11-24-492-03935-524011']",6,,
11-24-492-03935-524045,"['11-24-492-03935-524013', '11-24-492-03935-524047', '11-24-492-03935-524017', '11-24-492-03935-524019', '11-24-492-03935-524046']",5,,
11-24-492-03935-524046,"['11-24-492-03935-524013', '11-24-492-03935-524045', '11-24-492-03935-524047', '11-24-492-03935-524017', '11-24-492-03935-524019']",5,,
11-24-492-03935-524047,"['11-24-492-03935-524013', '11-24-492-03935-524045', '11-24-492-03935-524017', '11-24-492-03935-524019', '11-24-492-03935-524046']",5,,
11-24-492-03935-524056,"['11-24-492-03935-524040', '11-24-492-03935-524024', '11-24-492-03935-524010', '11-24-492-03935-802628', '11-24-492-03935-524009']",5,,
11-24-492-03935-524059,"['11-24-492-03935-524060', '11-24-492-03935-524034', '11-24-492-03935-524035']",3,,
11-24-492-03935-524060,"['11-24-492-03935-524059', '11-24-492-03935-524034', '11-24-492-03935-524035']",3,,
11-24-492-03935-524064,[],0,,
11-24-492-03935-524070,['11-24-492-03935-524071'],1,,
11-24-492-03935-524071,['11-24-492-03935-524070'],1,,
11-24-492-03935-802628,"['11-24-492-03935-524040', '11-24-492-03935-524024', '11-24-492-03935-524010', '11-24-492-03935-524056', '11-24-492-03935-524009']",5,,
11-24-492-03936-524094,"['11-24-492-03936-524103', '11-24-492-03936-524096', '11-24-492-03932-523789', '11-24-492-03936-524095']",4,,
11-24-492-03936-524095,"['11-24-492-03936-524094', '11-24-492-03936-524103', '11-24-492-03936-524096', '11-24-492-03932-523789']",4,,
11-24-492-03936-524096,"['11-24-492-03936-524094', '11-24-492-03936-524103', '11-24-492-03932-523789', '11-24-492-03936-524095']",4,,
11-24-492-03936-524103,"['11-24-492-03936-524094', '11-24-492-03936-524096', '11-24-492-03932-523789', '11-24-492-03936-524095']",4,,
11-24-492-03936-524109,"['11-24-492-03936-524122', '11-24-492-03936-524111', '11-24-492-03936-524110']",3,,
11-24-492-03936-524110,"['11-24-492-03936-524109', '11-24-492-03936-524122', '11-24-492-03936-524111']",3,,
11-24-492-03936-524111,"['11-24-492-03936-524109', '11-24-492-03936-524112', '11-24-492-03936-524113', '11-24-492-03936-524122', '11-24-492-03936-524110']",5,,
11-24-492-03936-524112,"['11-24-492-03936-524113', '11-24-492-03936-524111', '11-24-492-03936-524120']",3,,
11-24-492-03936-524113,"['11-24-492-03936-524112', '11-24-492-03936-524111']",2,"['1507.0', '2884.0']",1.0
11-24-492-03936-524114,"['11-24-492-03936-524118', '11-24-492-03936-524129', '11-24-492-03936-524130']",3,,
11-24-492-03936-524118,"['11-24-492-03936-524129', '11-24-492-03936-524130', '11-24-492-03936-524114']",3,"['7053.0', '860.0', '15535.0']",2.0
11-24-492-03936-524120,"['11-24-492-03936-524129', '11-24-492-03936-524112', '11-24-492-03936-524141', '11-24-492-03936-524134']",4,,
11-24-492-03936-524122,"['11-24-492-03936-524109', '11-24-492-03936-524111', '11-24-492-03936-524128', '11-24-492-03936-524110']",4,,
11-24-492-03936-524126,"['11-24-492-03936-524136', '11-24-492-03936-524139']",2,,
11-24-492-03936-524128,['11-24-492-03936-524122'],1,,
11-24-492-03936-524129,"['11-24-492-03936-524130', '11-24-492-03936-524141', '11-24-492-03936-524118', '11-24-492-03936-524114', '11-24-492-03936-524120', '11-24-492-03936-524134']",6,,
11-24-492-03936-524130,"['11-24-492-03936-524118', '11-24-492-03936-524129', '11-24-492-03936-524114']",3,,
11-24-492-03936-524134,"['11-24-492-03936-524129', '11-24-492-03936-524141', '11-24-492-03936-524120']",3,,
11-24-492-03936-524135,[],0,,
11-24-492-03936-524136,"['11-24-492-03936-524126', '11-24-492-03936-524139']",2,,
11-24-492-03936-524139,"['11-24-492-03936-524126', '11-24-492-03936-524136']",2,,
11-24-492-03936-524141,"['11-24-492-03936-524129', '11-24-492-03936-524134', '11-24-492-03936-524120']",3,,
11-24-492-03936-524147,['11-24-492-03936-524148'],1,,
11-24-492-03936-524148,['11-24-492-03936-524147'],1,,
11-24-492-03936-524149,"['11-24-492-03936-524158', '11-24-492-03936-524160']",2,,
11-24-492-03936-524158,"['11-24-492-03936-524149', '11-24-492-03936-524160']",2,,
11-24-492-03936-524160,"['11-24-492-03936-524149', '11-24-492-03936-524158']",2,,
11-24-492-03937-802629,['11-24-492-03938-524179'],1,,
11-24-492-03938-524164,['11-24-492-03938-524173'],1,,
11-24-492-03938-524165,['11-24-492-03932-523787'],1,,
11-24-492-03938-524173,['11-24-492-03938-524164'],1,,
11-24-492-03938-524179,['11-24-492-03937-802629'],1,,
11-24-492-03938-524199,"['11-24-492-03939-524247', '11-24-492-03938-524201', '11-24-492-03939-524246', '11-24-492-03938-524202']",4,,
11-24-492-03938-524201,"['11-24-492-03939-524247', '11-24-492-03938-524202', '11-24-492-03939-524246', '11-24-492-03938-524199']",4,,
11-24-492-03938-524202,"['11-24-492-03939-524247', '11-24-492-03938-524201', '11-24-492-03939-524246', '11-24-492-03938-524199']",4,,
11-24-492-03939-524223,"['11-24-492-03939-524234', '11-24-492-03939-524235', '11-24-492-03939-524233', '11-24-492-03939-524224', '11-24-492-03939-524225', '11-24-492-03939-524237']",6,,
11-24-492-03939-524224,"['11-24-492-03939-524234', '11-24-492-03939-524235', '11-24-492-03939-524233', '11-24-492-03939-524225', '11-24-492-03939-524237', '11-24-492-03939-524223']",6,,
11-24-492-03939-524225,"['11-24-492-03939-524234', '11-24-492-03939-524235', '11-24-492-03939-524233', '11-24-492-03939-524224', '11-24-492-03939-524237', '11-24-492-03939-524223']",6,,
11-24-492-03939-524233,"['11-24-492-03939-524234', '11-24-492-03939-524235', '11-24-492-03939-524224', '11-24-492-03939-524225', '11-24-492-03939-524237', '11-24-492-03939-524223']",6,,
11-24-492-03939-524234,"['11-24-492-03939-524235', '11-24-492-03939-524233', '11-24-492-03939-524224', '11-24-492-03939-524225', '11-24-492-03939-524237', '11-24-492-03939-524223']",6,,
11-24-492-03939-524235,"['11-24-492-03939-524234', '11-24-492-03939-524233', '11-24-492-03939-524224', '11-24-492-03939-524225', '11-24-492-03939-524237', '11-24-492-03939-524223']",6,,
11-24-492-03939-524237,"['11-24-492-03939-524234', '11-24-492-03939-524235', '11-24-492-03939-524233', '11-24-492-03939-524224', '11-24-492-03939-524225', '11-24-492-03939-524223']",6,,
11-24-492-03939-524240,"['11-24-492-03939-524253', '11-24-492-03939-524243']",2,,
11-24-492-03939-524243,"['11-24-492-03939-524253', '11-24-492-03939-524252', '11-24-492-03939-524240', '11-24-492-03939-524244']",4,,
11-24-492-03939-524244,"['11-24-492-03939-524252', '11-24-492-03939-524243']",2,,
11-24-492-03939-524246,"['11-24-492-03939-524247', '11-24-492-03938-524201', '11-24-492-03938-524202', '11-24-492-03938-524199']",4,,
11-24-492-03939-524247,"['11-24-492-03938-524201', '11-24-492-03939-524246', '11-24-492-03938-524202', '11-24-492-03938-524199']",4,,
11-24-492-03939-524252,"['11-24-492-03939-524243', '11-24-492-03939-524244']",2,,
11-24-492-03939-524253,"['11-24-492-03939-524243', '11-24-492-03939-524240']",2,,
11-24-492-03940-524263,['11-24-492-03940-524347'],1,,
11-24-492-03940-524265,"['11-24-492-03940-524266', '11-24-492-03940-524283', '11-24-492-03940-524282']",3,,
11-24-492-03940-524266,"['11-24-492-03940-524283', '11-24-492-03940-524265', '11-24-492-03940-524282']",3,,
11-24-492-03940-524271,['11-24-492-03940-524275'],1,,
11-24-492-03940-524275,['11-24-492-03940-524271'],1,,
11-24-492-03940-524282,"['11-24-492-03940-524266', '11-24-492-03940-524283', '11-24-492-03940-524265']",3,,
11-24-492-03940-524283,"['11-24-492-03940-524266', '11-24-492-03940-524265', '11-24-492-03940-524282']",3,,
11-24-492-03940-524294,"['11-24-492-03940-524295', '11-24-492-03940-524297', '11-24-492-03940-524298']",3,,
11-24-492-03940-524295,"['11-24-492-03940-524294', '11-24-492-03940-524297', '11-24-492-03940-524298']",3,,
11-24-492-03940-524296,['11-24-492-03940-524297'],1,,
11-24-492-03940-524297,"['11-24-493-03946-524867', '11-24-492-03940-524295', '11-24-492-03940-524296', '11-24-492-03940-524294', '11-24-492-03940-524298']",5,"['3416.0', '754.0', '2790.0', '1632.0', '1301.0']",2.0
11-24-492-03940-524298,"['11-24-492-03940-524294', '11-24-492-03940-524295', '11-24-492-03940-524297']",3,,
11-24-492-03940-524304,[],0,,
11-24-492-03940-524307,"['11-24-492-03940-524308', '11-24-492-03940-524315', '11-24-492-03940-524318']",3,,
11-24-492-03940-524308,"['11-24-492-03940-524307', '11-24-492-03940-524315', '11-24-492-03940-524318']",3,,
11-24-492-03940-524311,[],0,,
11-24-492-03940-524312,"['11-24-493-03946-524870', '11-24-493-03946-524871']",2,,
11-24-492-03940-524314,['11-24-492-03940-524316'],1,,
11-24-492-03940-524315,"['11-24-492-03940-524308', '11-24-492-03940-524307', '11-24-492-03940-524318']",3,,
11-24-492-03940-524316,['11-24-492-03940-524314'],1,,
11-24-492-03940-524317,"['11-24-492-03940-524325', '11-24-492-03940-524328']",2,,
11-24-492-03940-524318,"['11-24-492-03940-524323', '11-24-492-03940-524307', '11-24-492-03940-524315', '11-24-492-03940-524322', '11-24-492-03940-524308']",5,,
11-24-492-03940-524320,"['11-24-492-03940-524321', '11-24-492-03940-524331', '11-24-492-03940-524332']",3,,
11-24-492-03940-524321,"['11-24-492-03940-524320', '11-24-492-03940-524331', '11-24-492-03940-524332']",3,,
11-24-492-03940-524322,"['11-24-492-03940-524323', '11-24-492-03940-524318']",2,,
11-24-492-03940-524323,"['11-24-492-03940-524322', '11-24-492-03940-524318']",2,,
11-24-492-03940-524325,"['11-24-492-03940-524328', '11-24-492-03940-524317']",2,,
11-24-492-03940-524328,"['11-24-492-03940-524325', '11-24-492-03940-524317']",2,"['970.0', '2038.0']",0.0
11-24-492-03940-524329,['11-24-492-03941-524348'],1,,
11-24-492-03940-524331,"['11-24-492-03940-524320', '11-24-492-03940-524321', '11-24-492-03940-524332']",3,,
11-24-492-03940-524332,"['11-24-492-03940-524320', '11-24-492-03940-524321', '11-24-492-03940-524331']",3,,
11-24-492-03940-524347,['11-24-492-03940-524263'],1,,
11-24-492-03941-524348,['11-24-492-03940-524329'],1,,
11-24-492-03941-524358,"['11-24-492-03941-524361', '11-24-492-03941-524360', '11-24-492-03941-524374', '11-24-492-03941-524359', '11-24-492-03941-524376']",5,,
11-24-492-03941-524359,"['11-24-492-03941-524358', '11-24-492-03941-524361', '11-24-492-03941-524360', '11-24-492-03941-524374', '11-24-492-03941-524376']",5,,
11-24-492-03941-524360,"['11-24-492-03941-524358', '11-24-492-03941-524361', '11-24-492-03941-524374', '11-24-492-03941-524359', '11-24-492-03941-524376']",5,,
11-24-492-03941-524361,"['11-24-492-03941-524358', '11-24-492-03941-524360', '11-24-492-03941-524374', '11-24-492-03941-524359', '11-24-492-03941-524376']",5,,
11-24-492-03941-524374,"['11-24-492-03941-524358', '11-24-492-03941-524361', '11-24-492-03941-524360', '11-24-492-03941-524359', '11-24-492-03941-524376']",5,,
11-24-492-03941-524376,"['11-24-492-03941-524358', '11-24-492-03941-524361', '11-24-492-03941-524360', '11-24-492-03941-524374', '11-24-492-03941-524359']",5,,
11-24-492-03941-524382,"['11-24-492-03941-524393', '11-24-493-03946-524901', '11-24-492-03941-524396']",3,,
11-24-492-03941-524383,[],0,,
11-24-492-03941-524384,['11-24-492-03941-524388'],1,,
11-24-492-03941-524386,[],0,,
11-24-492-03941-524388,['11-24-492-03941-524384'],1,,
11-24-492-03941-524390,['11-24-492-03941-524397'],1,,
11-24-492-03941-524393,"['11-24-493-03946-524901', '11-24-492-03941-524396', '11-24-492-03941-524382']",3,,
11-24-492-03941-524396,"['11-24-492-03941-524393', '11-24-493-03946-524901', '11-24-492-03941-524382']",3,,
11-24-492-03941-524397,['11-24-492-03941-524390'],1,,
11-24-492-03941-524398,[],0,,
11-24-492-03941-524404,"['11-24-492-03941-524406', '11-24-493-03945-524807', '11-24-492-03941-524405', '11-24-492-03941-524407']",4,,
11-24-492-03941-524405,"['11-24-492-03941-524406', '11-24-493-03945-524807', '11-24-492-03941-524404', '11-24-492-03941-524407']",4,,
11-24-492-03941-524406,"['11-24-493-03945-524807', '11-24-492-03941-524405', '11-24-492-03941-524404', '11-24-492-03941-524407']",4,,
11-24-492-03941-524407,"['11-24-492-03941-524406', '11-24-493-03945-524807', '11-24-492-03941-524405', '11-24-492-03941-524404']",4,,
11-24-492-03941-524411,['11-24-490-03925-523059'],1,,
11-24-492-03941-524414,"['11-24-490-03926-523145', '11-24-490-03926-523146']",2,,
11-24-493-03942-524417,['11-24-493-03942-524437'],1,,
11-24-493-03942-524418,['11-24-493-03942-524419'],1,['1343.0'],0.0
11-24-493-03942-524419,['11-24-493-03942-524418'],1,,
11-24-493-03942-524426,['11-24-493-03942-524428'],1,,
11-24-493-03942-524428,['11-24-493-03942-524426'],1,,
11-24-493-03942-524431,['11-24-493-03942-524432'],1,['654.0'],0.0
11-24-493-03942-524432,['11-24-493-03942-524431'],1,['1758.0'],0.0
11-24-493-03942-524434,[],0,[nan],0.0
11-24-493-03942-524437,"['11-24-493-03942-524417', '11-24-493-03942-524440']",2,,
11-24-493-03942-524440,['11-24-493-03942-524437'],1,,
11-24-493-03942-524457,['11-24-493-03942-524478'],1,,
11-24-493-03942-524471,[],0,,
11-24-493-03942-524478,['11-24-493-03942-524457'],1,,
11-24-493-03942-524484,[],0,[nan],0.0
11-24-493-03942-524490,"['11-24-493-03942-524491', '11-24-493-03943-524496']",2,,
11-24-493-03942-524491,['11-24-493-03942-524490'],1,,
11-24-493-03942-524495,[],0,,
11-24-493-03943-524496,['11-24-493-03942-524490'],1,,
11-24-493-03943-524502,['11-24-493-03943-524508'],1,,
11-24-493-03943-524508,['11-24-493-03943-524502'],1,,
11-24-493-03943-524509,['11-24-493-03943-524538'],1,,
11-24-493-03943-524511,['11-24-493-03943-524537'],1,,
11-24-493-03943-524512,['11-24-493-03943-524517'],1,,
11-24-493-03943-524517,['11-24-493-03943-524512'],1,,
11-24-493-03943-524518,['11-24-493-03943-524520'],1,,
11-24-493-03943-524520,['11-24-493-03943-524518'],1,,
11-24-493-03943-524527,[],0,,
11-24-493-03943-524531,['11-24-493-03943-524535'],1,,
11-24-493-03943-524532,['11-24-493-03943-524533'],1,,
11-24-493-03943-524533,['11-24-493-03943-524532'],1,,
11-24-493-03943-524535,['11-24-493-03943-524531'],1,,
11-24-493-03943-524537,['11-24-493-03943-524511'],1,,
11-24-493-03943-524538,['11-24-493-03943-524509'],1,,
11-24-493-03944-524560,"['11-24-493-03944-524577', '11-24-493-03944-524562']",2,"['2405.0', '382.0']",0.0
11-24-493-03944-524562,"['11-24-493-03944-524577', '11-24-493-03944-524560', '11-24-493-03944-524575']",3,,
11-24-493-03944-524574,"['11-24-493-03944-524579', '11-24-493-03944-524580', '11-24-493-03944-524577', '11-24-493-03944-524591', '11-24-493-03944-524589', '11-24-493-03944-524575', '11-24-493-03944-524590']",7,"['3124.0', '362.0', '2405.0', '1285.0', '2164.0', '874.0', '1173.0']",1.0
11-24-493-03944-524575,"['11-24-493-03944-524579', '11-24-493-03944-524580', '11-24-493-03944-524574', '11-24-493-03944-524577', '11-24-493-03944-524591', '11-24-493-03944-524589', '11-24-493-03944-524562', '11-24-493-03944-524590']",8,,
11-24-493-03944-524577,"['11-24-493-03944-524579', '11-24-493-03944-524580', '11-24-493-03944-524574', '11-24-493-03944-524591', '11-24-493-03944-524562', '11-24-493-03944-524589', '11-24-493-03944-524560', '11-24-493-03944-524575', '11-24-493-03944-524590']",9,,
11-24-493-03944-524578,"['11-24-493-03944-524579', '11-24-493-03944-524593']",2,,
11-24-493-03944-524579,"['11-24-493-03944-524580', '11-24-493-03944-524574', '11-24-493-03944-524577', '11-24-493-03944-524591', '11-24-493-03944-524589', '11-24-493-03944-524575', '11-24-493-03944-524578', '11-24-493-03944-524590', '11-24-493-03944-524593']",9,"['362.0', '3146.0', '2405.0', '1285.0', '2164.0', '874.0', '604.0', '1173.0', '1319.0']",1.0
11-24-493-03944-524580,"['11-24-493-03944-524579', '11-24-493-03944-524574', '11-24-493-03944-524577', '11-24-493-03944-524591', '11-24-493-03944-524589', '11-24-493-03944-524575', '11-24-493-03944-524590']",7,,
11-24-493-03944-524582,[],0,,
11-24-493-03944-524589,"['11-24-493-03944-524579', '11-24-493-03944-524580', '11-24-493-03944-524574', '11-24-493-03944-524577', '11-24-493-03944-524591', '11-24-493-03944-524575', '11-24-493-03944-524590']",7,"['3124.0', '362.0', '3146.0', '2405.0', '1285.0', '874.0', '1173.0']",2.0
11-24-493-03944-524590,"['11-24-493-03944-524579', '11-24-493-03944-524580', '11-24-493-03944-524574', '11-24-493-03944-524577', '11-24-493-03944-524591', '11-24-493-03944-524589', '11-24-493-03944-524575']",7,"['3124.0', '362.0', '3146.0', '2405.0', '1285.0', '2164.0', '874.0']",2.0
11-24-493-03944-524591,"['11-24-493-03944-524579', '11-24-493-03944-524580', '11-24-493-03944-524574', '11-24-493-03944-524577', '11-24-493-03944-524589', '11-24-493-03944-524575', '11-24-493-03944-524590']",7,,
11-24-493-03944-524593,"['11-24-493-03944-524579', '11-24-493-03944-524594', '11-24-493-03944-524595', '11-24-493-03944-524578', '11-24-493-03945-524738']",5,,
11-24-493-03944-524594,"['11-24-493-03945-524738', '11-24-493-03944-524595', '11-24-493-03944-524593']",3,,
11-24-493-03944-524595,"['11-24-493-03945-524738', '11-24-493-03944-524594', '11-24-493-03944-524593']",3,"['1290.0', '1496.0', '1319.0']",0.0
11-24-493-03944-524602,"['11-24-493-03944-802635', '11-24-493-03944-524607', '11-24-493-03944-524608']",3,,
11-24-493-03944-524607,"['11-24-493-03944-802635', '11-24-493-03944-524608', '11-24-493-03944-524602']",3,"[nan, '1490.0', '551.0']",0.0
11-24-493-03944-524608,"['11-24-493-03944-802635', '11-24-493-03944-524607', '11-24-493-03944-524602']",3,,
11-24-493-03944-524617,['11-24-493-03944-524631'],1,,
11-24-493-03944-524625,"['11-24-493-03944-524646', '11-24-493-03944-524648']",2,,
11-24-493-03944-524631,"['11-24-493-03944-524632', '11-24-493-03944-524640', '11-24-493-03944-524633', '11-24-493-03944-524617']",4,,
11-24-493-03944-524632,"['11-24-493-03944-524631', '11-24-493-03944-524640', '11-24-493-03944-524633']",3,,
11-24-493-03944-524633,"['11-24-493-03944-524631', '11-24-493-03944-524632', '11-24-493-03944-524640']",3,,
11-24-493-03944-524640,"['11-24-493-03944-524631', '11-24-493-03944-524632', '11-24-493-03944-524633']",3,,
11-24-493-03944-524646,"['11-24-493-03944-524625', '11-24-493-03944-524648', '11-24-493-03944-524650']",3,,
11-24-493-03944-524647,"['11-24-493-03945-524776', '11-24-493-03944-524648', '11-24-493-03945-524771']",3,,
11-24-493-03944-524648,"['11-24-493-03944-524647', '11-24-493-03945-524776', '11-24-493-03944-524646', '11-24-493-03945-524771', '11-24-493-03944-524625']",5,,
11-24-493-03944-524650,"['11-24-493-03944-524646', '11-24-493-03945-524789']",2,"['743.0', '1819.0']",0.0
11-24-493-03944-524659,"['11-24-493-03944-524697', '11-24-489-03921-522548', '11-24-489-03921-522547', '11-24-493-03944-524698']",4,,
11-24-493-03944-524697,"['11-24-489-03921-522548', '11-24-489-03921-522547', '11-24-493-03944-524698', '11-24-493-03944-524659']",4,,
11-24-493-03944-524698,"['11-24-493-03944-524697', '11-24-489-03921-522548', '11-24-489-03921-522547', '11-24-493-03944-524659']",4,,
11-24-493-03944-524709,[],0,,
11-24-493-03944-802635,"['11-24-493-03944-524607', '11-24-493-03944-524608', '11-24-493-03944-524602']",3,,
11-24-493-03945-524718,['11-24-493-03945-524720'],1,['4008.0'],1.0
11-24-493-03945-524719,['11-24-493-03945-524720'],1,,
11-24-493-03945-524720,"['11-24-493-03945-524718', '11-24-493-03945-524722', '11-24-493-03945-524719']",3,,
11-24-493-03945-524722,['11-24-493-03945-524720'],1,,
11-24-493-03945-524723,[],0,[nan],0.0
11-24-493-03945-524726,['11-24-493-03946-524868'],1,,
11-24-493-03945-524733,"['11-24-493-03945-524745', '11-24-493-03945-524743', '11-24-493-03946-524868', '11-24-493-03946-524870', '11-24-493-03946-524869', '11-24-493-03945-524734']",6,,
11-24-493-03945-524734,['11-24-493-03945-524733'],1,,
11-24-493-03945-524735,['11-24-493-03945-524736'],1,,
11-24-493-03945-524736,['11-24-493-03945-524735'],1,['2447.0'],0.0
11-24-493-03945-524738,"['11-24-493-03945-524741', '11-24-493-03944-524594', '11-24-493-03944-524595', '11-24-493-03944-524593']",4,,
11-24-493-03945-524741,"['11-24-493-03945-524738', '11-24-493-03945-524742', '11-24-493-03945-802636']",3,,
11-24-493-03945-524742,"['11-24-493-03945-524741', '11-24-493-03945-802636']",2,,
11-24-493-03945-524743,"['11-24-493-03945-524745', '11-24-493-03946-524870', '11-24-493-03945-524744', '11-24-493-03945-524733']",4,"['4609.0', '2137.0', '1261.0', '1917.0']",1.0
11-24-493-03945-524744,['11-24-493-03945-524743'],1,,
11-24-493-03945-524745,"['11-24-493-03945-524743', '11-24-493-03946-524870', '11-24-493-03945-524733']",3,"['2476.0', '2137.0', '1917.0']",0.0
11-24-493-03945-524748,[],0,,
11-24-493-03945-524755,['11-24-493-03945-524756'],1,,
11-24-493-03945-524756,['11-24-493-03945-524755'],1,,
11-24-493-03945-524758,"['11-24-493-03945-524769', '11-24-493-03945-524768', '11-24-493-03945-524766', '11-24-493-03945-524776', '11-24-493-03945-524765', '11-24-493-03945-524778', '11-24-493-03945-524770', '11-24-493-03946-524883', '11-24-493-03945-524767']",9,,
11-24-493-03945-524760,['11-24-493-03945-524769'],1,['1969.0'],0.0
11-24-493-03945-524762,"['11-24-493-03946-524882', '11-24-493-03945-524763', '11-24-493-03945-524764', '11-24-493-03946-524883']",4,,
11-24-493-03945-524763,"['11-24-493-03946-524882', '11-24-493-03945-524762']",2,,
11-24-493-03945-524764,"['11-24-493-03945-524765', '11-24-493-03945-524762', '11-24-493-03946-524883']",3,,
11-24-493-03945-524765,"['11-24-493-03945-524769', '11-24-493-03945-524768', '11-24-493-03945-524766', '11-24-493-03945-524776', '11-24-493-03945-524778', '11-24-493-03945-524764', '11-24-493-03945-524770', '11-24-493-03945-524758', '11-24-493-03946-524883', '11-24-493-03945-524767']",10,,
11-24-493-03945-524766,"['11-24-493-03945-524769', '11-24-493-03945-524768', '11-24-493-03945-524776', '11-24-493-03945-524765', '11-24-493-03945-524778', '11-24-493-03945-524770', '11-24-493-03945-524758', '11-24-493-03946-524883', '11-24-493-03945-524767']",9,,
11-24-493-03945-524767,"['11-24-493-03945-524769', '11-24-493-03945-524768', '11-24-493-03945-524766', '11-24-493-03945-524776', '11-24-493-03945-524765', '11-24-493-03945-524778', '11-24-493-03945-524770', '11-24-493-03945-524758', '11-24-493-03946-524883']",9,,
11-24-493-03945-524768,"['11-24-493-03945-524769', '11-24-493-03945-524766', '11-24-493-03945-524776', '11-24-493-03945-524765', '11-24-493-03945-524778', '11-24-493-03945-524770', '11-24-493-03945-524758', '11-24-493-03946-524883', '11-24-493-03945-524767']",9,,
11-24-493-03945-524769,"['11-24-493-03945-524768', '11-24-493-03945-524766', '11-24-493-03945-524776', '11-24-493-03945-524765', '11-24-493-03945-524778', '11-24-493-03945-524760', '11-24-493-03945-524770', '11-24-493-03945-524758', '11-24-493-03946-524883', '11-24-493-03945-524767']",10,,
11-24-493-03945-524770,"['11-24-493-03945-524769', '11-24-493-03945-524768', '11-24-493-03945-524766', '11-24-493-03945-524776', '11-24-493-03945-524765', '11-24-493-03945-524778', '11-24-493-03945-524758', '11-24-493-03946-524883', '11-24-493-03945-524767']",9,,
11-24-493-03945-524771,"['11-24-493-03945-524776', '11-24-493-03944-524647', '11-24-493-03944-524648']",3,"['1110.0', '644.0', '1074.0']",0.0
11-24-493-03945-524773,"['11-24-493-03945-524774', '11-24-493-03945-524789', '11-24-493-03945-524788', '11-24-493-03945-524775']",4,,
11-24-493-03945-524774,"['11-24-493-03945-524775', '11-24-493-03945-524787', '11-24-493-03945-524789', '11-24-493-03945-524788', '11-24-493-03945-524773']",5,,
11-24-493-03945-524775,"['11-24-493-03945-524785', '11-24-493-03945-524774', '11-24-493-03945-524776', '11-24-493-03945-524778', '11-24-493-03945-524787', '11-24-493-03945-524784', '11-24-493-03945-524789', '11-24-493-03945-524788', '11-24-493-03945-524773', '11-24-493-03945-524777']",10,,
11-24-493-03945-524776,"['11-24-493-03945-524769', '11-24-493-03945-524785', '11-24-493-03945-524775', '11-24-493-03945-524766', '11-24-493-03945-524768', '11-24-493-03944-524647', '11-24-493-03945-524765', '11-24-493-03945-524778', '11-24-493-03945-524770', '11-24-493-03945-524784', '11-24-493-03945-524758', '11-24-493-03945-524771', '11-24-493-03946-524883', '11-24-493-03945-524767', '11-24-493-03944-524648', '11-24-493-03945-524777']",16,,
11-24-493-03945-524777,"['11-24-493-03945-524775', '11-24-493-03945-524785', '11-24-493-03945-524776', '11-24-493-03945-524778', '11-24-493-03945-524784']",5,,
11-24-493-03945-524778,"['11-24-493-03945-524769', '11-24-493-03945-524785', '11-24-493-03945-524775', '11-24-493-03945-524766', '11-24-493-03945-524768', '11-24-493-03945-524776', '11-24-493-03945-524765', '11-24-493-03945-524770', '11-24-493-03945-524784', '11-24-493-03945-524758', '11-24-493-03946-524883', '11-24-493-03945-524767', '11-24-493-03945-524777']",13,,
11-24-493-03945-524779,"['11-24-493-03945-524783', '11-24-493-03945-524780']",2,,
11-24-493-03945-524780,"['11-24-493-03946-524895', '11-24-493-03945-524779']",2,"['2464.0', '1347.0']",0.0
11-24-493-03945-524783,"['11-24-493-03945-524784', '11-24-493-03945-524779']",2,,
11-24-493-03945-524784,"['11-24-493-03945-524775', '11-24-493-03945-524785', '11-24-493-03945-524776', '11-24-493-03945-524778', '11-24-493-03945-524783', '11-24-493-03945-524777']",6,,
11-24-493-03945-524785,"['11-24-493-03945-524775', '11-24-493-03945-524776', '11-24-493-03945-524778', '11-24-493-03945-524784', '11-24-493-03945-524777']",5,,
11-24-493-03945-524787,"['11-24-493-03945-524774', '11-24-493-03945-524775']",2,,
11-24-493-03945-524788,"['11-24-493-03945-524775', '11-24-493-03945-524774', '11-24-493-03945-524797', '11-24-493-03945-524789', '11-24-493-03945-524773', '11-24-493-03945-524798']",6,,
11-24-493-03945-524789,"['11-24-493-03945-524775', '11-24-493-03944-524650', '11-24-493-03945-524774', '11-24-493-03945-524788', '11-24-493-03945-524773']",5,,
11-24-493-03945-524790,['11-24-493-03945-524796'],1,['718.0'],0.0
11-24-493-03945-524796,"['11-24-493-03945-524790', '11-24-493-03945-524818', '11-24-493-03945-524817', '11-24-493-03945-524816']",4,,
11-24-493-03945-524797,"['11-24-493-03945-524788', '11-24-493-03945-524798']",2,,
11-24-493-03945-524798,"['11-24-493-03945-524797', '11-24-493-03945-524788']",2,"['934.0', '1639.0']",0.0
11-24-493-03945-524800,"['11-24-493-03945-524801', '11-24-493-03945-524812', '11-24-493-03945-524813', '11-24-493-03945-524814']",4,"['736.0', '3974.0', '2484.0', '925.0']",1.0
11-24-493-03945-524801,"['11-24-493-03945-524800', '11-24-493-03945-524802', '11-24-493-03945-524814', '11-24-493-03945-524812', '11-24-493-03945-524813']",5,,
11-24-493-03945-524802,"['11-24-493-03945-524803', '11-24-493-03945-524801', '11-24-493-03945-524813']",3,,
11-24-493-03945-524803,"['11-24-493-03945-524813', '11-24-493-03945-524802']",2,,
11-24-493-03945-524806,['11-24-493-03945-524807'],1,,
11-24-493-03945-524807,"['11-24-492-03941-524405', '11-24-493-03945-524806', '11-24-492-03941-524407', '11-24-492-03941-524406', '11-24-492-03941-524404']",5,"['1037.0', '3841.0', '2485.0', '5143.0', '855.0']",2.0
11-24-493-03945-524809,"['11-24-493-03945-524831', '11-24-493-03945-524830', '11-24-493-03945-524844']",3,,
11-24-493-03945-524812,"['11-24-493-03945-524825', '11-24-493-03945-524800', '11-24-493-03945-524801', '11-24-493-03945-524814', '11-24-493-03945-524829', '11-24-493-03945-524827', '11-24-493-03945-524828', '11-24-493-03945-524824', '11-24-493-03945-524813', '11-24-493-03945-524826']",10,"['606.0', '2830.0', '736.0', '925.0', '474.0', '403.0', '884.0', '728.0', '2484.0', '1419.0']",1.0
11-24-493-03945-524813,"['11-24-493-03945-524801', '11-24-493-03945-524800', '11-24-493-03945-524814', '11-24-493-03945-524802', '11-24-493-03945-524803', '11-24-493-03945-524812']",6,,
11-24-493-03945-524814,"['11-24-493-03945-524801', '11-24-493-03945-524800', '11-24-493-03945-524813', '11-24-493-03945-524812']",4,,
11-24-493-03945-524815,['11-24-493-03945-524824'],1,,
11-24-493-03945-524816,"['11-24-493-03945-524818', '11-24-493-03945-524817', '11-24-493-03945-524796']",3,,
11-24-493-03945-524817,"['11-24-493-03945-524818', '11-24-493-03945-524816', '11-24-493-03945-524796']",3,,
11-24-493-03945-524818,"['11-24-493-03945-524817', '11-24-493-03945-524816', '11-24-493-03945-524796']",3,,
11-24-493-03945-524824,"['11-24-493-03945-524825', '11-24-493-03945-524815', '11-24-493-03945-524827', '11-24-493-03945-524828', '11-24-493-03945-524812', '11-24-493-03945-524826']",6,,
11-24-493-03945-524825,"['11-24-493-03945-524827', '11-24-493-03945-524828', '11-24-493-03945-524824', '11-24-493-03945-524812', '11-24-493-03945-524826']",5,,
11-24-493-03945-524826,"['11-24-493-03945-524825', '11-24-493-03945-524827', '11-24-493-03945-524828', '11-24-493-03945-524824', '11-24-493-03945-524812']",5,,
11-24-493-03945-524827,"['11-24-493-03945-524825', '11-24-493-03945-524829', '11-24-493-03945-524828', '11-24-493-03945-524824', '11-24-493-03945-524812', '11-24-493-03945-524826']",6,,
11-24-493-03945-524828,"['11-24-493-03945-524825', '11-24-493-03945-524829', '11-24-493-03945-524827', '11-24-493-03945-524824', '11-24-493-03945-524812', '11-24-493-03945-524826']",6,,
11-24-493-03945-524829,"['11-24-493-03945-524812', '11-24-493-03945-524827', '11-24-493-03945-524828']",3,,
11-24-493-03945-524830,"['11-24-493-03945-524809', '11-24-493-03945-524831', '11-24-493-03945-524844']",3,,
11-24-493-03945-524831,"['11-24-493-03945-524809', '11-24-493-03945-524830', '11-24-493-03945-524844']",3,,
11-24-493-03945-524832,['11-24-493-03945-524844'],1,,
11-24-493-03945-524833,"['11-24-493-03945-524846', '11-24-493-03945-524844', '11-24-493-03945-524843', '11-24-493-03945-524853', '11-24-493-03945-524845']",5,,
11-24-493-03945-524834,[],0,,
11-24-493-03945-524836,"['11-24-493-03945-524838', '11-24-493-03945-524841', '11-24-493-03945-524839', '11-24-493-03945-524837', '11-24-493-03945-524842']",5,"['113.0', '890.0', '672.0', '732.0', '2514.0']",1.0
11-24-493-03945-524837,"['11-24-493-03945-524838', '11-24-493-03945-524836', '11-24-493-03945-524839', '11-24-493-03945-524841']",4,,
11-24-493-03945-524838,"['11-24-493-03945-524837', '11-24-493-03945-524836', '11-24-493-03945-524839', '11-24-493-03945-524841']",4,,
11-24-493-03945-524839,"['11-24-489-03921-522561', '11-24-489-03921-522641', '11-24-489-03921-522681', '11-24-489-03921-522598', '11-24-493-03945-524838', '11-24-489-03921-522640', '11-24-493-03945-524860', '11-24-489-03921-522600', '11-24-493-03945-524836', '11-24-489-03921-522597', '11-24-489-03921-522842', '11-24-493-03945-524841', '11-24-489-03921-522599', '11-24-493-03945-524850', '11-24-493-03945-524837', '11-24-490-03926-523162', '11-24-493-03945-524840']",17,,
11-24-493-03945-524840,"['11-24-489-03921-522561', '11-24-489-03921-522641', '11-24-489-03921-522681', '11-24-489-03921-522598', '11-24-489-03921-522640', '11-24-493-03945-524860', '11-24-489-03921-522600', '11-24-489-03921-522597', '11-24-489-03921-522842', '11-24-489-03921-522599', '11-24-493-03945-524839', '11-24-493-03945-524850', '11-24-490-03926-523162']",13,,
11-24-493-03945-524841,"['11-24-493-03945-524837', '11-24-493-03945-524838', '11-24-493-03945-524836', '11-24-493-03945-524839']",4,,
11-24-493-03945-524842,['11-24-493-03945-524836'],1,['3591.0'],1.0
11-24-493-03945-524843,"['11-24-493-03945-524833', '11-24-493-03945-524853', '11-24-493-03945-524844']",3,,
11-24-493-03945-524844,"['11-24-493-03945-524833', '11-24-493-03945-524830', '11-24-493-03945-524831', '11-24-493-03945-524809', '11-24-493-03945-524832', '11-24-493-03945-524843', '11-24-493-03945-524853']",7,"['5144.0', '2202.0', '1494.0', '838.0', '2478.0', '1806.0', '1466.0']",1.0
11-24-493-03945-524845,"['11-24-493-03945-524833', '11-24-493-03945-524846']",2,,
11-24-493-03945-524846,"['11-24-493-03945-524833', '11-24-493-03945-524845']",2,,
11-24-493-03945-524849,"['11-24-493-03945-524851', '11-24-493-03945-524850', '11-24-489-03921-522599']",3,,
11-24-493-03945-524850,"['11-24-489-03921-522561', '11-24-489-03921-522641', '11-24-489-03921-522681', '11-24-489-03921-522598', '11-24-489-03921-522640', '11-24-493-03945-524860', '11-24-489-03921-522600', '11-24-493-03945-524849', '11-24-489-03921-522597', '11-24-489-03921-522842', '11-24-493-03945-524851', '11-24-489-03921-522599', '11-24-493-03945-524839', '11-24-490-03926-523162', '11-24-493-03945-524840']",15,,
11-24-493-03945-524851,"['11-24-493-03945-524849', '11-24-493-03945-524852', '11-24-493-03945-524850', '11-24-493-03945-524859']",4,,
11-24-493-03945-524852,"['11-24-493-03945-524851', '11-24-493-03945-524859']",2,,
11-24-493-03945-524853,"['11-24-493-03945-524858', '11-24-493-03945-524843', '11-24-493-03945-524833', '11-24-493-03945-524844']",4,,
11-24-493-03945-524858,"['11-24-493-03945-524853', '11-24-493-03945-524859']",2,,
11-24-493-03945-524859,"['11-24-493-03945-524858', '11-24-493-03945-524851', '11-24-493-03945-524852']",3,,
11-24-493-03945-524860,"['11-24-489-03921-522561', '11-24-489-03921-522641', '11-24-489-03921-522681', '11-24-489-03921-522598', '11-24-489-03921-522640', '11-24-489-03921-522600', '11-24-489-03921-522597', '11-24-489-03921-522842', '11-24-489-03921-522599', '11-24-493-03945-524839', '11-24-493-03945-524850', '11-24-490-03926-523162', '11-24-493-03945-524840']",13,,
11-24-493-03945-524863,[],0,,
11-24-493-03945-802636,"['11-24-493-03945-524741', '11-24-493-03945-524742']",2,,
11-24-493-03946-524867,['11-24-492-03940-524297'],1,,
11-24-493-03946-524868,"['11-24-493-03945-524726', '11-24-493-03945-524733']",2,,
11-24-493-03946-524869,"['11-24-493-03946-524870', '11-24-493-03945-524733']",2,,
11-24-493-03946-524870,"['11-24-493-03945-524745', '11-24-493-03945-524743', '11-24-492-03940-524312', '11-24-493-03945-524733', '11-24-493-03946-524869']",5,,
11-24-493-03946-524871,['11-24-492-03940-524312'],1,,
11-24-493-03946-524874,[],0,,
11-24-493-03946-524876,['11-24-493-03946-524878'],1,,
11-24-493-03946-524878,"['11-24-493-03946-524885', '11-24-493-03946-524879', '11-24-493-03946-524876']",3,,
11-24-493-03946-524879,"['11-24-493-03946-524885', '11-24-493-03946-524878']",2,,
11-24-493-03946-524881,[],0,,
11-24-493-03946-524882,"['11-24-493-03945-524763', '11-24-493-03945-524762', '11-24-493-03946-524884']",3,,
11-24-493-03946-524883,"['11-24-493-03945-524769', '11-24-493-03945-524766', '11-24-493-03945-524768', '11-24-493-03945-524776', '11-24-493-03945-524765', '11-24-493-03945-524778', '11-24-493-03945-524762', '11-24-493-03945-524764', '11-24-493-03945-524770', '11-24-493-03945-524758', '11-24-493-03945-524767']",11,,
11-24-493-03946-524884,"['11-24-493-03946-524885', '11-24-493-03946-524882']",2,,
11-24-493-03946-524885,"['11-24-493-03946-524884', '11-24-493-03946-524879', '11-24-493-03946-524878']",3,,
11-24-493-03946-524895,['11-24-493-03945-524780'],1,,
11-24-493-03946-524901,"['11-24-492-03941-524393', '11-24-492-03941-524396', '11-24-492-03941-524382']",3,,
11-24-493-03946-524903,['11-24-493-03946-524905'],1,,
11-24-493-03946-524905,['11-24-493-03946-524903'],1,,
11-24-493-03946-524906,[],0,,
